['Alizarin_crimson_(dk)_GDS780_ASDFRa', 'https://crustal.usgs.gov/speclab/data/HTMLmetadata/Alizarin_crimson_(dk)_GDS780_ASDFRa_AREF.html', 'https://crustal.usgs.gov/speclab/data/ZIPrecords/ZIPdata_splib07a/ChapterA_ArtificialMaterials/splib07a_Alizarin_crimson_(dk)_GDS780_ASDFRa_AREF.zip']
['Aluminum_brushed_293K_ASDFRa', 'https://crustal.usgs.gov/speclab/data/HTMLmetadata/Aluminum_brushed_293K_ASDFRa_AREF.html', 'https://crustal.usgs.gov/speclab/data/ZIPrecords/ZIPdata_splib07a/ChapterA_ArtificialMaterials/splib07a_Aluminum_brushed_293K_ASDFRa_AREF.zip']
['Ammonium_Chloride_GDS77_BECKa', 'https://crustal.usgs.gov/speclab/data/HTMLmetadata/Ammonium_Chloride_GDS77_BECKa_AREF.html', 'https://crustal.usgs.gov/speclab/data/ZIPrecords/ZIPdata_splib07a/ChapterA_ArtificialMaterials/splib07a_Ammonium_Chloride_GDS77_BECKa_AREF.zip']
['Asphalt_GDS376_Blck_Road_old_ASDFRa', 'https://crustal.usgs.gov/speclab/data/HTMLmetadata/Asphalt_GDS376_Blck_Road_old_ASDFRa_AREF.html', 'https://crustal.usgs.gov/speclab/data/ZIPrecords/ZIPdata_splib07a/ChapterA_ArtificialMaterials/splib07a_Asphalt_GDS376_Blck_Road_old_ASDFRa_AREF.zip']
['Asphalt_Shingle_GDS366_Tan_ASDFRa', 'https://crustal.usgs.gov/speclab/data/HTMLmetadata/Asphalt_Shingle_GDS366_Tan_ASDFRa_AREF.html', 'https://crustal.usgs.gov/speclab/data/ZIPrecords/ZIPdata_splib07a/ChapterA_ArtificialMaterials/splib07a_Asphalt_Shingle_GDS366_Tan_ASDFRa_AREF.zip']
['Asphalt_Shingle_GDS367_DkGry_ASDFRa', 'https://crustal.usgs.gov/speclab/data/HTMLmetadata/Asphalt_Shingle_GDS367_DkGry_ASDFRa_AREF.html', 'https://crustal.usgs.gov/speclab/data/ZIPrecords/ZIPdata_splib07a/ChapterA_ArtificialMaterials/splib07a_Asphalt_Shingle_GDS367_DkGry_ASDFRa_AREF.zip']
['Asphalt_Shingle_GDS368_Lgray_ASDFRa', 'https://crustal.usgs.gov/speclab/data/HTMLmetadata/Asphalt_Shingle_GDS368_Lgray_ASDFRa_AREF.html', 'https://crustal.usgs.gov/speclab/data/ZIPrecords/ZIPdata_splib07a/ChapterA_ArtificialMaterials/splib07a_Asphalt_Shingle_GDS368_Lgray_ASDFRa_AREF.zip']
['Asphalt_Tar_GDS346_Blck_Roof_ASDFRa', 'https://crustal.usgs.gov/speclab/data/HTMLmetadata/Asphalt_Tar_GDS346_Blck_Roof_ASDFRa_AREF.html', 'https://crustal.usgs.gov/speclab/data/ZIPrecords/ZIPdata_splib07a/ChapterA_ArtificialMaterials/splib07a_Asphalt_Tar_GDS346_Blck_Roof_ASDFRa_AREF.zip']
['Bone_black_GDS808_ASDFRa', 'https://crustal.usgs.gov/speclab/data/HTMLmetadata/Bone_black_GDS808_ASDFRa_AREF.html', 'https://crustal.usgs.gov/speclab/data/ZIPrecords/ZIPdata_splib07a/ChapterA_ArtificialMaterials/splib07a_Bone_black_GDS808_ASDFRa_AREF.zip']
['Brick_GDS347_Paving_Tan_ASDFRa', 'https://crustal.usgs.gov/speclab/data/HTMLmetadata/Brick_GDS347_Paving_Tan_ASDFRa_AREF.html', 'https://crustal.usgs.gov/speclab/data/ZIPrecords/ZIPdata_splib07a/ChapterA_ArtificialMaterials/splib07a_Brick_GDS347_Paving_Tan_ASDFRa_AREF.zip']
['Brick_GDS348_Pave_DkBrwngrey_ASDFRa', 'https://crustal.usgs.gov/speclab/data/HTMLmetadata/Brick_GDS348_Pave_DkBrwngrey_ASDFRa_AREF.html', 'https://crustal.usgs.gov/speclab/data/ZIPrecords/ZIPdata_splib07a/ChapterA_ArtificialMaterials/splib07a_Brick_GDS348_Pave_DkBrwngrey_ASDFRa_AREF.zip']
['Brick_GDS349_Paving_Red_ASDFRa', 'https://crustal.usgs.gov/speclab/data/HTMLmetadata/Brick_GDS349_Paving_Red_ASDFRa_AREF.html', 'https://crustal.usgs.gov/speclab/data/ZIPrecords/ZIPdata_splib07a/ChapterA_ArtificialMaterials/splib07a_Brick_GDS349_Paving_Red_ASDFRa_AREF.zip']
['Brick_GDS350_Dk_Red_Building_ASDFRa', 'https://crustal.usgs.gov/speclab/data/HTMLmetadata/Brick_GDS350_Dk_Red_Building_ASDFRa_AREF.html', 'https://crustal.usgs.gov/speclab/data/ZIPrecords/ZIPdata_splib07a/ChapterA_ArtificialMaterials/splib07a_Brick_GDS350_Dk_Red_Building_ASDFRa_AREF.zip']
['Brick_GDS353_Building_MedRed_ASDFRa', 'https://crustal.usgs.gov/speclab/data/HTMLmetadata/Brick_GDS353_Building_MedRed_ASDFRa_AREF.html', 'https://crustal.usgs.gov/speclab/data/ZIPrecords/ZIPdata_splib07a/ChapterA_ArtificialMaterials/splib07a_Brick_GDS353_Building_MedRed_ASDFRa_AREF.zip']
['Brick_GDS354_Building_Lt_Gry_ASDFRa', 'https://crustal.usgs.gov/speclab/data/HTMLmetadata/Brick_GDS354_Building_Lt_Gry_ASDFRa_AREF.html', 'https://crustal.usgs.gov/speclab/data/ZIPrecords/ZIPdata_splib07a/ChapterA_ArtificialMaterials/splib07a_Brick_GDS354_Building_Lt_Gry_ASDFRa_AREF.zip']
['Brick_GDS355_Paving_Dk_Gry_ASDFRa', 'https://crustal.usgs.gov/speclab/data/HTMLmetadata/Brick_GDS355_Paving_Dk_Gry_ASDFRa_AREF.html', 'https://crustal.usgs.gov/speclab/data/ZIPrecords/ZIPdata_splib07a/ChapterA_ArtificialMaterials/splib07a_Brick_GDS355_Paving_Dk_Gry_ASDFRa_AREF.zip']
['Brilliant(Hansa)yellowGDS785_ASDFRa', 'https://crustal.usgs.gov/speclab/data/HTMLmetadata/Brilliant(Hansa)yellowGDS785_ASDFRa_AREF.html', 'https://crustal.usgs.gov/speclab/data/ZIPrecords/ZIPdata_splib07a/ChapterA_ArtificialMaterials/splib07a_Brilliant(Hansa)yellowGDS785_ASDFRa_AREF.zip']
['Burlap_Fabric_GDS430_Brown_ASDFRa', 'https://crustal.usgs.gov/speclab/data/HTMLmetadata/Burlap_Fabric_GDS430_Brown_ASDFRa_AREF.html', 'https://crustal.usgs.gov/speclab/data/ZIPrecords/ZIPdata_splib07a/ChapterA_ArtificialMaterials/splib07a_Burlap_Fabric_GDS430_Brown_ASDFRa_AREF.zip']
['Burnt_umber_GDS811_ASDFRa', 'https://crustal.usgs.gov/speclab/data/HTMLmetadata/Burnt_umber_GDS811_ASDFRa_AREF.html', 'https://crustal.usgs.gov/speclab/data/ZIPrecords/ZIPdata_splib07a/ChapterA_ArtificialMaterials/splib07a_Burnt_umber_GDS811_ASDFRa_AREF.zip']
['Cadmium_orange_0_GDS786_ASDFRa', 'https://crustal.usgs.gov/speclab/data/HTMLmetadata/Cadmium_orange_0_GDS786_ASDFRa_AREF.html', 'https://crustal.usgs.gov/speclab/data/ZIPrecords/ZIPdata_splib07a/ChapterA_ArtificialMaterials/splib07a_Cadmium_orange_0_GDS786_ASDFRa_AREF.zip']
['Cadmium_orange_1_(dk)_GDS781_ASDFRa', 'https://crustal.usgs.gov/speclab/data/HTMLmetadata/Cadmium_orange_1_(dk)_GDS781_ASDFRa_AREF.html', 'https://crustal.usgs.gov/speclab/data/ZIPrecords/ZIPdata_splib07a/ChapterA_ArtificialMaterials/splib07a_Cadmium_orange_1_(dk)_GDS781_ASDFRa_AREF.zip']
['Cadmium_red_2_GDS778_ASDFRa', 'https://crustal.usgs.gov/speclab/data/HTMLmetadata/Cadmium_red_2_GDS778_ASDFRa_AREF.html', 'https://crustal.usgs.gov/speclab/data/ZIPrecords/ZIPdata_splib07a/ChapterA_ArtificialMaterials/splib07a_Cadmium_red_2_GDS778_ASDFRa_AREF.zip']
['Cadmium_yellow_6_med_GDS788_ASDFRa', 'https://crustal.usgs.gov/speclab/data/HTMLmetadata/Cadmium_yellow_6_med_GDS788_ASDFRa_AREF.html', 'https://crustal.usgs.gov/speclab/data/ZIPrecords/ZIPdata_splib07a/ChapterA_ArtificialMaterials/splib07a_Cadmium_yellow_6_med_GDS788_ASDFRa_AREF.zip']
['Cardboard_GDS371_Brn_Corgted_ASDFRa', 'https://crustal.usgs.gov/speclab/data/HTMLmetadata/Cardboard_GDS371_Brn_Corgted_ASDFRa_AREF.html', 'https://crustal.usgs.gov/speclab/data/ZIPrecords/ZIPdata_splib07a/ChapterA_ArtificialMaterials/splib07a_Cardboard_GDS371_Brn_Corgted_ASDFRa_AREF.zip']
['Cedar_Shake_GDS357_Fresh_ASDFRa', 'https://crustal.usgs.gov/speclab/data/HTMLmetadata/Cedar_Shake_GDS357_Fresh_ASDFRa_AREF.html', 'https://crustal.usgs.gov/speclab/data/ZIPrecords/ZIPdata_splib07a/ChapterA_ArtificialMaterials/splib07a_Cedar_Shake_GDS357_Fresh_ASDFRa_AREF.zip']
['Cedar_Shake_GDS358_SlgWeathr_ASDFRa', 'https://crustal.usgs.gov/speclab/data/HTMLmetadata/Cedar_Shake_GDS358_SlgWeathr_ASDFRa_AREF.html', 'https://crustal.usgs.gov/speclab/data/ZIPrecords/ZIPdata_splib07a/ChapterA_ArtificialMaterials/splib07a_Cedar_Shake_GDS358_SlgWeathr_ASDFRa_AREF.zip']
['Cedar_Shake_GDS359_MedWeathr_ASDFRa', 'https://crustal.usgs.gov/speclab/data/HTMLmetadata/Cedar_Shake_GDS359_MedWeathr_ASDFRa_AREF.html', 'https://crustal.usgs.gov/speclab/data/ZIPrecords/ZIPdata_splib07a/ChapterA_ArtificialMaterials/splib07a_Cedar_Shake_GDS359_MedWeathr_ASDFRa_AREF.zip']
['Cedar_Shake_GDS360_H_Weamoss_ASDFRa', 'https://crustal.usgs.gov/speclab/data/HTMLmetadata/Cedar_Shake_GDS360_H_Weamoss_ASDFRa_AREF.html', 'https://crustal.usgs.gov/speclab/data/ZIPrecords/ZIPdata_splib07a/ChapterA_ArtificialMaterials/splib07a_Cedar_Shake_GDS360_H_Weamoss_ASDFRa_AREF.zip']
['Cedar_Shake_GDS361_HiWeather_ASDFRa', 'https://crustal.usgs.gov/speclab/data/HTMLmetadata/Cedar_Shake_GDS361_HiWeather_ASDFRa_AREF.html', 'https://crustal.usgs.gov/speclab/data/ZIPrecords/ZIPdata_splib07a/ChapterA_ArtificialMaterials/splib07a_Cedar_Shake_GDS361_HiWeather_ASDFRa_AREF.zip']
['Cerium_Oxide_5-9s_SPEX_11781_ASDFRa', 'https://crustal.usgs.gov/speclab/data/HTMLmetadata/Cerium_Oxide_5-9s_SPEX_11781_ASDFRa_AREF.html', 'https://crustal.usgs.gov/speclab/data/ZIPrecords/ZIPdata_splib07a/ChapterA_ArtificialMaterials/splib07a_Cerium_Oxide_5-9s_SPEX_11781_ASDFRa_AREF.zip']
['Cerulean_blue_GDS797_ASDFRa', 'https://crustal.usgs.gov/speclab/data/HTMLmetadata/Cerulean_blue_GDS797_ASDFRa_AREF.html', 'https://crustal.usgs.gov/speclab/data/ZIPrecords/ZIPdata_splib07a/ChapterA_ArtificialMaterials/splib07a_Cerulean_blue_GDS797_ASDFRa_AREF.zip']
['Cinder_Block_GDS356_Lg_Grey_ASDFRa', 'https://crustal.usgs.gov/speclab/data/HTMLmetadata/Cinder_Block_GDS356_Lg_Grey_ASDFRa_AREF.html', 'https://crustal.usgs.gov/speclab/data/ZIPrecords/ZIPdata_splib07a/ChapterA_ArtificialMaterials/splib07a_Cinder_Block_GDS356_Lg_Grey_ASDFRa_AREF.zip']
['Coated_Steel_Girder_WTC01-8_ASDFRa', 'https://crustal.usgs.gov/speclab/data/HTMLmetadata/Coated_Steel_Girder_WTC01-8_ASDFRa_AREF.html', 'https://crustal.usgs.gov/speclab/data/ZIPrecords/ZIPdata_splib07a/ChapterA_ArtificialMaterials/splib07a_Coated_Steel_Girder_WTC01-8_ASDFRa_AREF.zip']
['Cobalt_blue_GDS790_ASDFRa', 'https://crustal.usgs.gov/speclab/data/HTMLmetadata/Cobalt_blue_GDS790_ASDFRa_AREF.html', 'https://crustal.usgs.gov/speclab/data/ZIPrecords/ZIPdata_splib07a/ChapterA_ArtificialMaterials/splib07a_Cobalt_blue_GDS790_ASDFRa_AREF.zip']
['Cobalt_green_GDS816_ASDFRa', 'https://crustal.usgs.gov/speclab/data/HTMLmetadata/Cobalt_green_GDS816_ASDFRa_AREF.html', 'https://crustal.usgs.gov/speclab/data/ZIPrecords/ZIPdata_splib07a/ChapterA_ArtificialMaterials/splib07a_Cobalt_green_GDS816_ASDFRa_AREF.zip']
['Cobalt_violet_GDS803_ASDFRa', 'https://crustal.usgs.gov/speclab/data/HTMLmetadata/Cobalt_violet_GDS803_ASDFRa_AREF.html', 'https://crustal.usgs.gov/speclab/data/ZIPrecords/ZIPdata_splib07a/ChapterA_ArtificialMaterials/splib07a_Cobalt_violet_GDS803_ASDFRa_AREF.zip']
['Concrete_GDS375_Lt_Gry_Road_ASDFRa', 'https://crustal.usgs.gov/speclab/data/HTMLmetadata/Concrete_GDS375_Lt_Gry_Road_ASDFRa_AREF.html', 'https://crustal.usgs.gov/speclab/data/ZIPrecords/ZIPdata_splib07a/ChapterA_ArtificialMaterials/splib07a_Concrete_GDS375_Lt_Gry_Road_ASDFRa_AREF.zip']
['Concrete_WTC01-37A_ASDFRa', 'https://crustal.usgs.gov/speclab/data/HTMLmetadata/Concrete_WTC01-37A_ASDFRa_AREF.html', 'https://crustal.usgs.gov/speclab/data/ZIPrecords/ZIPdata_splib07a/ChapterA_ArtificialMaterials/splib07a_Concrete_WTC01-37A_ASDFRa_AREF.zip']
['Cotton_Fabric_GDS437_White_ASDFRa', 'https://crustal.usgs.gov/speclab/data/HTMLmetadata/Cotton_Fabric_GDS437_White_ASDFRa_AREF.html', 'https://crustal.usgs.gov/speclab/data/ZIPrecords/ZIPdata_splib07a/ChapterA_ArtificialMaterials/splib07a_Cotton_Fabric_GDS437_White_ASDFRa_AREF.zip']
['Cyanide_Cadmium_Potassium_BECKa', 'https://crustal.usgs.gov/speclab/data/HTMLmetadata/Cyanide_Cadmium_Potassium_BECKa_AREF.html', 'https://crustal.usgs.gov/speclab/data/ZIPrecords/ZIPdata_splib07a/ChapterA_ArtificialMaterials/splib07a_Cyanide_Cadmium_Potassium_BECKa_AREF.zip']
['Cyanide_Cadmium_Potassium_NIC4a_RREF', 'https://crustal.usgs.gov/speclab/data/HTMLmetadata/Cyanide_Cadmium_Potassium_NIC4a_RREF.html', 'https://crustal.usgs.gov/speclab/data/ZIPrecords/ZIPdata_splib07a/ChapterA_ArtificialMaterials/splib07a_Cyanide_Cadmium_Potassium_NIC4a_RREF.zip']
['Cyanide_Nickel_Potassium_BECKa', 'https://crustal.usgs.gov/speclab/data/HTMLmetadata/Cyanide_Nickel_Potassium_BECKa_AREF.html', 'https://crustal.usgs.gov/speclab/data/ZIPrecords/ZIPdata_splib07a/ChapterA_ArtificialMaterials/splib07a_Cyanide_Nickel_Potassium_BECKa_AREF.zip']
['Cyanide_Nickel_Potassium_NIC4a_RREF', 'https://crustal.usgs.gov/speclab/data/HTMLmetadata/Cyanide_Nickel_Potassium_NIC4a_RREF.html', 'https://crustal.usgs.gov/speclab/data/ZIPrecords/ZIPdata_splib07a/ChapterA_ArtificialMaterials/splib07a_Cyanide_Nickel_Potassium_NIC4a_RREF.zip']
['Cyanide_Potassium_Ferro_BECKa', 'https://crustal.usgs.gov/speclab/data/HTMLmetadata/Cyanide_Potassium_Ferro_BECKa_AREF.html', 'https://crustal.usgs.gov/speclab/data/ZIPrecords/ZIPdata_splib07a/ChapterA_ArtificialMaterials/splib07a_Cyanide_Potassium_Ferro_BECKa_AREF.zip']
['Cyanide_Trihydrate_CT1_BECKa', 'https://crustal.usgs.gov/speclab/data/HTMLmetadata/Cyanide_Trihydrate_CT1_BECKa_AREF.html', 'https://crustal.usgs.gov/speclab/data/ZIPrecords/ZIPdata_splib07a/ChapterA_ArtificialMaterials/splib07a_Cyanide_Trihydrate_CT1_BECKa_AREF.zip']
['Cyanide_Zinc_Potassium_BECKa', 'https://crustal.usgs.gov/speclab/data/HTMLmetadata/Cyanide_Zinc_Potassium_BECKa_AREF.html', 'https://crustal.usgs.gov/speclab/data/ZIPrecords/ZIPdata_splib07a/ChapterA_ArtificialMaterials/splib07a_Cyanide_Zinc_Potassium_BECKa_AREF.zip']
['Cyanide_Zinc_Potassium_NIC4a_RREF', 'https://crustal.usgs.gov/speclab/data/HTMLmetadata/Cyanide_Zinc_Potassium_NIC4a_RREF.html', 'https://crustal.usgs.gov/speclab/data/ZIPrecords/ZIPdata_splib07a/ChapterA_ArtificialMaterials/splib07a_Cyanide_Zinc_Potassium_NIC4a_RREF.zip']
['Dysprosium_Oxide_JMC315_ASDFRa', 'https://crustal.usgs.gov/speclab/data/HTMLmetadata/Dysprosium_Oxide_JMC315_ASDFRa_AREF.html', 'https://crustal.usgs.gov/speclab/data/ZIPrecords/ZIPdata_splib07a/ChapterA_ArtificialMaterials/splib07a_Dysprosium_Oxide_JMC315_ASDFRa_AREF.zip']
['Erbium_Oxide_J.M._317_ASDFRa', 'https://crustal.usgs.gov/speclab/data/HTMLmetadata/Erbium_Oxide_J.M._317_ASDFRa_AREF.html', 'https://crustal.usgs.gov/speclab/data/ZIPrecords/ZIPdata_splib07a/ChapterA_ArtificialMaterials/splib07a_Erbium_Oxide_J.M._317_ASDFRa_AREF.zip']
['Europium_Oxide_A-4_SPEX_ASDFRa', 'https://crustal.usgs.gov/speclab/data/HTMLmetadata/Europium_Oxide_A-4_SPEX_ASDFRa_AREF.html', 'https://crustal.usgs.gov/speclab/data/ZIPrecords/ZIPdata_splib07a/ChapterA_ArtificialMaterials/splib07a_Europium_Oxide_A-4_SPEX_ASDFRa_AREF.zip']
['Europium_Oxide_GDS33C_ASDFRc', 'https://crustal.usgs.gov/speclab/data/HTMLmetadata/Europium_Oxide_GDS33C_ASDFRc_AREF.html', 'https://crustal.usgs.gov/speclab/data/ZIPrecords/ZIPdata_splib07a/ChapterA_ArtificialMaterials/splib07a_Europium_Oxide_GDS33C_ASDFRc_AREF.zip']
['Europium_Oxide_GDS33_BECKc', 'https://crustal.usgs.gov/speclab/data/HTMLmetadata/Europium_Oxide_GDS33_BECKc_AREF.html', 'https://crustal.usgs.gov/speclab/data/ZIPrecords/ZIPdata_splib07a/ChapterA_ArtificialMaterials/splib07a_Europium_Oxide_GDS33_BECKc_AREF.zip']
['Fiberglass_GDS335_Wh_Roofing_ASDFRa', 'https://crustal.usgs.gov/speclab/data/HTMLmetadata/Fiberglass_GDS335_Wh_Roofing_ASDFRa_AREF.html', 'https://crustal.usgs.gov/speclab/data/ZIPrecords/ZIPdata_splib07a/ChapterA_ArtificialMaterials/splib07a_Fiberglass_GDS335_Wh_Roofing_ASDFRa_AREF.zip']
['Fiberglass_GDS336_Grn_Roofng_ASDFRa', 'https://crustal.usgs.gov/speclab/data/HTMLmetadata/Fiberglass_GDS336_Grn_Roofng_ASDFRa_AREF.html', 'https://crustal.usgs.gov/speclab/data/ZIPrecords/ZIPdata_splib07a/ChapterA_ArtificialMaterials/splib07a_Fiberglass_GDS336_Grn_Roofng_ASDFRa_AREF.zip']
['Fiberglass_GDS337_Grn_Roofng_ASDFRa', 'https://crustal.usgs.gov/speclab/data/HTMLmetadata/Fiberglass_GDS337_Grn_Roofng_ASDFRa_AREF.html', 'https://crustal.usgs.gov/speclab/data/ZIPrecords/ZIPdata_splib07a/ChapterA_ArtificialMaterials/splib07a_Fiberglass_GDS337_Grn_Roofng_ASDFRa_AREF.zip']
['Fiberglass_GDS374_Pnk_Insul_ASDFRa', 'https://crustal.usgs.gov/speclab/data/HTMLmetadata/Fiberglass_GDS374_Pnk_Insul_ASDFRa_AREF.html', 'https://crustal.usgs.gov/speclab/data/ZIPrecords/ZIPdata_splib07a/ChapterA_ArtificialMaterials/splib07a_Fiberglass_GDS374_Pnk_Insul_ASDFRa_AREF.zip']
['Fiberglass_GDS399_Clear_Roof_ASDFRa', 'https://crustal.usgs.gov/speclab/data/HTMLmetadata/Fiberglass_GDS399_Clear_Roof_ASDFRa_AREF.html', 'https://crustal.usgs.gov/speclab/data/ZIPrecords/ZIPdata_splib07a/ChapterA_ArtificialMaterials/splib07a_Fiberglass_GDS399_Clear_Roof_ASDFRa_AREF.zip']
['Gadolinium_Nitrate_Hydrate_ASDFRa', 'https://crustal.usgs.gov/speclab/data/HTMLmetadata/Gadolinium_Nitrate_Hydrate_ASDFRa_AREF.html', 'https://crustal.usgs.gov/speclab/data/ZIPrecords/ZIPdata_splib07a/ChapterA_ArtificialMaterials/splib07a_Gadolinium_Nitrate_Hydrate_ASDFRa_AREF.zip']
['Gadolinium_Oxide_A-5_SPEX_ASDFRc', 'https://crustal.usgs.gov/speclab/data/HTMLmetadata/Gadolinium_Oxide_A-5_SPEX_ASDFRc_AREF.html', 'https://crustal.usgs.gov/speclab/data/ZIPrecords/ZIPdata_splib07a/ChapterA_ArtificialMaterials/splib07a_Gadolinium_Oxide_A-5_SPEX_ASDFRc_AREF.zip']
['Gadolinium_Oxide_JMC313_ASDFRc', 'https://crustal.usgs.gov/speclab/data/HTMLmetadata/Gadolinium_Oxide_JMC313_ASDFRc_AREF.html', 'https://crustal.usgs.gov/speclab/data/ZIPrecords/ZIPdata_splib07a/ChapterA_ArtificialMaterials/splib07a_Gadolinium_Oxide_JMC313_ASDFRc_AREF.zip']
['GalvanizedSheetMetal_GDS334_ASDFRa', 'https://crustal.usgs.gov/speclab/data/HTMLmetadata/GalvanizedSheetMetal_GDS334_ASDFRa_AREF.html', 'https://crustal.usgs.gov/speclab/data/ZIPrecords/ZIPdata_splib07a/ChapterA_ArtificialMaterials/splib07a_GalvanizedSheetMetal_GDS334_ASDFRa_AREF.zip']
['Green_Slime_SM93-14A_Summitv_BECKa', 'https://crustal.usgs.gov/speclab/data/HTMLmetadata/Green_Slime_SM93-14A_Summitv_BECKa_AREF.html', 'https://crustal.usgs.gov/speclab/data/ZIPrecords/ZIPdata_splib07a/ChapterA_ArtificialMaterials/splib07a_Green_Slime_SM93-14A_Summitv_BECKa_AREF.zip']
['Holmium_Oxide_11281_ASDFRa', 'https://crustal.usgs.gov/speclab/data/HTMLmetadata/Holmium_Oxide_11281_ASDFRa_AREF.html', 'https://crustal.usgs.gov/speclab/data/ZIPrecords/ZIPdata_splib07a/ChapterA_ArtificialMaterials/splib07a_Holmium_Oxide_11281_ASDFRa_AREF.zip']
['IronPowder_SA-209309_325mesh_ASDFRa', 'https://crustal.usgs.gov/speclab/data/HTMLmetadata/IronPowder_SA-209309_325mesh_ASDFRa_AREF.html', 'https://crustal.usgs.gov/speclab/data/ZIPrecords/ZIPdata_splib07a/ChapterA_ArtificialMaterials/splib07a_IronPowder_SA-209309_325mesh_ASDFRa_AREF.zip']
['Iron_Oxide_SA-480665_gamma_ASDHRa', 'https://crustal.usgs.gov/speclab/data/HTMLmetadata/Iron_Oxide_SA-480665_gamma_ASDHRa_AREF.html', 'https://crustal.usgs.gov/speclab/data/ZIPrecords/ZIPdata_splib07a/ChapterA_ArtificialMaterials/splib07a_Iron_Oxide_SA-480665_gamma_ASDHRa_AREF.zip']
['Iron_Powder_SA-267953_lt10_um_ASDHRa', 'https://crustal.usgs.gov/speclab/data/HTMLmetadata/Iron_Powder_SA-267953_lt10_um_ASDHRa_AREF.html', 'https://crustal.usgs.gov/speclab/data/ZIPrecords/ZIPdata_splib07a/ChapterA_ArtificialMaterials/splib07a_Iron_Powder_SA-267953_lt10_um_ASDHRa_AREF.zip']
['Iron_Sulfide_Cerac-I-1047_ASDHRa', 'https://crustal.usgs.gov/speclab/data/HTMLmetadata/Iron_Sulfide_Cerac-I-1047_ASDHRa_AREF.html', 'https://crustal.usgs.gov/speclab/data/ZIPrecords/ZIPdata_splib07a/ChapterA_ArtificialMaterials/splib07a_Iron_Sulfide_Cerac-I-1047_ASDHRa_AREF.zip']
['Iron_oxide_%234820_GDS782_ASDFRa', 'https://crustal.usgs.gov/speclab/data/HTMLmetadata/Iron_oxide_%234820_GDS782_ASDFRa_AREF.html', 'https://crustal.usgs.gov/speclab/data/ZIPrecords/ZIPdata_splib07a/ChapterA_ArtificialMaterials/splib07a_Iron_oxide_%234820_GDS782_ASDFRa_AREF.zip']
['Iron_oxide_GDS810_(Mars)_blk_ASDFRa', 'https://crustal.usgs.gov/speclab/data/HTMLmetadata/Iron_oxide_GDS810_(Mars)_blk_ASDFRa_AREF.html', 'https://crustal.usgs.gov/speclab/data/ZIPrecords/ZIPdata_splib07a/ChapterA_ArtificialMaterials/splib07a_Iron_oxide_GDS810_(Mars)_blk_ASDFRa_AREF.zip']
['Italian_burnt_sienna_GDS812_ASDFRa', 'https://crustal.usgs.gov/speclab/data/HTMLmetadata/Italian_burnt_sienna_GDS812_ASDFRa_AREF.html', 'https://crustal.usgs.gov/speclab/data/ZIPrecords/ZIPdata_splib07a/ChapterA_ArtificialMaterials/splib07a_Italian_burnt_sienna_GDS812_ASDFRa_AREF.zip']
['Italian_nat_sienna_GDS805_ASDFRa', 'https://crustal.usgs.gov/speclab/data/HTMLmetadata/Italian_nat_sienna_GDS805_ASDFRa_AREF.html', 'https://crustal.usgs.gov/speclab/data/ZIPrecords/ZIPdata_splib07a/ChapterA_ArtificialMaterials/splib07a_Italian_nat_sienna_GDS805_ASDFRa_AREF.zip']
['Kerogen_BK-Cornell_BECKa', 'https://crustal.usgs.gov/speclab/data/HTMLmetadata/Kerogen_BK-Cornell_BECKa_AREF.html', 'https://crustal.usgs.gov/speclab/data/ZIPrecords/ZIPdata_splib07a/ChapterA_ArtificialMaterials/splib07a_Kerogen_BK-Cornell_BECKa_AREF.zip']
['Lanthanum_Oxide_1271_SPEX_ASDFRa', 'https://crustal.usgs.gov/speclab/data/HTMLmetadata/Lanthanum_Oxide_1271_SPEX_ASDFRa_AREF.html', 'https://crustal.usgs.gov/speclab/data/ZIPrecords/ZIPdata_splib07a/ChapterA_ArtificialMaterials/splib07a_Lanthanum_Oxide_1271_SPEX_ASDFRa_AREF.zip']
['Lazurite_GDS792_RussianPrem_ASDFRa', 'https://crustal.usgs.gov/speclab/data/HTMLmetadata/Lazurite_GDS792_RussianPrem_ASDFRa_AREF.html', 'https://crustal.usgs.gov/speclab/data/ZIPrecords/ZIPdata_splib07a/ChapterA_ArtificialMaterials/splib07a_Lazurite_GDS792_RussianPrem_ASDFRa_AREF.zip']
['Lead-tin_yellow_GDS793_ASDFRa', 'https://crustal.usgs.gov/speclab/data/HTMLmetadata/Lead-tin_yellow_GDS793_ASDFRa_AREF.html', 'https://crustal.usgs.gov/speclab/data/ZIPrecords/ZIPdata_splib07a/ChapterA_ArtificialMaterials/splib07a_Lead-tin_yellow_GDS793_ASDFRa_AREF.zip']
['Lead_White_GDS796_ASDFRa', 'https://crustal.usgs.gov/speclab/data/HTMLmetadata/Lead_White_GDS796_ASDFRa_AREF.html', 'https://crustal.usgs.gov/speclab/data/ZIPrecords/ZIPdata_splib07a/ChapterA_ArtificialMaterials/splib07a_Lead_White_GDS796_ASDFRa_AREF.zip']
['Lutetium_Oxide_LU60-2_SPEX_ASDFRa', 'https://crustal.usgs.gov/speclab/data/HTMLmetadata/Lutetium_Oxide_LU60-2_SPEX_ASDFRa_AREF.html', 'https://crustal.usgs.gov/speclab/data/ZIPrecords/ZIPdata_splib07a/ChapterA_ArtificialMaterials/splib07a_Lutetium_Oxide_LU60-2_SPEX_ASDFRa_AREF.zip']
['Malachite_GDS801_synthetic_ASDFRa', 'https://crustal.usgs.gov/speclab/data/HTMLmetadata/Malachite_GDS801_synthetic_ASDFRa_AREF.html', 'https://crustal.usgs.gov/speclab/data/ZIPrecords/ZIPdata_splib07a/ChapterA_ArtificialMaterials/splib07a_Malachite_GDS801_synthetic_ASDFRa_AREF.zip']
['Manganese_violet_GDS804_ASDFRa', 'https://crustal.usgs.gov/speclab/data/HTMLmetadata/Manganese_violet_GDS804_ASDFRa_AREF.html', 'https://crustal.usgs.gov/speclab/data/ZIPrecords/ZIPdata_splib07a/ChapterA_ArtificialMaterials/splib07a_Manganese_violet_GDS804_ASDFRa_AREF.zip']
['Montmorill+Benzene_SWy_1ml_BECKa', 'https://crustal.usgs.gov/speclab/data/HTMLmetadata/Montmorill+Benzene_SWy_1ml_BECKa_AREF.html', 'https://crustal.usgs.gov/speclab/data/ZIPrecords/ZIPdata_splib07a/ChapterA_ArtificialMaterials/splib07a_Montmorill+Benzene_SWy_1ml_BECKa_AREF.zip']
['Montmorill+TCE_SWy_saturated_BECKa', 'https://crustal.usgs.gov/speclab/data/HTMLmetadata/Montmorill+TCE_SWy_saturated_BECKa_AREF.html', 'https://crustal.usgs.gov/speclab/data/ZIPrecords/ZIPdata_splib07a/ChapterA_ArtificialMaterials/splib07a_Montmorill+TCE_SWy_saturated_BECKa_AREF.zip']
['Montmorill+Toluene_SWy_.5ml_BECKa', 'https://crustal.usgs.gov/speclab/data/HTMLmetadata/Montmorill+Toluene_SWy_.5ml_BECKa_AREF.html', 'https://crustal.usgs.gov/speclab/data/ZIPrecords/ZIPdata_splib07a/ChapterA_ArtificialMaterials/splib07a_Montmorill+Toluene_SWy_.5ml_BECKa_AREF.zip']
['Montmorill+Trichlor_SWy_1ml_BECKa', 'https://crustal.usgs.gov/speclab/data/HTMLmetadata/Montmorill+Trichlor_SWy_1ml_BECKa_AREF.html', 'https://crustal.usgs.gov/speclab/data/ZIPrecords/ZIPdata_splib07a/ChapterA_ArtificialMaterials/splib07a_Montmorill+Trichlor_SWy_1ml_BECKa_AREF.zip']
['Montmorill+Unleaded_Gas_SWy_BECKa', 'https://crustal.usgs.gov/speclab/data/HTMLmetadata/Montmorill+Unleaded_Gas_SWy_BECKa_AREF.html', 'https://crustal.usgs.gov/speclab/data/ZIPrecords/ZIPdata_splib07a/ChapterA_ArtificialMaterials/splib07a_Montmorill+Unleaded_Gas_SWy_BECKa_AREF.zip']
['Mylar_1-way_trans_RefStd_NIC4aa_TRAN', 'https://crustal.usgs.gov/speclab/data/HTMLmetadata/Mylar_1-way_trans_RefStd_NIC4aa_TRAN.html', 'https://crustal.usgs.gov/speclab/data/ZIPrecords/ZIPdata_splib07a/ChapterA_ArtificialMaterials/splib07a_Mylar_1-way_trans_RefStd_NIC4aa_TRAN.zip']
['Naples_yellow_GDS787_ASDFRa', 'https://crustal.usgs.gov/speclab/data/HTMLmetadata/Naples_yellow_GDS787_ASDFRa_AREF.html', 'https://crustal.usgs.gov/speclab/data/ZIPrecords/ZIPdata_splib07a/ChapterA_ArtificialMaterials/splib07a_Naples_yellow_GDS787_ASDFRa_AREF.zip']
['Nat.Madder_Lake_Albas_GDS784_ASDFRa', 'https://crustal.usgs.gov/speclab/data/HTMLmetadata/Nat.Madder_Lake_Albas_GDS784_ASDFRa_AREF.html', 'https://crustal.usgs.gov/speclab/data/ZIPrecords/ZIPdata_splib07a/ChapterA_ArtificialMaterials/splib07a_Nat.Madder_Lake_Albas_GDS784_ASDFRa_AREF.zip']
['Natural_umber_GDS809_(raw)_ASDFRa', 'https://crustal.usgs.gov/speclab/data/HTMLmetadata/Natural_umber_GDS809_(raw)_ASDFRa_AREF.html', 'https://crustal.usgs.gov/speclab/data/ZIPrecords/ZIPdata_splib07a/ChapterA_ArtificialMaterials/splib07a_Natural_umber_GDS809_(raw)_ASDFRa_AREF.zip']
['Neodymium_Oxide_GDS34B_ASDFRa', 'https://crustal.usgs.gov/speclab/data/HTMLmetadata/Neodymium_Oxide_GDS34B_ASDFRa_AREF.html', 'https://crustal.usgs.gov/speclab/data/ZIPrecords/ZIPdata_splib07a/ChapterA_ArtificialMaterials/splib07a_Neodymium_Oxide_GDS34B_ASDFRa_AREF.zip']
['Neodymium_Oxide_GDS34_BECKa', 'https://crustal.usgs.gov/speclab/data/HTMLmetadata/Neodymium_Oxide_GDS34_BECKa_AREF.html', 'https://crustal.usgs.gov/speclab/data/ZIPrecords/ZIPdata_splib07a/ChapterA_ArtificialMaterials/splib07a_Neodymium_Oxide_GDS34_BECKa_AREF.zip']
['Neodymium_Oxide_GDS34_NIC4aa_RREF', 'https://crustal.usgs.gov/speclab/data/HTMLmetadata/Neodymium_Oxide_GDS34_NIC4aa_RREF.html', 'https://crustal.usgs.gov/speclab/data/ZIPrecords/ZIPdata_splib07a/ChapterA_ArtificialMaterials/splib07a_Neodymium_Oxide_GDS34_NIC4aa_RREF.zip']
['Neodymium_Oxide_ND64-1_SPEX_ASDFRa', 'https://crustal.usgs.gov/speclab/data/HTMLmetadata/Neodymium_Oxide_ND64-1_SPEX_ASDFRa_AREF.html', 'https://crustal.usgs.gov/speclab/data/ZIPrecords/ZIPdata_splib07a/ChapterA_ArtificialMaterials/splib07a_Neodymium_Oxide_ND64-1_SPEX_ASDFRa_AREF.zip']
['Nickel_Powder_SA-268283_lt1um_ASDFRa', 'https://crustal.usgs.gov/speclab/data/HTMLmetadata/Nickel_Powder_SA-268283_lt1um_ASDFRa_AREF.html', 'https://crustal.usgs.gov/speclab/data/ZIPrecords/ZIPdata_splib07a/ChapterA_ArtificialMaterials/splib07a_Nickel_Powder_SA-268283_lt1um_ASDFRa_AREF.zip']
['Nickel_Powder_SA-577995_nano_ASDFRa', 'https://crustal.usgs.gov/speclab/data/HTMLmetadata/Nickel_Powder_SA-577995_nano_ASDFRa_AREF.html', 'https://crustal.usgs.gov/speclab/data/ZIPrecords/ZIPdata_splib07a/ChapterA_ArtificialMaterials/splib07a_Nickel_Powder_SA-577995_nano_ASDFRa_AREF.zip']
['Nylon_Carpet_GDS535_LtBrown_ASDFRa', 'https://crustal.usgs.gov/speclab/data/HTMLmetadata/Nylon_Carpet_GDS535_LtBrown_ASDFRa_AREF.html', 'https://crustal.usgs.gov/speclab/data/ZIPrecords/ZIPdata_splib07a/ChapterA_ArtificialMaterials/splib07a_Nylon_Carpet_GDS535_LtBrown_ASDFRa_AREF.zip']
['Nylon_Carpet_GDS536_Gry_Pile_ASDFRa', 'https://crustal.usgs.gov/speclab/data/HTMLmetadata/Nylon_Carpet_GDS536_Gry_Pile_ASDFRa_AREF.html', 'https://crustal.usgs.gov/speclab/data/ZIPrecords/ZIPdata_splib07a/ChapterA_ArtificialMaterials/splib07a_Nylon_Carpet_GDS536_Gry_Pile_ASDFRa_AREF.zip']
['Nylon_Fabric_GDS431_Red_RpSt_ASDFRa', 'https://crustal.usgs.gov/speclab/data/HTMLmetadata/Nylon_Fabric_GDS431_Red_RpSt_ASDFRa_AREF.html', 'https://crustal.usgs.gov/speclab/data/ZIPrecords/ZIPdata_splib07a/ChapterA_ArtificialMaterials/splib07a_Nylon_Fabric_GDS431_Red_RpSt_ASDFRa_AREF.zip']
['Nylon_Fabric_GDS432_Grn_RpSt_ASDFRa', 'https://crustal.usgs.gov/speclab/data/HTMLmetadata/Nylon_Fabric_GDS432_Grn_RpSt_ASDFRa_AREF.html', 'https://crustal.usgs.gov/speclab/data/ZIPrecords/ZIPdata_splib07a/ChapterA_ArtificialMaterials/splib07a_Nylon_Fabric_GDS432_Grn_RpSt_ASDFRa_AREF.zip']
['Nylon_Fabric_GDS433_Blu_RpSt_ASDFRa', 'https://crustal.usgs.gov/speclab/data/HTMLmetadata/Nylon_Fabric_GDS433_Blu_RpSt_ASDFRa_AREF.html', 'https://crustal.usgs.gov/speclab/data/ZIPrecords/ZIPdata_splib07a/ChapterA_ArtificialMaterials/splib07a_Nylon_Fabric_GDS433_Blu_RpSt_ASDFRa_AREF.zip']
['Nylon_Fabric_GDS436_BlkCoatd_ASDFRa', 'https://crustal.usgs.gov/speclab/data/HTMLmetadata/Nylon_Fabric_GDS436_BlkCoatd_ASDFRa_AREF.html', 'https://crustal.usgs.gov/speclab/data/ZIPrecords/ZIPdata_splib07a/ChapterA_ArtificialMaterials/splib07a_Nylon_Fabric_GDS436_BlkCoatd_ASDFRa_AREF.zip']
['Nylon_Webbing_GDS428_OlvDrab_ASDFRa', 'https://crustal.usgs.gov/speclab/data/HTMLmetadata/Nylon_Webbing_GDS428_OlvDrab_ASDFRa_AREF.html', 'https://crustal.usgs.gov/speclab/data/ZIPrecords/ZIPdata_splib07a/ChapterA_ArtificialMaterials/splib07a_Nylon_Webbing_GDS428_OlvDrab_ASDFRa_AREF.zip']
['Nylon_Webbing_GDS438_Flr_Yel_ASDFRa', 'https://crustal.usgs.gov/speclab/data/HTMLmetadata/Nylon_Webbing_GDS438_Flr_Yel_ASDFRa_AREF.html', 'https://crustal.usgs.gov/speclab/data/ZIPrecords/ZIPdata_splib07a/ChapterA_ArtificialMaterials/splib07a_Nylon_Webbing_GDS438_Flr_Yel_ASDFRa_AREF.zip']
['Oil01_Water99_DWH10-3_28mm_ASDHRb', 'https://crustal.usgs.gov/speclab/data/HTMLmetadata/Oil01_Water99_DWH10-3_28mm_ASDHRb_AREF.html', 'https://crustal.usgs.gov/speclab/data/ZIPrecords/ZIPdata_splib07a/ChapterA_ArtificialMaterials/splib07a_Oil01_Water99_DWH10-3_28mm_ASDHRb_AREF.zip']
['Oil01_Water99_DWH10-3_foam_ASDHRb', 'https://crustal.usgs.gov/speclab/data/HTMLmetadata/Oil01_Water99_DWH10-3_foam_ASDHRb_AREF.html', 'https://crustal.usgs.gov/speclab/data/ZIPrecords/ZIPdata_splib07a/ChapterA_ArtificialMaterials/splib07a_Oil01_Water99_DWH10-3_foam_ASDHRb_AREF.zip']
['Oil23_Water77_DWH10-3_.025mm_ASDHRa', 'https://crustal.usgs.gov/speclab/data/HTMLmetadata/Oil23_Water77_DWH10-3_.025mm_ASDHRa_AREF.html', 'https://crustal.usgs.gov/speclab/data/ZIPrecords/ZIPdata_splib07a/ChapterA_ArtificialMaterials/splib07a_Oil23_Water77_DWH10-3_.025mm_ASDHRa_AREF.zip']
['Oil23_Water77_DWH10-3_0.05mm_ASDHRa', 'https://crustal.usgs.gov/speclab/data/HTMLmetadata/Oil23_Water77_DWH10-3_0.05mm_ASDHRa_AREF.html', 'https://crustal.usgs.gov/speclab/data/ZIPrecords/ZIPdata_splib07a/ChapterA_ArtificialMaterials/splib07a_Oil23_Water77_DWH10-3_0.05mm_ASDHRa_AREF.zip']
['Oil23_Water77_DWH10-3_0.1_mm_ASDHRa', 'https://crustal.usgs.gov/speclab/data/HTMLmetadata/Oil23_Water77_DWH10-3_0.1_mm_ASDHRa_AREF.html', 'https://crustal.usgs.gov/speclab/data/ZIPrecords/ZIPdata_splib07a/ChapterA_ArtificialMaterials/splib07a_Oil23_Water77_DWH10-3_0.1_mm_ASDHRa_AREF.zip']
['Oil23_Water77_DWH10-3_0.5_mm_ASDHRa', 'https://crustal.usgs.gov/speclab/data/HTMLmetadata/Oil23_Water77_DWH10-3_0.5_mm_ASDHRa_AREF.html', 'https://crustal.usgs.gov/speclab/data/ZIPrecords/ZIPdata_splib07a/ChapterA_ArtificialMaterials/splib07a_Oil23_Water77_DWH10-3_0.5_mm_ASDHRa_AREF.zip']
['Oil23_Water77_DWH10-3_1.85mm_ASDHRa', 'https://crustal.usgs.gov/speclab/data/HTMLmetadata/Oil23_Water77_DWH10-3_1.85mm_ASDHRa_AREF.html', 'https://crustal.usgs.gov/speclab/data/ZIPrecords/ZIPdata_splib07a/ChapterA_ArtificialMaterials/splib07a_Oil23_Water77_DWH10-3_1.85mm_ASDHRa_AREF.zip']
['Oil23_Water77_DWH10-3_4_mm_ASDHRa', 'https://crustal.usgs.gov/speclab/data/HTMLmetadata/Oil23_Water77_DWH10-3_4_mm_ASDHRa_AREF.html', 'https://crustal.usgs.gov/speclab/data/ZIPrecords/ZIPdata_splib07a/ChapterA_ArtificialMaterials/splib07a_Oil23_Water77_DWH10-3_4_mm_ASDHRa_AREF.zip']
['Oil23_Water77_DWH10-3_8_mm_ASDHRa', 'https://crustal.usgs.gov/speclab/data/HTMLmetadata/Oil23_Water77_DWH10-3_8_mm_ASDHRa_AREF.html', 'https://crustal.usgs.gov/speclab/data/ZIPrecords/ZIPdata_splib07a/ChapterA_ArtificialMaterials/splib07a_Oil23_Water77_DWH10-3_8_mm_ASDHRa_AREF.zip']
['Oil40_Water60_DWH10-3_0.05mm_ASDHRa', 'https://crustal.usgs.gov/speclab/data/HTMLmetadata/Oil40_Water60_DWH10-3_0.05mm_ASDHRa_AREF.html', 'https://crustal.usgs.gov/speclab/data/ZIPrecords/ZIPdata_splib07a/ChapterA_ArtificialMaterials/splib07a_Oil40_Water60_DWH10-3_0.05mm_ASDHRa_AREF.zip']
['Oil40_Water60_DWH10-3_0.1_mm_ASDHRa', 'https://crustal.usgs.gov/speclab/data/HTMLmetadata/Oil40_Water60_DWH10-3_0.1_mm_ASDHRa_AREF.html', 'https://crustal.usgs.gov/speclab/data/ZIPrecords/ZIPdata_splib07a/ChapterA_ArtificialMaterials/splib07a_Oil40_Water60_DWH10-3_0.1_mm_ASDHRa_AREF.zip']
['Oil40_Water60_DWH10-3_0.5_mm_ASDHRa', 'https://crustal.usgs.gov/speclab/data/HTMLmetadata/Oil40_Water60_DWH10-3_0.5_mm_ASDHRa_AREF.html', 'https://crustal.usgs.gov/speclab/data/ZIPrecords/ZIPdata_splib07a/ChapterA_ArtificialMaterials/splib07a_Oil40_Water60_DWH10-3_0.5_mm_ASDHRa_AREF.zip']
['Oil40_Water60_DWH10-3_1.85mm_ASDHRa', 'https://crustal.usgs.gov/speclab/data/HTMLmetadata/Oil40_Water60_DWH10-3_1.85mm_ASDHRa_AREF.html', 'https://crustal.usgs.gov/speclab/data/ZIPrecords/ZIPdata_splib07a/ChapterA_ArtificialMaterials/splib07a_Oil40_Water60_DWH10-3_1.85mm_ASDHRa_AREF.zip']
['Oil40_Water60_DWH10-3_4_mm_ASDHRa', 'https://crustal.usgs.gov/speclab/data/HTMLmetadata/Oil40_Water60_DWH10-3_4_mm_ASDHRa_AREF.html', 'https://crustal.usgs.gov/speclab/data/ZIPrecords/ZIPdata_splib07a/ChapterA_ArtificialMaterials/splib07a_Oil40_Water60_DWH10-3_4_mm_ASDHRa_AREF.zip']
['Oil40_Water60_DWH10-3_8_mm_ASDHRa', 'https://crustal.usgs.gov/speclab/data/HTMLmetadata/Oil40_Water60_DWH10-3_8_mm_ASDHRa_AREF.html', 'https://crustal.usgs.gov/speclab/data/ZIPrecords/ZIPdata_splib07a/ChapterA_ArtificialMaterials/splib07a_Oil40_Water60_DWH10-3_8_mm_ASDHRa_AREF.zip']
['Oil60_Water40_DWH10-3_.025mm_ASDHRa', 'https://crustal.usgs.gov/speclab/data/HTMLmetadata/Oil60_Water40_DWH10-3_.025mm_ASDHRa_AREF.html', 'https://crustal.usgs.gov/speclab/data/ZIPrecords/ZIPdata_splib07a/ChapterA_ArtificialMaterials/splib07a_Oil60_Water40_DWH10-3_.025mm_ASDHRa_AREF.zip']
['Oil60_Water40_DWH10-3_0.05mm_ASDHRa', 'https://crustal.usgs.gov/speclab/data/HTMLmetadata/Oil60_Water40_DWH10-3_0.05mm_ASDHRa_AREF.html', 'https://crustal.usgs.gov/speclab/data/ZIPrecords/ZIPdata_splib07a/ChapterA_ArtificialMaterials/splib07a_Oil60_Water40_DWH10-3_0.05mm_ASDHRa_AREF.zip']
['Oil60_Water40_DWH10-3_0.1_mm_ASDHRa', 'https://crustal.usgs.gov/speclab/data/HTMLmetadata/Oil60_Water40_DWH10-3_0.1_mm_ASDHRa_AREF.html', 'https://crustal.usgs.gov/speclab/data/ZIPrecords/ZIPdata_splib07a/ChapterA_ArtificialMaterials/splib07a_Oil60_Water40_DWH10-3_0.1_mm_ASDHRa_AREF.zip']
['Oil60_Water40_DWH10-3_0.5_mm_ASDHRa', 'https://crustal.usgs.gov/speclab/data/HTMLmetadata/Oil60_Water40_DWH10-3_0.5_mm_ASDHRa_AREF.html', 'https://crustal.usgs.gov/speclab/data/ZIPrecords/ZIPdata_splib07a/ChapterA_ArtificialMaterials/splib07a_Oil60_Water40_DWH10-3_0.5_mm_ASDHRa_AREF.zip']
['Oil60_Water40_DWH10-3_1.85mm_ASDHRa', 'https://crustal.usgs.gov/speclab/data/HTMLmetadata/Oil60_Water40_DWH10-3_1.85mm_ASDHRa_AREF.html', 'https://crustal.usgs.gov/speclab/data/ZIPrecords/ZIPdata_splib07a/ChapterA_ArtificialMaterials/splib07a_Oil60_Water40_DWH10-3_1.85mm_ASDHRa_AREF.zip']
['Oil60_Water40_DWH10-3_4_mm_ASDHRa', 'https://crustal.usgs.gov/speclab/data/HTMLmetadata/Oil60_Water40_DWH10-3_4_mm_ASDHRa_AREF.html', 'https://crustal.usgs.gov/speclab/data/ZIPrecords/ZIPdata_splib07a/ChapterA_ArtificialMaterials/splib07a_Oil60_Water40_DWH10-3_4_mm_ASDHRa_AREF.zip']
['Oil60_Water40_DWH10-3_8_mm_ASDHRa', 'https://crustal.usgs.gov/speclab/data/HTMLmetadata/Oil60_Water40_DWH10-3_8_mm_ASDHRa_AREF.html', 'https://crustal.usgs.gov/speclab/data/ZIPrecords/ZIPdata_splib07a/ChapterA_ArtificialMaterials/splib07a_Oil60_Water40_DWH10-3_8_mm_ASDHRa_AREF.zip']
['Oil75_Water25_DWH10-3_8_mm_ASDHRa', 'https://crustal.usgs.gov/speclab/data/HTMLmetadata/Oil75_Water25_DWH10-3_8_mm_ASDHRa_AREF.html', 'https://crustal.usgs.gov/speclab/data/ZIPrecords/ZIPdata_splib07a/ChapterA_ArtificialMaterials/splib07a_Oil75_Water25_DWH10-3_8_mm_ASDHRa_AREF.zip']
['Oil92_Water08_DWH10-3_0.05mm_ASDHRa', 'https://crustal.usgs.gov/speclab/data/HTMLmetadata/Oil92_Water08_DWH10-3_0.05mm_ASDHRa_AREF.html', 'https://crustal.usgs.gov/speclab/data/ZIPrecords/ZIPdata_splib07a/ChapterA_ArtificialMaterials/splib07a_Oil92_Water08_DWH10-3_0.05mm_ASDHRa_AREF.zip']
['Oil92_Water08_DWH10-3_0.1_mm_ASDHRa', 'https://crustal.usgs.gov/speclab/data/HTMLmetadata/Oil92_Water08_DWH10-3_0.1_mm_ASDHRa_AREF.html', 'https://crustal.usgs.gov/speclab/data/ZIPrecords/ZIPdata_splib07a/ChapterA_ArtificialMaterials/splib07a_Oil92_Water08_DWH10-3_0.1_mm_ASDHRa_AREF.zip']
['Oil92_Water08_DWH10-3_0.5_mm_ASDHRa', 'https://crustal.usgs.gov/speclab/data/HTMLmetadata/Oil92_Water08_DWH10-3_0.5_mm_ASDHRa_AREF.html', 'https://crustal.usgs.gov/speclab/data/ZIPrecords/ZIPdata_splib07a/ChapterA_ArtificialMaterials/splib07a_Oil92_Water08_DWH10-3_0.5_mm_ASDHRa_AREF.zip']
['Oil92_Water08_DWH10-3_1.85mm_ASDHRa', 'https://crustal.usgs.gov/speclab/data/HTMLmetadata/Oil92_Water08_DWH10-3_1.85mm_ASDHRa_AREF.html', 'https://crustal.usgs.gov/speclab/data/ZIPrecords/ZIPdata_splib07a/ChapterA_ArtificialMaterials/splib07a_Oil92_Water08_DWH10-3_1.85mm_ASDHRa_AREF.zip']
['Oil92_Water08_DWH10-3_4_mm_ASDHRa', 'https://crustal.usgs.gov/speclab/data/HTMLmetadata/Oil92_Water08_DWH10-3_4_mm_ASDHRa_AREF.html', 'https://crustal.usgs.gov/speclab/data/ZIPrecords/ZIPdata_splib07a/ChapterA_ArtificialMaterials/splib07a_Oil92_Water08_DWH10-3_4_mm_ASDHRa_AREF.zip']
['Oil_BlackPoolonBeach_DWO-06b_ASDFRa', 'https://crustal.usgs.gov/speclab/data/HTMLmetadata/Oil_BlackPoolonBeach_DWO-06b_ASDFRa_AREF.html', 'https://crustal.usgs.gov/speclab/data/ZIPrecords/ZIPdata_splib07a/ChapterA_ArtificialMaterials/splib07a_Oil_BlackPoolonBeach_DWO-06b_ASDFRa_AREF.zip']
['Oil_Water_Benzene10_DWH10-3_ASDHRa', 'https://crustal.usgs.gov/speclab/data/HTMLmetadata/Oil_Water_Benzene10_DWH10-3_ASDHRa_AREF.html', 'https://crustal.usgs.gov/speclab/data/ZIPrecords/ZIPdata_splib07a/ChapterA_ArtificialMaterials/splib07a_Oil_Water_Benzene10_DWH10-3_ASDHRa_AREF.zip']
['Oil_Water_Benzene17_DWH10-3_ASDHRa', 'https://crustal.usgs.gov/speclab/data/HTMLmetadata/Oil_Water_Benzene17_DWH10-3_ASDHRa_AREF.html', 'https://crustal.usgs.gov/speclab/data/ZIPrecords/ZIPdata_splib07a/ChapterA_ArtificialMaterials/splib07a_Oil_Water_Benzene17_DWH10-3_ASDHRa_AREF.zip']
['Oil_waterEmuls._DWO-3-BAT-09_ASDFRa', 'https://crustal.usgs.gov/speclab/data/HTMLmetadata/Oil_waterEmuls._DWO-3-BAT-09_ASDFRa_AREF.html', 'https://crustal.usgs.gov/speclab/data/ZIPrecords/ZIPdata_splib07a/ChapterA_ArtificialMaterials/splib07a_Oil_waterEmuls._DWO-3-BAT-09_ASDFRa_AREF.zip']
['OiledMarshPlant_DWO-2-BAT-08_ASDFRa', 'https://crustal.usgs.gov/speclab/data/HTMLmetadata/OiledMarshPlant_DWO-2-BAT-08_ASDFRa_AREF.html', 'https://crustal.usgs.gov/speclab/data/ZIPrecords/ZIPdata_splib07a/ChapterA_ArtificialMaterials/splib07a_OiledMarshPlant_DWO-2-BAT-08_ASDFRa_AREF.zip']
['OiledMarshPlant_DWO-2-BAT-09_ASDFRa', 'https://crustal.usgs.gov/speclab/data/HTMLmetadata/OiledMarshPlant_DWO-2-BAT-09_ASDFRa_AREF.html', 'https://crustal.usgs.gov/speclab/data/ZIPrecords/ZIPdata_splib07a/ChapterA_ArtificialMaterials/splib07a_OiledMarshPlant_DWO-2-BAT-09_ASDFRa_AREF.zip']
['OiledMarshPlant_DWO-2-DEL-04_ASDFRa', 'https://crustal.usgs.gov/speclab/data/HTMLmetadata/OiledMarshPlant_DWO-2-DEL-04_ASDFRa_AREF.html', 'https://crustal.usgs.gov/speclab/data/ZIPrecords/ZIPdata_splib07a/ChapterA_ArtificialMaterials/splib07a_OiledMarshPlant_DWO-2-DEL-04_ASDFRa_AREF.zip']
['Oiled_P.austral._DWO-3-DEL-1_ASDFRa', 'https://crustal.usgs.gov/speclab/data/HTMLmetadata/Oiled_P.austral._DWO-3-DEL-1_ASDFRa_AREF.html', 'https://crustal.usgs.gov/speclab/data/ZIPrecords/ZIPdata_splib07a/ChapterA_ArtificialMaterials/splib07a_Oiled_P.austral._DWO-3-DEL-1_ASDFRa_AREF.zip']
['Oiled_S.altern._DWO-3-BAT-06_ASDFRa', 'https://crustal.usgs.gov/speclab/data/HTMLmetadata/Oiled_S.altern._DWO-3-BAT-06_ASDFRa_AREF.html', 'https://crustal.usgs.gov/speclab/data/ZIPrecords/ZIPdata_splib07a/ChapterA_ArtificialMaterials/splib07a_Oiled_S.altern._DWO-3-BAT-06_ASDFRa_AREF.zip']
['Oiled_marsh_DWO-3-BAT-06_ASDFRa', 'https://crustal.usgs.gov/speclab/data/HTMLmetadata/Oiled_marsh_DWO-3-BAT-06_ASDFRa_AREF.html', 'https://crustal.usgs.gov/speclab/data/ZIPrecords/ZIPdata_splib07a/ChapterA_ArtificialMaterials/splib07a_Oiled_marsh_DWO-3-BAT-06_ASDFRa_AREF.zip']
['Oiled_marsh_DWO-3-BAT-09_ASDFRa', 'https://crustal.usgs.gov/speclab/data/HTMLmetadata/Oiled_marsh_DWO-3-BAT-09_ASDFRa_AREF.html', 'https://crustal.usgs.gov/speclab/data/ZIPrecords/ZIPdata_splib07a/ChapterA_ArtificialMaterials/splib07a_Oiled_marsh_DWO-3-BAT-09_ASDFRa_AREF.zip']
['Oiled_marsh_dry_DWO-3-BAT-09_ASDFRa', 'https://crustal.usgs.gov/speclab/data/HTMLmetadata/Oiled_marsh_dry_DWO-3-BAT-09_ASDFRa_AREF.html', 'https://crustal.usgs.gov/speclab/data/ZIPrecords/ZIPdata_splib07a/ChapterA_ArtificialMaterials/splib07a_Oiled_marsh_dry_DWO-3-BAT-09_ASDFRa_AREF.zip']
['Oiled_sand_area_GrndIsle_ASDFRa', 'https://crustal.usgs.gov/speclab/data/HTMLmetadata/Oiled_sand_area_GrndIsle_ASDFRa_AREF.html', 'https://crustal.usgs.gov/speclab/data/ZIPrecords/ZIPdata_splib07a/ChapterA_ArtificialMaterials/splib07a_Oiled_sand_area_GrndIsle_ASDFRa_AREF.zip']
['Oiled_sand_brown_GrndIsle_ASDFRa', 'https://crustal.usgs.gov/speclab/data/HTMLmetadata/Oiled_sand_brown_GrndIsle_ASDFRa_AREF.html', 'https://crustal.usgs.gov/speclab/data/ZIPrecords/ZIPdata_splib07a/ChapterA_ArtificialMaterials/splib07a_Oiled_sand_brown_GrndIsle_ASDFRa_AREF.zip']
['Oiled_sand_dark_GrndIsle_ASDFRa', 'https://crustal.usgs.gov/speclab/data/HTMLmetadata/Oiled_sand_dark_GrndIsle_ASDFRa_AREF.html', 'https://crustal.usgs.gov/speclab/data/ZIPrecords/ZIPdata_splib07a/ChapterA_ArtificialMaterials/splib07a_Oiled_sand_dark_GrndIsle_ASDFRa_AREF.zip']
['Oxide_of_chromium_GDS795_ASDFRa', 'https://crustal.usgs.gov/speclab/data/HTMLmetadata/Oxide_of_chromium_GDS795_ASDFRa_AREF.html', 'https://crustal.usgs.gov/speclab/data/ZIPrecords/ZIPdata_splib07a/ChapterA_ArtificialMaterials/splib07a_Oxide_of_chromium_GDS795_ASDFRa_AREF.zip']
['Painted_Aluminum_GDS333_LgGr_ASDFRa', 'https://crustal.usgs.gov/speclab/data/HTMLmetadata/Painted_Aluminum_GDS333_LgGr_ASDFRa_AREF.html', 'https://crustal.usgs.gov/speclab/data/ZIPrecords/ZIPdata_splib07a/ChapterA_ArtificialMaterials/splib07a_Painted_Aluminum_GDS333_LgGr_ASDFRa_AREF.zip']
['Paper_Cotton_Bond_PAPR1_100percent_ASDFRa', 'https://crustal.usgs.gov/speclab/data/HTMLmetadata/Paper_Cotton_Bond_PAPR1_100percent_ASDFRa_AREF.html', 'https://crustal.usgs.gov/speclab/data/ZIPrecords/ZIPdata_splib07a/ChapterA_ArtificialMaterials/splib07a_Paper_Cotton_Bond_PAPR1_100percent_ASDFRa_AREF.zip']
['Particle_Board_GDS364_Fn_Gr_ASDFRa', 'https://crustal.usgs.gov/speclab/data/HTMLmetadata/Particle_Board_GDS364_Fn_Gr_ASDFRa_AREF.html', 'https://crustal.usgs.gov/speclab/data/ZIPrecords/ZIPdata_splib07a/ChapterA_ArtificialMaterials/splib07a_Particle_Board_GDS364_Fn_Gr_ASDFRa_AREF.zip']
['PhosphoricAcid_SA-466123_80K_ASDFRa', 'https://crustal.usgs.gov/speclab/data/HTMLmetadata/PhosphoricAcid_SA-466123_80K_ASDFRa_AREF.html', 'https://crustal.usgs.gov/speclab/data/ZIPrecords/ZIPdata_splib07a/ChapterA_ArtificialMaterials/splib07a_PhosphoricAcid_SA-466123_80K_ASDFRa_AREF.zip']
['Phthalocyaninie_blue_GDS799_ASDFRa', 'https://crustal.usgs.gov/speclab/data/HTMLmetadata/Phthalocyaninie_blue_GDS799_ASDFRa_AREF.html', 'https://crustal.usgs.gov/speclab/data/ZIPrecords/ZIPdata_splib07a/ChapterA_ArtificialMaterials/splib07a_Phthalocyaninie_blue_GDS799_ASDFRa_AREF.zip']
['Plastic_ABS_GDS341_BlackPipe_ASDFRa', 'https://crustal.usgs.gov/speclab/data/HTMLmetadata/Plastic_ABS_GDS341_BlackPipe_ASDFRa_AREF.html', 'https://crustal.usgs.gov/speclab/data/ZIPrecords/ZIPdata_splib07a/ChapterA_ArtificialMaterials/splib07a_Plastic_ABS_GDS341_BlackPipe_ASDFRa_AREF.zip']
['Plastic_GGA-54_Grnhouse_Roof_BECKa', 'https://crustal.usgs.gov/speclab/data/HTMLmetadata/Plastic_GGA-54_Grnhouse_Roof_BECKa_AREF.html', 'https://crustal.usgs.gov/speclab/data/ZIPrecords/ZIPdata_splib07a/ChapterA_ArtificialMaterials/splib07a_Plastic_GGA-54_Grnhouse_Roof_BECKa_AREF.zip']
['Plastic_HDPE_GDS351_BlkSheet_ASDFRa', 'https://crustal.usgs.gov/speclab/data/HTMLmetadata/Plastic_HDPE_GDS351_BlkSheet_ASDFRa_AREF.html', 'https://crustal.usgs.gov/speclab/data/ZIPrecords/ZIPdata_splib07a/ChapterA_ArtificialMaterials/splib07a_Plastic_HDPE_GDS351_BlkSheet_ASDFRa_AREF.zip']
['Plastic_HDPE_GDS373_Grey_Bag_ASDFRa', 'https://crustal.usgs.gov/speclab/data/HTMLmetadata/Plastic_HDPE_GDS373_Grey_Bag_ASDFRa_AREF.html', 'https://crustal.usgs.gov/speclab/data/ZIPrecords/ZIPdata_splib07a/ChapterA_ArtificialMaterials/splib07a_Plastic_HDPE_GDS373_Grey_Bag_ASDFRa_AREF.zip']
['Plastic_HDPE_GDS384_Wht_Opaq_ASDFRa', 'https://crustal.usgs.gov/speclab/data/HTMLmetadata/Plastic_HDPE_GDS384_Wht_Opaq_ASDFRa_AREF.html', 'https://crustal.usgs.gov/speclab/data/ZIPrecords/ZIPdata_splib07a/ChapterA_ArtificialMaterials/splib07a_Plastic_HDPE_GDS384_Wht_Opaq_ASDFRa_AREF.zip']
['Plastic_HDPE_GDS385_WhTransl_ASDFRa', 'https://crustal.usgs.gov/speclab/data/HTMLmetadata/Plastic_HDPE_GDS385_WhTransl_ASDFRa_AREF.html', 'https://crustal.usgs.gov/speclab/data/ZIPrecords/ZIPdata_splib07a/ChapterA_ArtificialMaterials/splib07a_Plastic_HDPE_GDS385_WhTransl_ASDFRa_AREF.zip']
['Plastic_HDPE_GDS386_Yelopaqu_ASDFRa', 'https://crustal.usgs.gov/speclab/data/HTMLmetadata/Plastic_HDPE_GDS386_Yelopaqu_ASDFRa_AREF.html', 'https://crustal.usgs.gov/speclab/data/ZIPrecords/ZIPdata_splib07a/ChapterA_ArtificialMaterials/splib07a_Plastic_HDPE_GDS386_Yelopaqu_ASDFRa_AREF.zip']
['Plastic_HDPE_GDS387_WhTransl_ASDFRa', 'https://crustal.usgs.gov/speclab/data/HTMLmetadata/Plastic_HDPE_GDS387_WhTransl_ASDFRa_AREF.html', 'https://crustal.usgs.gov/speclab/data/ZIPrecords/ZIPdata_splib07a/ChapterA_ArtificialMaterials/splib07a_Plastic_HDPE_GDS387_WhTransl_ASDFRa_AREF.zip']
['Plastic_HDPE_GDS389_WhTransl_ASDFRa', 'https://crustal.usgs.gov/speclab/data/HTMLmetadata/Plastic_HDPE_GDS389_WhTransl_ASDFRa_AREF.html', 'https://crustal.usgs.gov/speclab/data/ZIPrecords/ZIPdata_splib07a/ChapterA_ArtificialMaterials/splib07a_Plastic_HDPE_GDS389_WhTransl_ASDFRa_AREF.zip']
['Plastic_HDPE_GDS390_Transpar_ASDFRa', 'https://crustal.usgs.gov/speclab/data/HTMLmetadata/Plastic_HDPE_GDS390_Transpar_ASDFRa_AREF.html', 'https://crustal.usgs.gov/speclab/data/ZIPrecords/ZIPdata_splib07a/ChapterA_ArtificialMaterials/splib07a_Plastic_HDPE_GDS390_Transpar_ASDFRa_AREF.zip']
['Plastic_HDPE_GDS391_Blu-Grn_ASDFRa', 'https://crustal.usgs.gov/speclab/data/HTMLmetadata/Plastic_HDPE_GDS391_Blu-Grn_ASDFRa_AREF.html', 'https://crustal.usgs.gov/speclab/data/ZIPrecords/ZIPdata_splib07a/ChapterA_ArtificialMaterials/splib07a_Plastic_HDPE_GDS391_Blu-Grn_ASDFRa_AREF.zip']
['Plastic_HDPE_GDS392_WhTransl_ASDFRa', 'https://crustal.usgs.gov/speclab/data/HTMLmetadata/Plastic_HDPE_GDS392_WhTransl_ASDFRa_AREF.html', 'https://crustal.usgs.gov/speclab/data/ZIPrecords/ZIPdata_splib07a/ChapterA_ArtificialMaterials/splib07a_Plastic_HDPE_GDS392_WhTransl_ASDFRa_AREF.zip']
['Plastic_HDPE_GDS393_GlosWhTr_ASDFRa', 'https://crustal.usgs.gov/speclab/data/HTMLmetadata/Plastic_HDPE_GDS393_GlosWhTr_ASDFRa_AREF.html', 'https://crustal.usgs.gov/speclab/data/ZIPrecords/ZIPdata_splib07a/ChapterA_ArtificialMaterials/splib07a_Plastic_HDPE_GDS393_GlosWhTr_ASDFRa_AREF.zip']
['Plastic_HDPE_GDS394_LgryTrns_ASDFRa', 'https://crustal.usgs.gov/speclab/data/HTMLmetadata/Plastic_HDPE_GDS394_LgryTrns_ASDFRa_AREF.html', 'https://crustal.usgs.gov/speclab/data/ZIPrecords/ZIPdata_splib07a/ChapterA_ArtificialMaterials/splib07a_Plastic_HDPE_GDS394_LgryTrns_ASDFRa_AREF.zip']
['Plastic_HDPE_GDS400_WhTrnslu_ASDFRa', 'https://crustal.usgs.gov/speclab/data/HTMLmetadata/Plastic_HDPE_GDS400_WhTrnslu_ASDFRa_AREF.html', 'https://crustal.usgs.gov/speclab/data/ZIPrecords/ZIPdata_splib07a/ChapterA_ArtificialMaterials/splib07a_Plastic_HDPE_GDS400_WhTrnslu_ASDFRa_AREF.zip']
['Plastic_LDPE_GDS401_Clr_film_ASDFRa', 'https://crustal.usgs.gov/speclab/data/HTMLmetadata/Plastic_LDPE_GDS401_Clr_film_ASDFRa_AREF.html', 'https://crustal.usgs.gov/speclab/data/ZIPrecords/ZIPdata_splib07a/ChapterA_ArtificialMaterials/splib07a_Plastic_LDPE_GDS401_Clr_film_ASDFRa_AREF.zip']
['Plastic_LDPE_GDS402_Clr_film_ASDFRa', 'https://crustal.usgs.gov/speclab/data/HTMLmetadata/Plastic_LDPE_GDS402_Clr_film_ASDFRa_AREF.html', 'https://crustal.usgs.gov/speclab/data/ZIPrecords/ZIPdata_splib07a/ChapterA_ArtificialMaterials/splib07a_Plastic_LDPE_GDS402_Clr_film_ASDFRa_AREF.zip']
['Plastic_LDPE_GDS404_WhTrnslu_ASDFRa', 'https://crustal.usgs.gov/speclab/data/HTMLmetadata/Plastic_LDPE_GDS404_WhTrnslu_ASDFRa_AREF.html', 'https://crustal.usgs.gov/speclab/data/ZIPrecords/ZIPdata_splib07a/ChapterA_ArtificialMaterials/splib07a_Plastic_LDPE_GDS404_WhTrnslu_ASDFRa_AREF.zip']
['Plastic_LDPE_GDS405_Black_ASDFRa', 'https://crustal.usgs.gov/speclab/data/HTMLmetadata/Plastic_LDPE_GDS405_Black_ASDFRa_AREF.html', 'https://crustal.usgs.gov/speclab/data/ZIPrecords/ZIPdata_splib07a/ChapterA_ArtificialMaterials/splib07a_Plastic_LDPE_GDS405_Black_ASDFRa_AREF.zip']
['Plastic_LDPE_GDS406_WhTrnslu_ASDFRa', 'https://crustal.usgs.gov/speclab/data/HTMLmetadata/Plastic_LDPE_GDS406_WhTrnslu_ASDFRa_AREF.html', 'https://crustal.usgs.gov/speclab/data/ZIPrecords/ZIPdata_splib07a/ChapterA_ArtificialMaterials/splib07a_Plastic_LDPE_GDS406_WhTrnslu_ASDFRa_AREF.zip']
['Plastic_PETE_GDS379_TrnslBrn_ASDFRa', 'https://crustal.usgs.gov/speclab/data/HTMLmetadata/Plastic_PETE_GDS379_TrnslBrn_ASDFRa_AREF.html', 'https://crustal.usgs.gov/speclab/data/ZIPrecords/ZIPdata_splib07a/ChapterA_ArtificialMaterials/splib07a_Plastic_PETE_GDS379_TrnslBrn_ASDFRa_AREF.zip']
['Plastic_PETE_GDS380_Clear_ASDFRa', 'https://crustal.usgs.gov/speclab/data/HTMLmetadata/Plastic_PETE_GDS380_Clear_ASDFRa_AREF.html', 'https://crustal.usgs.gov/speclab/data/ZIPrecords/ZIPdata_splib07a/ChapterA_ArtificialMaterials/splib07a_Plastic_PETE_GDS380_Clear_ASDFRa_AREF.zip']
['Plastic_PETE_GDS381_Clr-prpl_ASDFRa', 'https://crustal.usgs.gov/speclab/data/HTMLmetadata/Plastic_PETE_GDS381_Clr-prpl_ASDFRa_AREF.html', 'https://crustal.usgs.gov/speclab/data/ZIPrecords/ZIPdata_splib07a/ChapterA_ArtificialMaterials/splib07a_Plastic_PETE_GDS381_Clr-prpl_ASDFRa_AREF.zip']
['Plastic_PETE_GDS382_Black_ASDFRa', 'https://crustal.usgs.gov/speclab/data/HTMLmetadata/Plastic_PETE_GDS382_Black_ASDFRa_AREF.html', 'https://crustal.usgs.gov/speclab/data/ZIPrecords/ZIPdata_splib07a/ChapterA_ArtificialMaterials/splib07a_Plastic_PETE_GDS382_Black_ASDFRa_AREF.zip']
['Plastic_PETE_GDS383_Clrbluis_ASDFRa', 'https://crustal.usgs.gov/speclab/data/HTMLmetadata/Plastic_PETE_GDS383_Clrbluis_ASDFRa_AREF.html', 'https://crustal.usgs.gov/speclab/data/ZIPrecords/ZIPdata_splib07a/ChapterA_ArtificialMaterials/splib07a_Plastic_PETE_GDS383_Clrbluis_ASDFRa_AREF.zip']
['Plastic_PVC_GDS338_White_ASDFRa', 'https://crustal.usgs.gov/speclab/data/HTMLmetadata/Plastic_PVC_GDS338_White_ASDFRa_AREF.html', 'https://crustal.usgs.gov/speclab/data/ZIPrecords/ZIPdata_splib07a/ChapterA_ArtificialMaterials/splib07a_Plastic_PVC_GDS338_White_ASDFRa_AREF.zip']
['Plastic_Pipe_GDS342_Black_ASDFRa', 'https://crustal.usgs.gov/speclab/data/HTMLmetadata/Plastic_Pipe_GDS342_Black_ASDFRa_AREF.html', 'https://crustal.usgs.gov/speclab/data/ZIPrecords/ZIPdata_splib07a/ChapterA_ArtificialMaterials/splib07a_Plastic_Pipe_GDS342_Black_ASDFRa_AREF.zip']
['Plastic_Pipe_GDS344_Blue_ASDFRa', 'https://crustal.usgs.gov/speclab/data/HTMLmetadata/Plastic_Pipe_GDS344_Blue_ASDFRa_AREF.html', 'https://crustal.usgs.gov/speclab/data/ZIPrecords/ZIPdata_splib07a/ChapterA_ArtificialMaterials/splib07a_Plastic_Pipe_GDS344_Blue_ASDFRa_AREF.zip']
['Plastic_Tarp_GDS339_Green_ASDFRa', 'https://crustal.usgs.gov/speclab/data/HTMLmetadata/Plastic_Tarp_GDS339_Green_ASDFRa_AREF.html', 'https://crustal.usgs.gov/speclab/data/ZIPrecords/ZIPdata_splib07a/ChapterA_ArtificialMaterials/splib07a_Plastic_Tarp_GDS339_Green_ASDFRa_AREF.zip']
['Plastic_Tarp_GDS340_Blu_Wovn_ASDFRa', 'https://crustal.usgs.gov/speclab/data/HTMLmetadata/Plastic_Tarp_GDS340_Blu_Wovn_ASDFRa_AREF.html', 'https://crustal.usgs.gov/speclab/data/ZIPrecords/ZIPdata_splib07a/ChapterA_ArtificialMaterials/splib07a_Plastic_Tarp_GDS340_Blu_Wovn_ASDFRa_AREF.zip']
['Plastic_Tyvek_GDS369_White_ASDFRa', 'https://crustal.usgs.gov/speclab/data/HTMLmetadata/Plastic_Tyvek_GDS369_White_ASDFRa_AREF.html', 'https://crustal.usgs.gov/speclab/data/ZIPrecords/ZIPdata_splib07a/ChapterA_ArtificialMaterials/splib07a_Plastic_Tyvek_GDS369_White_ASDFRa_AREF.zip']
['Plastic_Vinyl_GDS372_White_ASDFRa', 'https://crustal.usgs.gov/speclab/data/HTMLmetadata/Plastic_Vinyl_GDS372_White_ASDFRa_AREF.html', 'https://crustal.usgs.gov/speclab/data/ZIPrecords/ZIPdata_splib07a/ChapterA_ArtificialMaterials/splib07a_Plastic_Vinyl_GDS372_White_ASDFRa_AREF.zip']
['Plastic_Vinyl_GDS395_Clr1mm_ASDFRa', 'https://crustal.usgs.gov/speclab/data/HTMLmetadata/Plastic_Vinyl_GDS395_Clr1mm_ASDFRa_AREF.html', 'https://crustal.usgs.gov/speclab/data/ZIPrecords/ZIPdata_splib07a/ChapterA_ArtificialMaterials/splib07a_Plastic_Vinyl_GDS395_Clr1mm_ASDFRa_AREF.zip']
['Plastic_Vinyl_GDS396_Clr1mm_ASDFRa', 'https://crustal.usgs.gov/speclab/data/HTMLmetadata/Plastic_Vinyl_GDS396_Clr1mm_ASDFRa_AREF.html', 'https://crustal.usgs.gov/speclab/data/ZIPrecords/ZIPdata_splib07a/ChapterA_ArtificialMaterials/splib07a_Plastic_Vinyl_GDS396_Clr1mm_ASDFRa_AREF.zip']
['Plastic_Vinyl_GDS397_Cl0.4mm_ASDFRa', 'https://crustal.usgs.gov/speclab/data/HTMLmetadata/Plastic_Vinyl_GDS397_Cl0.4mm_ASDFRa_AREF.html', 'https://crustal.usgs.gov/speclab/data/ZIPrecords/ZIPdata_splib07a/ChapterA_ArtificialMaterials/splib07a_Plastic_Vinyl_GDS397_Cl0.4mm_ASDFRa_AREF.zip']
['Plastic_Vinyl_GDS398_Red_Toy_ASDFRa', 'https://crustal.usgs.gov/speclab/data/HTMLmetadata/Plastic_Vinyl_GDS398_Red_Toy_ASDFRa_AREF.html', 'https://crustal.usgs.gov/speclab/data/ZIPrecords/ZIPdata_splib07a/ChapterA_ArtificialMaterials/splib07a_Plastic_Vinyl_GDS398_Red_Toy_ASDFRa_AREF.zip']
['Plastic_Visqueen_GDS370_Clr_ASDFRa', 'https://crustal.usgs.gov/speclab/data/HTMLmetadata/Plastic_Visqueen_GDS370_Clr_ASDFRa_AREF.html', 'https://crustal.usgs.gov/speclab/data/ZIPrecords/ZIPdata_splib07a/ChapterA_ArtificialMaterials/splib07a_Plastic_Visqueen_GDS370_Clr_ASDFRa_AREF.zip']
['Plywood_GDS365_Fresh_Pine_ASDFRa', 'https://crustal.usgs.gov/speclab/data/HTMLmetadata/Plywood_GDS365_Fresh_Pine_ASDFRa_AREF.html', 'https://crustal.usgs.gov/speclab/data/ZIPrecords/ZIPdata_splib07a/ChapterA_ArtificialMaterials/splib07a_Plywood_GDS365_Fresh_Pine_ASDFRa_AREF.zip']
['Polyester_Pile_GDS434_Blk_ASDFRa', 'https://crustal.usgs.gov/speclab/data/HTMLmetadata/Polyester_Pile_GDS434_Blk_ASDFRa_AREF.html', 'https://crustal.usgs.gov/speclab/data/ZIPrecords/ZIPdata_splib07a/ChapterA_ArtificialMaterials/splib07a_Polyester_Pile_GDS434_Blk_ASDFRa_AREF.zip']
['Polyester_Pile_GDS435_DkGrn_ASDFRa', 'https://crustal.usgs.gov/speclab/data/HTMLmetadata/Polyester_Pile_GDS435_DkGrn_ASDFRa_AREF.html', 'https://crustal.usgs.gov/speclab/data/ZIPrecords/ZIPdata_splib07a/ChapterA_ArtificialMaterials/splib07a_Polyester_Pile_GDS435_DkGrn_ASDFRa_AREF.zip']
['Polyester_Webbing_GDS429_Blk_ASDFRa', 'https://crustal.usgs.gov/speclab/data/HTMLmetadata/Polyester_Webbing_GDS429_Blk_ASDFRa_AREF.html', 'https://crustal.usgs.gov/speclab/data/ZIPrecords/ZIPdata_splib07a/ChapterA_ArtificialMaterials/splib07a_Polyester_Webbing_GDS429_Blk_ASDFRa_AREF.zip']
['Polystyrene_GDS345_BluInsul_ASDFRa', 'https://crustal.usgs.gov/speclab/data/HTMLmetadata/Polystyrene_GDS345_BluInsul_ASDFRa_AREF.html', 'https://crustal.usgs.gov/speclab/data/ZIPrecords/ZIPdata_splib07a/ChapterA_ArtificialMaterials/splib07a_Polystyrene_GDS345_BluInsul_ASDFRa_AREF.zip']
['Potassium_Sulfate_JT1-3282_ASDHRa', 'https://crustal.usgs.gov/speclab/data/HTMLmetadata/Potassium_Sulfate_JT1-3282_ASDHRa_AREF.html', 'https://crustal.usgs.gov/speclab/data/ZIPrecords/ZIPdata_splib07a/ChapterA_ArtificialMaterials/splib07a_Potassium_Sulfate_JT1-3282_ASDHRa_AREF.zip']
['Praseodymium_Chloride_39386_ASDFRa', 'https://crustal.usgs.gov/speclab/data/HTMLmetadata/Praseodymium_Chloride_39386_ASDFRa_AREF.html', 'https://crustal.usgs.gov/speclab/data/ZIPrecords/ZIPdata_splib07a/ChapterA_ArtificialMaterials/splib07a_Praseodymium_Chloride_39386_ASDFRa_AREF.zip']
['Praseodymium_Nitrate_Hexahyd_ASDFRa', 'https://crustal.usgs.gov/speclab/data/HTMLmetadata/Praseodymium_Nitrate_Hexahyd_ASDFRa_AREF.html', 'https://crustal.usgs.gov/speclab/data/ZIPrecords/ZIPdata_splib07a/ChapterA_ArtificialMaterials/splib07a_Praseodymium_Nitrate_Hexahyd_ASDFRa_AREF.zip']
['Praseodymium_Oxide_GDS35_ASDFRc', 'https://crustal.usgs.gov/speclab/data/HTMLmetadata/Praseodymium_Oxide_GDS35_ASDFRc_AREF.html', 'https://crustal.usgs.gov/speclab/data/ZIPrecords/ZIPdata_splib07a/ChapterA_ArtificialMaterials/splib07a_Praseodymium_Oxide_GDS35_ASDFRc_AREF.zip']
['Praseodymium_Oxide_GDS35_BECKc', 'https://crustal.usgs.gov/speclab/data/HTMLmetadata/Praseodymium_Oxide_GDS35_BECKc_AREF.html', 'https://crustal.usgs.gov/speclab/data/ZIPrecords/ZIPdata_splib07a/ChapterA_ArtificialMaterials/splib07a_Praseodymium_Oxide_GDS35_BECKc_AREF.zip']
['Praseodymium_Oxide_GDS35_NIC4bb_RREF', 'https://crustal.usgs.gov/speclab/data/HTMLmetadata/Praseodymium_Oxide_GDS35_NIC4bb_RREF.html', 'https://crustal.usgs.gov/speclab/data/ZIPrecords/ZIPdata_splib07a/ChapterA_ArtificialMaterials/splib07a_Praseodymium_Oxide_GDS35_NIC4bb_RREF.zip']
['Praseodymium_Oxide_PR62_SPEX_ASDFRc', 'https://crustal.usgs.gov/speclab/data/HTMLmetadata/Praseodymium_Oxide_PR62_SPEX_ASDFRc_AREF.html', 'https://crustal.usgs.gov/speclab/data/ZIPrecords/ZIPdata_splib07a/ChapterA_ArtificialMaterials/splib07a_Praseodymium_Oxide_PR62_SPEX_ASDFRc_AREF.zip']
['Prussian_blue_GDS802_ASDFRa', 'https://crustal.usgs.gov/speclab/data/HTMLmetadata/Prussian_blue_GDS802_ASDFRa_AREF.html', 'https://crustal.usgs.gov/speclab/data/ZIPrecords/ZIPdata_splib07a/ChapterA_ArtificialMaterials/splib07a_Prussian_blue_GDS802_ASDFRa_AREF.zip']
['Renyolds_TnlSldgWet_SM93-15w_BECKa', 'https://crustal.usgs.gov/speclab/data/HTMLmetadata/Renyolds_TnlSldgWet_SM93-15w_BECKa_AREF.html', 'https://crustal.usgs.gov/speclab/data/ZIPrecords/ZIPdata_splib07a/ChapterA_ArtificialMaterials/splib07a_Renyolds_TnlSldgWet_SM93-15w_BECKa_AREF.zip']
['Renyolds_Tnl_Sludge_SM93-15_BECKa', 'https://crustal.usgs.gov/speclab/data/HTMLmetadata/Renyolds_Tnl_Sludge_SM93-15_BECKa_AREF.html', 'https://crustal.usgs.gov/speclab/data/ZIPrecords/ZIPdata_splib07a/ChapterA_ArtificialMaterials/splib07a_Renyolds_Tnl_Sludge_SM93-15_BECKa_AREF.zip']
['Roofing_Felt_GDS377_Black_ASDFRa', 'https://crustal.usgs.gov/speclab/data/HTMLmetadata/Roofing_Felt_GDS377_Black_ASDFRa_AREF.html', 'https://crustal.usgs.gov/speclab/data/ZIPrecords/ZIPdata_splib07a/ChapterA_ArtificialMaterials/splib07a_Roofing_Felt_GDS377_Black_ASDFRa_AREF.zip']
['Rusted_Tin_Can_GDS378_MV99-6_ASDFRa', 'https://crustal.usgs.gov/speclab/data/HTMLmetadata/Rusted_Tin_Can_GDS378_MV99-6_ASDFRa_AREF.html', 'https://crustal.usgs.gov/speclab/data/ZIPrecords/ZIPdata_splib07a/ChapterA_ArtificialMaterials/splib07a_Rusted_Tin_Can_GDS378_MV99-6_ASDFRa_AREF.zip']
['Samarium_Oxide_B-5_SPEX_ASDFRa', 'https://crustal.usgs.gov/speclab/data/HTMLmetadata/Samarium_Oxide_B-5_SPEX_ASDFRa_AREF.html', 'https://crustal.usgs.gov/speclab/data/ZIPrecords/ZIPdata_splib07a/ChapterA_ArtificialMaterials/splib07a_Samarium_Oxide_B-5_SPEX_ASDFRa_AREF.zip']
['Samarium_Oxide_GDS36_ASDFRa', 'https://crustal.usgs.gov/speclab/data/HTMLmetadata/Samarium_Oxide_GDS36_ASDFRa_AREF.html', 'https://crustal.usgs.gov/speclab/data/ZIPrecords/ZIPdata_splib07a/ChapterA_ArtificialMaterials/splib07a_Samarium_Oxide_GDS36_ASDFRa_AREF.zip']
['Samarium_Oxide_GDS36_BECKa', 'https://crustal.usgs.gov/speclab/data/HTMLmetadata/Samarium_Oxide_GDS36_BECKa_AREF.html', 'https://crustal.usgs.gov/speclab/data/ZIPrecords/ZIPdata_splib07a/ChapterA_ArtificialMaterials/splib07a_Samarium_Oxide_GDS36_BECKa_AREF.zip']
['Samarium_Oxide_GDS36_NIC4aa_RREF', 'https://crustal.usgs.gov/speclab/data/HTMLmetadata/Samarium_Oxide_GDS36_NIC4aa_RREF.html', 'https://crustal.usgs.gov/speclab/data/ZIPrecords/ZIPdata_splib07a/ChapterA_ArtificialMaterials/splib07a_Samarium_Oxide_GDS36_NIC4aa_RREF.zip']
['Scandium_Oxide_J.M._300_S575_ASDFRa', 'https://crustal.usgs.gov/speclab/data/HTMLmetadata/Scandium_Oxide_J.M._300_S575_ASDFRa_AREF.html', 'https://crustal.usgs.gov/speclab/data/ZIPrecords/ZIPdata_splib07a/ChapterA_ArtificialMaterials/splib07a_Scandium_Oxide_J.M._300_S575_ASDFRa_AREF.zip']
['Sheet_Metal_GDS352_crg_Galvn_ASDFRa', 'https://crustal.usgs.gov/speclab/data/HTMLmetadata/Sheet_Metal_GDS352_crg_Galvn_ASDFRa_AREF.html', 'https://crustal.usgs.gov/speclab/data/ZIPrecords/ZIPdata_splib07a/ChapterA_ArtificialMaterials/splib07a_Sheet_Metal_GDS352_crg_Galvn_ASDFRa_AREF.zip']
['Sodium_Sulfate_JT1-3989_ASDHRc', 'https://crustal.usgs.gov/speclab/data/HTMLmetadata/Sodium_Sulfate_JT1-3989_ASDHRc_AREF.html', 'https://crustal.usgs.gov/speclab/data/ZIPrecords/ZIPdata_splib07a/ChapterA_ArtificialMaterials/splib07a_Sodium_Sulfate_JT1-3989_ASDHRc_AREF.zip']
['Spectralon99WhiteRef_LSPHERE_ASDFRa', 'https://crustal.usgs.gov/speclab/data/HTMLmetadata/Spectralon99WhiteRef_LSPHERE_ASDFRa_AREF.html', 'https://crustal.usgs.gov/speclab/data/ZIPrecords/ZIPdata_splib07a/ChapterA_ArtificialMaterials/splib07a_Spectralon99WhiteRef_LSPHERE_ASDFRa_AREF.zip']
['Strand_Board_GDS362_Oriented_ASDFRa', 'https://crustal.usgs.gov/speclab/data/HTMLmetadata/Strand_Board_GDS362_Oriented_ASDFRa_AREF.html', 'https://crustal.usgs.gov/speclab/data/ZIPrecords/ZIPdata_splib07a/ChapterA_ArtificialMaterials/splib07a_Strand_Board_GDS362_Oriented_ASDFRa_AREF.zip']
['Tar_Paper_GDS285A_New_Blk_ASDFRa', 'https://crustal.usgs.gov/speclab/data/HTMLmetadata/Tar_Paper_GDS285A_New_Blk_ASDFRa_AREF.html', 'https://crustal.usgs.gov/speclab/data/ZIPrecords/ZIPdata_splib07a/ChapterA_ArtificialMaterials/splib07a_Tar_Paper_GDS285A_New_Blk_ASDFRa_AREF.zip']
['Tar_Paper_GDS285B_Weath_Blk_ASDFRa', 'https://crustal.usgs.gov/speclab/data/HTMLmetadata/Tar_Paper_GDS285B_Weath_Blk_ASDFRa_AREF.html', 'https://crustal.usgs.gov/speclab/data/ZIPrecords/ZIPdata_splib07a/ChapterA_ArtificialMaterials/splib07a_Tar_Paper_GDS285B_Weath_Blk_ASDFRa_AREF.zip']
['Terbium_(III)_Chloride_35798_ASDFRa', 'https://crustal.usgs.gov/speclab/data/HTMLmetadata/Terbium_(III)_Chloride_35798_ASDFRa_AREF.html', 'https://crustal.usgs.gov/speclab/data/ZIPrecords/ZIPdata_splib07a/ChapterA_ArtificialMaterials/splib07a_Terbium_(III)_Chloride_35798_ASDFRa_AREF.zip']
['Terbium_Oxide_10917_G17T013_ASDFRa', 'https://crustal.usgs.gov/speclab/data/HTMLmetadata/Terbium_Oxide_10917_G17T013_ASDFRa_AREF.html', 'https://crustal.usgs.gov/speclab/data/ZIPrecords/ZIPdata_splib07a/ChapterA_ArtificialMaterials/splib07a_Terbium_Oxide_10917_G17T013_ASDFRa_AREF.zip']
['Terra_Pozzuoli_GDS806_ASDFRa', 'https://crustal.usgs.gov/speclab/data/HTMLmetadata/Terra_Pozzuoli_GDS806_ASDFRa_AREF.html', 'https://crustal.usgs.gov/speclab/data/ZIPrecords/ZIPdata_splib07a/ChapterA_ArtificialMaterials/splib07a_Terra_Pozzuoli_GDS806_ASDFRa_AREF.zip']
['Terrycloth_Fabric_GDS537_Yel_ASDFRa', 'https://crustal.usgs.gov/speclab/data/HTMLmetadata/Terrycloth_Fabric_GDS537_Yel_ASDFRa_AREF.html', 'https://crustal.usgs.gov/speclab/data/ZIPrecords/ZIPdata_splib07a/ChapterA_ArtificialMaterials/splib07a_Terrycloth_Fabric_GDS537_Yel_ASDFRa_AREF.zip']
['Thulium_Oxide_J.M._318_S4939_ASDFRa', 'https://crustal.usgs.gov/speclab/data/HTMLmetadata/Thulium_Oxide_J.M._318_S4939_ASDFRa_AREF.html', 'https://crustal.usgs.gov/speclab/data/ZIPrecords/ZIPdata_splib07a/ChapterA_ArtificialMaterials/splib07a_Thulium_Oxide_J.M._318_S4939_ASDFRa_AREF.zip']
['Titanium_dioxide_GDS798_TiO2_ASDFRa', 'https://crustal.usgs.gov/speclab/data/HTMLmetadata/Titanium_dioxide_GDS798_TiO2_ASDFRa_AREF.html', 'https://crustal.usgs.gov/speclab/data/ZIPrecords/ZIPdata_splib07a/ChapterA_ArtificialMaterials/splib07a_Titanium_dioxide_GDS798_TiO2_ASDFRa_AREF.zip']
['Ultramarine_GDS791_sy_vdark_ASDFRa', 'https://crustal.usgs.gov/speclab/data/HTMLmetadata/Ultramarine_GDS791_sy_vdark_ASDFRa_AREF.html', 'https://crustal.usgs.gov/speclab/data/ZIPrecords/ZIPdata_splib07a/ChapterA_ArtificialMaterials/splib07a_Ultramarine_GDS791_sy_vdark_ASDFRa_AREF.zip']
['Venetian_red_GDS783_ASDFRa', 'https://crustal.usgs.gov/speclab/data/HTMLmetadata/Venetian_red_GDS783_ASDFRa_AREF.html', 'https://crustal.usgs.gov/speclab/data/ZIPrecords/ZIPdata_splib07a/ChapterA_ArtificialMaterials/splib07a_Venetian_red_GDS783_ASDFRa_AREF.zip']
['Verdigris_GDS789_ASDFRa', 'https://crustal.usgs.gov/speclab/data/HTMLmetadata/Verdigris_GDS789_ASDFRa_AREF.html', 'https://crustal.usgs.gov/speclab/data/ZIPrecords/ZIPdata_splib07a/ChapterA_ArtificialMaterials/splib07a_Verdigris_GDS789_ASDFRa_AREF.zip']
['Vermiculite+0wtpercentamph._GDS327_ASDFRb', 'https://crustal.usgs.gov/speclab/data/HTMLmetadata/Vermiculite+0wtpercentamph._GDS327_ASDFRb_AREF.html', 'https://crustal.usgs.gov/speclab/data/ZIPrecords/ZIPdata_splib07a/ChapterA_ArtificialMaterials/splib07a_Vermiculite+0wtpercentamph._GDS327_ASDFRb_AREF.zip']
['Vermiculite+1wtpercentamph._GDS451_ASDFRb', 'https://crustal.usgs.gov/speclab/data/HTMLmetadata/Vermiculite+1wtpercentamph._GDS451_ASDFRb_AREF.html', 'https://crustal.usgs.gov/speclab/data/ZIPrecords/ZIPdata_splib07a/ChapterA_ArtificialMaterials/splib07a_Vermiculite+1wtpercentamph._GDS451_ASDFRb_AREF.zip']
['Vermiculite+5wtpercentamph._GDS454_ASDFRb', 'https://crustal.usgs.gov/speclab/data/HTMLmetadata/Vermiculite+5wtpercentamph._GDS454_ASDFRb_AREF.html', 'https://crustal.usgs.gov/speclab/data/ZIPrecords/ZIPdata_splib07a/ChapterA_ArtificialMaterials/splib07a_Vermiculite+5wtpercentamph._GDS454_ASDFRb_AREF.zip']
['Vermiculite_ALB006CH01_exOre_ASDFRb', 'https://crustal.usgs.gov/speclab/data/HTMLmetadata/Vermiculite_ALB006CH01_exOre_ASDFRb_AREF.html', 'https://crustal.usgs.gov/speclab/data/ZIPrecords/ZIPdata_splib07a/ChapterA_ArtificialMaterials/splib07a_Vermiculite_ALB006CH01_exOre_ASDFRb_AREF.zip']
['Vermiculite_ALB22SC00_expOre_ASDFRb', 'https://crustal.usgs.gov/speclab/data/HTMLmetadata/Vermiculite_ALB22SC00_expOre_ASDFRb_AREF.html', 'https://crustal.usgs.gov/speclab/data/ZIPrecords/ZIPdata_splib07a/ChapterA_ArtificialMaterials/splib07a_Vermiculite_ALB22SC00_expOre_ASDFRb_AREF.zip']
['Vermiculite_ALB23SC00_expOre_ASDFRb', 'https://crustal.usgs.gov/speclab/data/HTMLmetadata/Vermiculite_ALB23SC00_expOre_ASDFRb_AREF.html', 'https://crustal.usgs.gov/speclab/data/ZIPrecords/ZIPdata_splib07a/ChapterA_ArtificialMaterials/splib07a_Vermiculite_ALB23SC00_expOre_ASDFRb_AREF.zip']
['Vermiculite_GDS327_expandOre_ASDFRb', 'https://crustal.usgs.gov/speclab/data/HTMLmetadata/Vermiculite_GDS327_expandOre_ASDFRb_AREF.html', 'https://crustal.usgs.gov/speclab/data/ZIPrecords/ZIPdata_splib07a/ChapterA_ArtificialMaterials/splib07a_Vermiculite_GDS327_expandOre_ASDFRb_AREF.zip']
['Vermiculite_GDS332_expandOre_ASDFRb', 'https://crustal.usgs.gov/speclab/data/HTMLmetadata/Vermiculite_GDS332_expandOre_ASDFRb_AREF.html', 'https://crustal.usgs.gov/speclab/data/ZIPrecords/ZIPdata_splib07a/ChapterA_ArtificialMaterials/splib07a_Vermiculite_GDS332_expandOre_ASDFRb_AREF.zip']
['Vermiculite_GDS445_expandOre_ASDFRb', 'https://crustal.usgs.gov/speclab/data/HTMLmetadata/Vermiculite_GDS445_expandOre_ASDFRb_AREF.html', 'https://crustal.usgs.gov/speclab/data/ZIPrecords/ZIPdata_splib07a/ChapterA_ArtificialMaterials/splib07a_Vermiculite_GDS445_expandOre_ASDFRb_AREF.zip']
['Vermiculite_GDS450_expandOre_ASDFRb', 'https://crustal.usgs.gov/speclab/data/HTMLmetadata/Vermiculite_GDS450_expandOre_ASDFRb_AREF.html', 'https://crustal.usgs.gov/speclab/data/ZIPrecords/ZIPdata_splib07a/ChapterA_ArtificialMaterials/splib07a_Vermiculite_GDS450_expandOre_ASDFRb_AREF.zip']
['Vermiculite_GDS453_expandOre_ASDFRb', 'https://crustal.usgs.gov/speclab/data/HTMLmetadata/Vermiculite_GDS453_expandOre_ASDFRb_AREF.html', 'https://crustal.usgs.gov/speclab/data/ZIPrecords/ZIPdata_splib07a/ChapterA_ArtificialMaterials/splib07a_Vermiculite_GDS453_expandOre_ASDFRb_AREF.zip']
['Vermiculite_GDS455_expandOre_ASDFRb', 'https://crustal.usgs.gov/speclab/data/HTMLmetadata/Vermiculite_GDS455_expandOre_ASDFRb_AREF.html', 'https://crustal.usgs.gov/speclab/data/ZIPrecords/ZIPdata_splib07a/ChapterA_ArtificialMaterials/splib07a_Vermiculite_GDS455_expandOre_ASDFRb_AREF.zip']
['Vermiculite_GDS460_expandOre_ASDFRb', 'https://crustal.usgs.gov/speclab/data/HTMLmetadata/Vermiculite_GDS460_expandOre_ASDFRb_AREF.html', 'https://crustal.usgs.gov/speclab/data/ZIPrecords/ZIPdata_splib07a/ChapterA_ArtificialMaterials/splib07a_Vermiculite_GDS460_expandOre_ASDFRb_AREF.zip']
['Vermiculite_GDS626_expandOre_ASDFRb', 'https://crustal.usgs.gov/speclab/data/HTMLmetadata/Vermiculite_GDS626_expandOre_ASDFRb_AREF.html', 'https://crustal.usgs.gov/speclab/data/ZIPrecords/ZIPdata_splib07a/ChapterA_ArtificialMaterials/splib07a_Vermiculite_GDS626_expandOre_ASDFRb_AREF.zip']
['Vermiculite_GDS627_expandOre_ASDFRb', 'https://crustal.usgs.gov/speclab/data/HTMLmetadata/Vermiculite_GDS627_expandOre_ASDFRb_AREF.html', 'https://crustal.usgs.gov/speclab/data/ZIPrecords/ZIPdata_splib07a/ChapterA_ArtificialMaterials/splib07a_Vermiculite_GDS627_expandOre_ASDFRb_AREF.zip']
['Vermiculite_GDS628_expandOre_ASDFRb', 'https://crustal.usgs.gov/speclab/data/HTMLmetadata/Vermiculite_GDS628_expandOre_ASDFRb_AREF.html', 'https://crustal.usgs.gov/speclab/data/ZIPrecords/ZIPdata_splib07a/ChapterA_ArtificialMaterials/splib07a_Vermiculite_GDS628_expandOre_ASDFRb_AREF.zip']
['Vermiculite_GDS629_expandOre_ASDFRb', 'https://crustal.usgs.gov/speclab/data/HTMLmetadata/Vermiculite_GDS629_expandOre_ASDFRb_AREF.html', 'https://crustal.usgs.gov/speclab/data/ZIPrecords/ZIPdata_splib07a/ChapterA_ArtificialMaterials/splib07a_Vermiculite_GDS629_expandOre_ASDFRb_AREF.zip']
['Vermiculite_GDS631_expandOre_ASDFRb', 'https://crustal.usgs.gov/speclab/data/HTMLmetadata/Vermiculite_GDS631_expandOre_ASDFRb_AREF.html', 'https://crustal.usgs.gov/speclab/data/ZIPrecords/ZIPdata_splib07a/ChapterA_ArtificialMaterials/splib07a_Vermiculite_GDS631_expandOre_ASDFRb_AREF.zip']
['Vermiculite_GDS649_expandOre_ASDFRb', 'https://crustal.usgs.gov/speclab/data/HTMLmetadata/Vermiculite_GDS649_expandOre_ASDFRb_AREF.html', 'https://crustal.usgs.gov/speclab/data/ZIPrecords/ZIPdata_splib07a/ChapterA_ArtificialMaterials/splib07a_Vermiculite_GDS649_expandOre_ASDFRb_AREF.zip']
['Vermiculite_GDS650_expandOre_ASDFRb', 'https://crustal.usgs.gov/speclab/data/HTMLmetadata/Vermiculite_GDS650_expandOre_ASDFRb_AREF.html', 'https://crustal.usgs.gov/speclab/data/ZIPrecords/ZIPdata_splib07a/ChapterA_ArtificialMaterials/splib07a_Vermiculite_GDS650_expandOre_ASDFRb_AREF.zip']
['Vermiculite_GDS651_expandOre_ASDFRb', 'https://crustal.usgs.gov/speclab/data/HTMLmetadata/Vermiculite_GDS651_expandOre_ASDFRb_AREF.html', 'https://crustal.usgs.gov/speclab/data/ZIPrecords/ZIPdata_splib07a/ChapterA_ArtificialMaterials/splib07a_Vermiculite_GDS651_expandOre_ASDFRb_AREF.zip']
['Vermiculite_GDS652_expandOre_ASDFRb', 'https://crustal.usgs.gov/speclab/data/HTMLmetadata/Vermiculite_GDS652_expandOre_ASDFRb_AREF.html', 'https://crustal.usgs.gov/speclab/data/ZIPrecords/ZIPdata_splib07a/ChapterA_ArtificialMaterials/splib07a_Vermiculite_GDS652_expandOre_ASDFRb_AREF.zip']
['Vermiculite_GDS653_expandOre_ASDFRb', 'https://crustal.usgs.gov/speclab/data/HTMLmetadata/Vermiculite_GDS653_expandOre_ASDFRb_AREF.html', 'https://crustal.usgs.gov/speclab/data/ZIPrecords/ZIPdata_splib07a/ChapterA_ArtificialMaterials/splib07a_Vermiculite_GDS653_expandOre_ASDFRb_AREF.zip']
['Vermiculite_GDS663_expandOre_ASDFRb', 'https://crustal.usgs.gov/speclab/data/HTMLmetadata/Vermiculite_GDS663_expandOre_ASDFRb_AREF.html', 'https://crustal.usgs.gov/speclab/data/ZIPrecords/ZIPdata_splib07a/ChapterA_ArtificialMaterials/splib07a_Vermiculite_GDS663_expandOre_ASDFRb_AREF.zip']
['Vermiculite_GDS700_expandOre_ASDFRb', 'https://crustal.usgs.gov/speclab/data/HTMLmetadata/Vermiculite_GDS700_expandOre_ASDFRb_AREF.html', 'https://crustal.usgs.gov/speclab/data/ZIPrecords/ZIPdata_splib07a/ChapterA_ArtificialMaterials/splib07a_Vermiculite_GDS700_expandOre_ASDFRb_AREF.zip']
['Vermiculite_GDS701_expandOre_ASDFRb', 'https://crustal.usgs.gov/speclab/data/HTMLmetadata/Vermiculite_GDS701_expandOre_ASDFRb_AREF.html', 'https://crustal.usgs.gov/speclab/data/ZIPrecords/ZIPdata_splib07a/ChapterA_ArtificialMaterials/splib07a_Vermiculite_GDS701_expandOre_ASDFRb_AREF.zip']
['Vermiculite_GDS823_expandOre_ASDFRb', 'https://crustal.usgs.gov/speclab/data/HTMLmetadata/Vermiculite_GDS823_expandOre_ASDFRb_AREF.html', 'https://crustal.usgs.gov/speclab/data/ZIPrecords/ZIPdata_splib07a/ChapterA_ArtificialMaterials/splib07a_Vermiculite_GDS823_expandOre_ASDFRb_AREF.zip']
['Vermiculite_GDS836_expandOre_ASDFRb', 'https://crustal.usgs.gov/speclab/data/HTMLmetadata/Vermiculite_GDS836_expandOre_ASDFRb_AREF.html', 'https://crustal.usgs.gov/speclab/data/ZIPrecords/ZIPdata_splib07a/ChapterA_ArtificialMaterials/splib07a_Vermiculite_GDS836_expandOre_ASDFRb_AREF.zip']
['Vermiculite_GDS847_expandOre_ASDFRb', 'https://crustal.usgs.gov/speclab/data/HTMLmetadata/Vermiculite_GDS847_expandOre_ASDFRb_AREF.html', 'https://crustal.usgs.gov/speclab/data/ZIPrecords/ZIPdata_splib07a/ChapterA_ArtificialMaterials/splib07a_Vermiculite_GDS847_expandOre_ASDFRb_AREF.zip']
['Vermiculite_GDS850_expandOre_ASDFRb', 'https://crustal.usgs.gov/speclab/data/HTMLmetadata/Vermiculite_GDS850_expandOre_ASDFRb_AREF.html', 'https://crustal.usgs.gov/speclab/data/ZIPrecords/ZIPdata_splib07a/ChapterA_ArtificialMaterials/splib07a_Vermiculite_GDS850_expandOre_ASDFRb_AREF.zip']
['Vermiculite_GDS876_expandOre_ASDFRb', 'https://crustal.usgs.gov/speclab/data/HTMLmetadata/Vermiculite_GDS876_expandOre_ASDFRb_AREF.html', 'https://crustal.usgs.gov/speclab/data/ZIPrecords/ZIPdata_splib07a/ChapterA_ArtificialMaterials/splib07a_Vermiculite_GDS876_expandOre_ASDFRb_AREF.zip']
['Vermiculite_GDS886_expandOre_ASDFRb', 'https://crustal.usgs.gov/speclab/data/HTMLmetadata/Vermiculite_GDS886_expandOre_ASDFRb_AREF.html', 'https://crustal.usgs.gov/speclab/data/ZIPrecords/ZIPdata_splib07a/ChapterA_ArtificialMaterials/splib07a_Vermiculite_GDS886_expandOre_ASDFRb_AREF.zip']
['Vermiculite_GDS887_expandOre_ASDFRb', 'https://crustal.usgs.gov/speclab/data/HTMLmetadata/Vermiculite_GDS887_expandOre_ASDFRb_AREF.html', 'https://crustal.usgs.gov/speclab/data/ZIPrecords/ZIPdata_splib07a/ChapterA_ArtificialMaterials/splib07a_Vermiculite_GDS887_expandOre_ASDFRb_AREF.zip']
['Vermiculite_GDS906_expandOre_ASDFRb', 'https://crustal.usgs.gov/speclab/data/HTMLmetadata/Vermiculite_GDS906_expandOre_ASDFRb_AREF.html', 'https://crustal.usgs.gov/speclab/data/ZIPrecords/ZIPdata_splib07a/ChapterA_ArtificialMaterials/splib07a_Vermiculite_GDS906_expandOre_ASDFRb_AREF.zip']
['Vermiculite_GDS907_expandOre_ASDFRb', 'https://crustal.usgs.gov/speclab/data/HTMLmetadata/Vermiculite_GDS907_expandOre_ASDFRb_AREF.html', 'https://crustal.usgs.gov/speclab/data/ZIPrecords/ZIPdata_splib07a/ChapterA_ArtificialMaterials/splib07a_Vermiculite_GDS907_expandOre_ASDFRb_AREF.zip']
['Vermiculite_GDS908_expandOre_ASDFRb', 'https://crustal.usgs.gov/speclab/data/HTMLmetadata/Vermiculite_GDS908_expandOre_ASDFRb_AREF.html', 'https://crustal.usgs.gov/speclab/data/ZIPrecords/ZIPdata_splib07a/ChapterA_ArtificialMaterials/splib07a_Vermiculite_GDS908_expandOre_ASDFRb_AREF.zip']
['Vermiculite_GDS909_expandOre_ASDFRb', 'https://crustal.usgs.gov/speclab/data/HTMLmetadata/Vermiculite_GDS909_expandOre_ASDFRb_AREF.html', 'https://crustal.usgs.gov/speclab/data/ZIPrecords/ZIPdata_splib07a/ChapterA_ArtificialMaterials/splib07a_Vermiculite_GDS909_expandOre_ASDFRb_AREF.zip']
['Vermiculite_GDS910_expandOre_ASDFRb', 'https://crustal.usgs.gov/speclab/data/HTMLmetadata/Vermiculite_GDS910_expandOre_ASDFRb_AREF.html', 'https://crustal.usgs.gov/speclab/data/ZIPrecords/ZIPdata_splib07a/ChapterA_ArtificialMaterials/splib07a_Vermiculite_GDS910_expandOre_ASDFRb_AREF.zip']
['Vermiculite_GDS911_expandOre_ASDFRb', 'https://crustal.usgs.gov/speclab/data/HTMLmetadata/Vermiculite_GDS911_expandOre_ASDFRb_AREF.html', 'https://crustal.usgs.gov/speclab/data/ZIPrecords/ZIPdata_splib07a/ChapterA_ArtificialMaterials/splib07a_Vermiculite_GDS911_expandOre_ASDFRb_AREF.zip']
['Vermiculite_GDS912_expandOre_ASDFRb', 'https://crustal.usgs.gov/speclab/data/HTMLmetadata/Vermiculite_GDS912_expandOre_ASDFRb_AREF.html', 'https://crustal.usgs.gov/speclab/data/ZIPrecords/ZIPdata_splib07a/ChapterA_ArtificialMaterials/splib07a_Vermiculite_GDS912_expandOre_ASDFRb_AREF.zip']
['Vermiculite_GDS913_expandOre_ASDFRb', 'https://crustal.usgs.gov/speclab/data/HTMLmetadata/Vermiculite_GDS913_expandOre_ASDFRb_AREF.html', 'https://crustal.usgs.gov/speclab/data/ZIPrecords/ZIPdata_splib07a/ChapterA_ArtificialMaterials/splib07a_Vermiculite_GDS913_expandOre_ASDFRb_AREF.zip']
['Vermiculite_GDS914_expandOre_ASDFRb', 'https://crustal.usgs.gov/speclab/data/HTMLmetadata/Vermiculite_GDS914_expandOre_ASDFRb_AREF.html', 'https://crustal.usgs.gov/speclab/data/ZIPrecords/ZIPdata_splib07a/ChapterA_ArtificialMaterials/splib07a_Vermiculite_GDS914_expandOre_ASDFRb_AREF.zip']
['Vermiculite_GDS915_expandOre_ASDFRb', 'https://crustal.usgs.gov/speclab/data/HTMLmetadata/Vermiculite_GDS915_expandOre_ASDFRb_AREF.html', 'https://crustal.usgs.gov/speclab/data/ZIPrecords/ZIPdata_splib07a/ChapterA_ArtificialMaterials/splib07a_Vermiculite_GDS915_expandOre_ASDFRb_AREF.zip']
['Vermiculite_GDS916_expandOre_ASDFRb', 'https://crustal.usgs.gov/speclab/data/HTMLmetadata/Vermiculite_GDS916_expandOre_ASDFRb_AREF.html', 'https://crustal.usgs.gov/speclab/data/ZIPrecords/ZIPdata_splib07a/ChapterA_ArtificialMaterials/splib07a_Vermiculite_GDS916_expandOre_ASDFRb_AREF.zip']
['Vermiculite_GDS917_expandOre_ASDFRb', 'https://crustal.usgs.gov/speclab/data/HTMLmetadata/Vermiculite_GDS917_expandOre_ASDFRb_AREF.html', 'https://crustal.usgs.gov/speclab/data/ZIPrecords/ZIPdata_splib07a/ChapterA_ArtificialMaterials/splib07a_Vermiculite_GDS917_expandOre_ASDFRb_AREF.zip']
['Vermiculite_GDS918_expandOre_ASDFRb', 'https://crustal.usgs.gov/speclab/data/HTMLmetadata/Vermiculite_GDS918_expandOre_ASDFRb_AREF.html', 'https://crustal.usgs.gov/speclab/data/ZIPrecords/ZIPdata_splib07a/ChapterA_ArtificialMaterials/splib07a_Vermiculite_GDS918_expandOre_ASDFRb_AREF.zip']
['Vermiculite_GDS919_expandOre_ASDFRb', 'https://crustal.usgs.gov/speclab/data/HTMLmetadata/Vermiculite_GDS919_expandOre_ASDFRb_AREF.html', 'https://crustal.usgs.gov/speclab/data/ZIPrecords/ZIPdata_splib07a/ChapterA_ArtificialMaterials/splib07a_Vermiculite_GDS919_expandOre_ASDFRb_AREF.zip']
['Vermiculite_GDS920_expandOre_ASDFRb', 'https://crustal.usgs.gov/speclab/data/HTMLmetadata/Vermiculite_GDS920_expandOre_ASDFRb_AREF.html', 'https://crustal.usgs.gov/speclab/data/ZIPrecords/ZIPdata_splib07a/ChapterA_ArtificialMaterials/splib07a_Vermiculite_GDS920_expandOre_ASDFRb_AREF.zip']
['Vermiculite_GDS921_expandOre_ASDFRb', 'https://crustal.usgs.gov/speclab/data/HTMLmetadata/Vermiculite_GDS921_expandOre_ASDFRb_AREF.html', 'https://crustal.usgs.gov/speclab/data/ZIPrecords/ZIPdata_splib07a/ChapterA_ArtificialMaterials/splib07a_Vermiculite_GDS921_expandOre_ASDFRb_AREF.zip']
['Vermiculite_GDS922_expandOre_ASDFRb', 'https://crustal.usgs.gov/speclab/data/HTMLmetadata/Vermiculite_GDS922_expandOre_ASDFRb_AREF.html', 'https://crustal.usgs.gov/speclab/data/ZIPrecords/ZIPdata_splib07a/ChapterA_ArtificialMaterials/splib07a_Vermiculite_GDS922_expandOre_ASDFRb_AREF.zip']
['Vermiculite_GDS923_expandOre_ASDFRb', 'https://crustal.usgs.gov/speclab/data/HTMLmetadata/Vermiculite_GDS923_expandOre_ASDFRb_AREF.html', 'https://crustal.usgs.gov/speclab/data/ZIPrecords/ZIPdata_splib07a/ChapterA_ArtificialMaterials/splib07a_Vermiculite_GDS923_expandOre_ASDFRb_AREF.zip']
['Vermiculite_GDS924_expandOre_ASDFRb', 'https://crustal.usgs.gov/speclab/data/HTMLmetadata/Vermiculite_GDS924_expandOre_ASDFRb_AREF.html', 'https://crustal.usgs.gov/speclab/data/ZIPrecords/ZIPdata_splib07a/ChapterA_ArtificialMaterials/splib07a_Vermiculite_GDS924_expandOre_ASDFRb_AREF.zip']
['Vermiculite_GDS925_expandOre_ASDFRb', 'https://crustal.usgs.gov/speclab/data/HTMLmetadata/Vermiculite_GDS925_expandOre_ASDFRb_AREF.html', 'https://crustal.usgs.gov/speclab/data/ZIPrecords/ZIPdata_splib07a/ChapterA_ArtificialMaterials/splib07a_Vermiculite_GDS925_expandOre_ASDFRb_AREF.zip']
['Vermiculite_Li2UI_expand_Ore_ASDFRb', 'https://crustal.usgs.gov/speclab/data/HTMLmetadata/Vermiculite_Li2UI_expand_Ore_ASDFRb_AREF.html', 'https://crustal.usgs.gov/speclab/data/ZIPrecords/ZIPdata_splib07a/ChapterA_ArtificialMaterials/splib07a_Vermiculite_Li2UI_expand_Ore_ASDFRb_AREF.zip']
['Vermiculite_at1UI_expand_Ore_ASDFRb', 'https://crustal.usgs.gov/speclab/data/HTMLmetadata/Vermiculite_at1UI_expand_Ore_ASDFRb_AREF.html', 'https://crustal.usgs.gov/speclab/data/ZIPrecords/ZIPdata_splib07a/ChapterA_ArtificialMaterials/splib07a_Vermiculite_at1UI_expand_Ore_ASDFRb_AREF.zip']
['Vermillion_GDS779_ASDFRa', 'https://crustal.usgs.gov/speclab/data/HTMLmetadata/Vermillion_GDS779_ASDFRa_AREF.html', 'https://crustal.usgs.gov/speclab/data/ZIPrecords/ZIPdata_splib07a/ChapterA_ArtificialMaterials/splib07a_Vermillion_GDS779_ASDFRa_AREF.zip']
['Viridian_GDS800_ASDFRa', 'https://crustal.usgs.gov/speclab/data/HTMLmetadata/Viridian_GDS800_ASDFRa_AREF.html', 'https://crustal.usgs.gov/speclab/data/ZIPrecords/ZIPdata_splib07a/ChapterA_ArtificialMaterials/splib07a_Viridian_GDS800_ASDFRa_AREF.zip']
['WTC_Dust_Debris_WTC01-28_ASDFRa', 'https://crustal.usgs.gov/speclab/data/HTMLmetadata/WTC_Dust_Debris_WTC01-28_ASDFRa_AREF.html', 'https://crustal.usgs.gov/speclab/data/ZIPrecords/ZIPdata_splib07a/ChapterA_ArtificialMaterials/splib07a_WTC_Dust_Debris_WTC01-28_ASDFRa_AREF.zip']
['WTC_Dust_Debris_WTC01-2_ASDFRa', 'https://crustal.usgs.gov/speclab/data/HTMLmetadata/WTC_Dust_Debris_WTC01-2_ASDFRa_AREF.html', 'https://crustal.usgs.gov/speclab/data/ZIPrecords/ZIPdata_splib07a/ChapterA_ArtificialMaterials/splib07a_WTC_Dust_Debris_WTC01-2_ASDFRa_AREF.zip']
['Wood_Beam_GDS363_Nw_Pine_2X4_ASDFRa', 'https://crustal.usgs.gov/speclab/data/HTMLmetadata/Wood_Beam_GDS363_Nw_Pine_2X4_ASDFRa_AREF.html', 'https://crustal.usgs.gov/speclab/data/ZIPrecords/ZIPdata_splib07a/ChapterA_ArtificialMaterials/splib07a_Wood_Beam_GDS363_Nw_Pine_2X4_ASDFRa_AREF.zip']
['Yellow_ochre_GDS794_Germany_ASDFRa', 'https://crustal.usgs.gov/speclab/data/HTMLmetadata/Yellow_ochre_GDS794_Germany_ASDFRa_AREF.html', 'https://crustal.usgs.gov/speclab/data/ZIPrecords/ZIPdata_splib07a/ChapterA_ArtificialMaterials/splib07a_Yellow_ochre_GDS794_Germany_ASDFRa_AREF.zip']
['Ytterbium_Oxide_J.M._319_ASDFRa', 'https://crustal.usgs.gov/speclab/data/HTMLmetadata/Ytterbium_Oxide_J.M._319_ASDFRa_AREF.html', 'https://crustal.usgs.gov/speclab/data/ZIPrecords/ZIPdata_splib07a/ChapterA_ArtificialMaterials/splib07a_Ytterbium_Oxide_J.M._319_ASDFRa_AREF.zip']
['Yttrium_Oxide_5-9s_SPEX_ASDFRa', 'https://crustal.usgs.gov/speclab/data/HTMLmetadata/Yttrium_Oxide_5-9s_SPEX_ASDFRa_AREF.html', 'https://crustal.usgs.gov/speclab/data/ZIPrecords/ZIPdata_splib07a/ChapterA_ArtificialMaterials/splib07a_Yttrium_Oxide_5-9s_SPEX_ASDFRa_AREF.zip']
['Yttrium_Oxide_J.M._301_ASDFRa', 'https://crustal.usgs.gov/speclab/data/HTMLmetadata/Yttrium_Oxide_J.M._301_ASDFRa_AREF.html', 'https://crustal.usgs.gov/speclab/data/ZIPrecords/ZIPdata_splib07a/ChapterA_ArtificialMaterials/splib07a_Yttrium_Oxide_J.M._301_ASDFRa_AREF.zip']
['Zinc_oxide_GDS807_(ZnO)_ASDFRa', 'https://crustal.usgs.gov/speclab/data/HTMLmetadata/Zinc_oxide_GDS807_(ZnO)_ASDFRa_AREF.html', 'https://crustal.usgs.gov/speclab/data/ZIPrecords/ZIPdata_splib07a/ChapterA_ArtificialMaterials/splib07a_Zinc_oxide_GDS807_(ZnO)_ASDFRa_AREF.zip']
