["Ammonium_Chloride GDS77 W1R1Ba AREF","https://archive.usgs.gov/archive/sites/speclab.cr.usgs.gov/spectral.lib06/ds231/DESCRIPT/A/ammonium_chloride_gds77.html","https://archive.usgs.gov/archive/sites/speclab.cr.usgs.gov/spectral.lib06/ds231/ASCII/A/ammonium_chloride_gds77.27373.asc.txt"]
["Asphalt GDS376 Blck_Road old W1R1Fa AREF","https://archive.usgs.gov/archive/sites/speclab.cr.usgs.gov/spectral.lib06/ds231/DESCRIPT/A/black_old_asphaltroof_gds376.html","https://archive.usgs.gov/archive/sites/speclab.cr.usgs.gov/spectral.lib06/ds231/ASCII/A/black_old_asphaltroof_gds376.27384.asc.txt"]
["Asphalt_Shingle GDS366 Tan W1R1Fa AREF","https://archive.usgs.gov/archive/sites/speclab.cr.usgs.gov/spectral.lib06/ds231/DESCRIPT/A/asphalt_gds366.html","https://archive.usgs.gov/archive/sites/speclab.cr.usgs.gov/spectral.lib06/ds231/ASCII/A/asphalt_gds366.27407.asc.txt"]
["Asphalt_Shingle GDS367 DkGry W1R1Fa AREF","https://archive.usgs.gov/archive/sites/speclab.cr.usgs.gov/spectral.lib06/ds231/DESCRIPT/A/asphalt_gds367.html","https://archive.usgs.gov/archive/sites/speclab.cr.usgs.gov/spectral.lib06/ds231/ASCII/A/asphalt_gds367.27430.asc.txt"]
["Asphalt_Shingle GDS368 Lgray W1R1Fa AREF","https://archive.usgs.gov/archive/sites/speclab.cr.usgs.gov/spectral.lib06/ds231/DESCRIPT/A/asphalt_gds368.html","https://archive.usgs.gov/archive/sites/speclab.cr.usgs.gov/spectral.lib06/ds231/ASCII/A/asphalt_gds368.27454.asc.txt"]
["Asphalt_Tar GDS346 Blck_Roof W1R1Fa AREF","https://archive.usgs.gov/archive/sites/speclab.cr.usgs.gov/spectral.lib06/ds231/DESCRIPT/A/black_rooftar_gds346.html","https://archive.usgs.gov/archive/sites/speclab.cr.usgs.gov/spectral.lib06/ds231/ASCII/A/black_rooftar_gds346.27476.asc.txt"]
["Brick GDS347 Paving Tan W1R1Fa AREF","https://archive.usgs.gov/archive/sites/speclab.cr.usgs.gov/spectral.lib06/ds231/DESCRIPT/A/brick_gds347.html","https://archive.usgs.gov/archive/sites/speclab.cr.usgs.gov/spectral.lib06/ds231/ASCII/A/brick_gds347.27494.asc.txt"]
["Brick GDS348 Pave DkBrwngrey W1R1Fa AREF","https://archive.usgs.gov/archive/sites/speclab.cr.usgs.gov/spectral.lib06/ds231/DESCRIPT/A/brick_gds348.html","https://archive.usgs.gov/archive/sites/speclab.cr.usgs.gov/spectral.lib06/ds231/ASCII/A/brick_gds348.27516.asc.txt"]
["Brick GDS349 Paving Red W1R1Fa AREF","https://archive.usgs.gov/archive/sites/speclab.cr.usgs.gov/spectral.lib06/ds231/DESCRIPT/A/brick_gds349.html","https://archive.usgs.gov/archive/sites/speclab.cr.usgs.gov/spectral.lib06/ds231/ASCII/A/brick_gds349.27538.asc.txt"]
["Brick GDS350 Dk Red Building W1R1Fa AREF","https://archive.usgs.gov/archive/sites/speclab.cr.usgs.gov/spectral.lib06/ds231/DESCRIPT/A/brick_gds350.html","https://archive.usgs.gov/archive/sites/speclab.cr.usgs.gov/spectral.lib06/ds231/ASCII/A/brick_gds350.27559.asc.txt"]
["Brick GDS353 Building MedRed W1R1Fa AREF","https://archive.usgs.gov/archive/sites/speclab.cr.usgs.gov/spectral.lib06/ds231/DESCRIPT/A/brick_gds353.html","https://archive.usgs.gov/archive/sites/speclab.cr.usgs.gov/spectral.lib06/ds231/ASCII/A/brick_gds353.27580.asc.txt"]
["Brick GDS354 Building Lt Gry W1R1Fa AREF","https://archive.usgs.gov/archive/sites/speclab.cr.usgs.gov/spectral.lib06/ds231/DESCRIPT/A/brick_gds354.html","https://archive.usgs.gov/archive/sites/speclab.cr.usgs.gov/spectral.lib06/ds231/ASCII/A/brick_gds354.27601.asc.txt"]
["Brick GDS355 Building Dk Gry W1R1Fa AREF","https://archive.usgs.gov/archive/sites/speclab.cr.usgs.gov/spectral.lib06/ds231/DESCRIPT/A/brick_gds355.html","https://archive.usgs.gov/archive/sites/speclab.cr.usgs.gov/spectral.lib06/ds231/ASCII/A/brick_gds355.27620.asc.txt"]
["Burlap_Fabric GDS430 Brown W1R1Fa AREF","https://archive.usgs.gov/archive/sites/speclab.cr.usgs.gov/spectral.lib06/ds231/DESCRIPT/A/fabric_gds430.html","https://archive.usgs.gov/archive/sites/speclab.cr.usgs.gov/spectral.lib06/ds231/ASCII/A/fabric_gds430.27645.asc.txt"]
["Cardboard GDS371 Brn Corgted W1R1Fa AREF","https://archive.usgs.gov/archive/sites/speclab.cr.usgs.gov/spectral.lib06/ds231/DESCRIPT/A/cardboard_gds371.html","https://archive.usgs.gov/archive/sites/speclab.cr.usgs.gov/spectral.lib06/ds231/ASCII/A/cardboard_gds371.27664.asc.txt"]
["Nylon_Carpet GDS535 LtBrown W1R1Fa AREF","https://archive.usgs.gov/archive/sites/speclab.cr.usgs.gov/spectral.lib06/ds231/DESCRIPT/A/nylon_carpet_gds535.html","https://archive.usgs.gov/archive/sites/speclab.cr.usgs.gov/spectral.lib06/ds231/ASCII/A/nylon_carpet_gds535.27683.asc.txt"]
["Nylon_Carpet GDS536 Gry Pile W1R1Fa AREF","https://archive.usgs.gov/archive/sites/speclab.cr.usgs.gov/spectral.lib06/ds231/DESCRIPT/A/nylon_carpet_gds536.html","https://archive.usgs.gov/archive/sites/speclab.cr.usgs.gov/spectral.lib06/ds231/ASCII/A/nylon_carpet_gds536.27703.asc.txt"]
["Cedar_Shake GDS357 Fresh W1R1Fa AREF","https://archive.usgs.gov/archive/sites/speclab.cr.usgs.gov/spectral.lib06/ds231/DESCRIPT/A/cedar_gds357.html","https://archive.usgs.gov/archive/sites/speclab.cr.usgs.gov/spectral.lib06/ds231/ASCII/A/cedar_gds357.27723.asc.txt"]
["Cedar_Shake GDS358 SlgWeathr W1R1Fa AREF","https://archive.usgs.gov/archive/sites/speclab.cr.usgs.gov/spectral.lib06/ds231/DESCRIPT/A/cedar_gds358.html","https://archive.usgs.gov/archive/sites/speclab.cr.usgs.gov/spectral.lib06/ds231/ASCII/A/cedar_gds358.27742.asc.txt"]
["Cedar_Shake GDS359 MedWeathr W1R1Fa AREF","https://archive.usgs.gov/archive/sites/speclab.cr.usgs.gov/spectral.lib06/ds231/DESCRIPT/A/cedar_gds359.html","https://archive.usgs.gov/archive/sites/speclab.cr.usgs.gov/spectral.lib06/ds231/ASCII/A/cedar_gds359.27761.asc.txt"]
["Cedar_Shake GDS360 H Weamoss W1R1Fa AREF","https://archive.usgs.gov/archive/sites/speclab.cr.usgs.gov/spectral.lib06/ds231/DESCRIPT/A/cedar_gds360.html","https://archive.usgs.gov/archive/sites/speclab.cr.usgs.gov/spectral.lib06/ds231/ASCII/A/cedar_gds360.27781.asc.txt"]
["Cedar_Shake GDS361 HiWeather W1R1Fa AREF","https://archive.usgs.gov/archive/sites/speclab.cr.usgs.gov/spectral.lib06/ds231/DESCRIPT/A/cedar_gds361.html","https://archive.usgs.gov/archive/sites/speclab.cr.usgs.gov/spectral.lib06/ds231/ASCII/A/cedar_gds361.27800.asc.txt"]
["Cinder_Block GDS356 Lg Grey W1R1Fa AREF","https://archive.usgs.gov/archive/sites/speclab.cr.usgs.gov/spectral.lib06/ds231/DESCRIPT/A/cinderblock_gds356.html","https://archive.usgs.gov/archive/sites/speclab.cr.usgs.gov/spectral.lib06/ds231/ASCII/A/cinderblock_gds356.27820.asc.txt"]
["Coated_Steel_Girder WTC01-8 W1R1Fa AREF","https://archive.usgs.gov/archive/sites/speclab.cr.usgs.gov/spectral.lib06/ds231/DESCRIPT/A/coat_steel_girder_wtc01-8.html","https://archive.usgs.gov/archive/sites/speclab.cr.usgs.gov/spectral.lib06/ds231/ASCII/A/coat_steel_girder_wtc01-8.27843.asc.txt"]
["Concrete GDS375 Lt Gry Road W1R1Fa AREF","https://archive.usgs.gov/archive/sites/speclab.cr.usgs.gov/spectral.lib06/ds231/DESCRIPT/A/concrete_gds375.html","https://archive.usgs.gov/archive/sites/speclab.cr.usgs.gov/spectral.lib06/ds231/ASCII/A/concrete_gds375.27862.asc.txt"]
["Concrete WTC01-37A W1R1Fa AREF","https://archive.usgs.gov/archive/sites/speclab.cr.usgs.gov/spectral.lib06/ds231/DESCRIPT/A/concrete_wtc01-37a.html","https://archive.usgs.gov/archive/sites/speclab.cr.usgs.gov/spectral.lib06/ds231/ASCII/A/concrete_wtc01-37a.27883.asc.txt"]
["Cotton_Fabric GDS437 White W1R1Fa AREF","https://archive.usgs.gov/archive/sites/speclab.cr.usgs.gov/spectral.lib06/ds231/DESCRIPT/A/fabric_gds437.html","https://archive.usgs.gov/archive/sites/speclab.cr.usgs.gov/spectral.lib06/ds231/ASCII/A/fabric_gds437.27904.asc.txt"]
["Cyanide_Cadmium_Potassium W2R4Na RREF","https://archive.usgs.gov/archive/sites/speclab.cr.usgs.gov/spectral.lib06/ds231/DESCRIPT/A/cyanide_cadnium_k.html","https://archive.usgs.gov/archive/sites/speclab.cr.usgs.gov/spectral.lib06/ds231/ASCII/A/cyanide_cadnium_k.27924.asc.txt"]
["Cyanide_Nickel_Potassium W2R4Na RREF","https://archive.usgs.gov/archive/sites/speclab.cr.usgs.gov/spectral.lib06/ds231/DESCRIPT/A/cyanide_nickel_k_1.html","https://archive.usgs.gov/archive/sites/speclab.cr.usgs.gov/spectral.lib06/ds231/ASCII/A/cyanide_nickel_k_1.27962.asc.txt"]
["Cyanide_Trihydrate CT1 W1R1Ba AREF","https://archive.usgs.gov/archive/sites/speclab.cr.usgs.gov/spectral.lib06/ds231/DESCRIPT/A/cyanide_trihydrate_ct1.html","https://archive.usgs.gov/archive/sites/speclab.cr.usgs.gov/spectral.lib06/ds231/ASCII/A/cyanide_trihydrate_ct1.28000.asc.txt"]
["Cyanide_Zinc_Potassium W1R1Ba AREF","https://archive.usgs.gov/archive/sites/speclab.cr.usgs.gov/spectral.lib06/ds231/DESCRIPT/A/cyanide_zinc_k_1.html","https://archive.usgs.gov/archive/sites/speclab.cr.usgs.gov/spectral.lib06/ds231/ASCII/A/cyanide_zinc_k_1.28013.asc.txt"]
["Cyanide_Zinc_Potassium W2R4Na RREF","https://archive.usgs.gov/archive/sites/speclab.cr.usgs.gov/spectral.lib06/ds231/DESCRIPT/A/cyanide_zinc_k_1.html","https://archive.usgs.gov/archive/sites/speclab.cr.usgs.gov/spectral.lib06/ds231/ASCII/A/cyanide_zinc_k_1.28027.asc.txt"]
["Cyanide_Potassium_Ferro W1R1Ba AREF","https://archive.usgs.gov/archive/sites/speclab.cr.usgs.gov/spectral.lib06/ds231/DESCRIPT/A/cyanide_potassium_ferro.html","https://archive.usgs.gov/archive/sites/speclab.cr.usgs.gov/spectral.lib06/ds231/ASCII/A/cyanide_potassium_ferro.28065.asc.txt"]
["Fiberglass GDS337 Grn Roofng W1R1Fa AREF","https://archive.usgs.gov/archive/sites/speclab.cr.usgs.gov/spectral.lib06/ds231/DESCRIPT/A/fiberglass_gds337.html","https://archive.usgs.gov/archive/sites/speclab.cr.usgs.gov/spectral.lib06/ds231/ASCII/A/fiberglass_gds337.28077.asc.txt"]
["Fiberglass GDS399 Clear Roof W1R1Fa AREF","https://archive.usgs.gov/archive/sites/speclab.cr.usgs.gov/spectral.lib06/ds231/DESCRIPT/A/fiberglass_gds399.html","https://archive.usgs.gov/archive/sites/speclab.cr.usgs.gov/spectral.lib06/ds231/ASCII/A/fiberglass_gds399.28096.asc.txt"]
["Fiberglass GDS335 Wh Roofing W1R1Fa AREF","https://archive.usgs.gov/archive/sites/speclab.cr.usgs.gov/spectral.lib06/ds231/DESCRIPT/A/fiberglass_gds335.html","https://archive.usgs.gov/archive/sites/speclab.cr.usgs.gov/spectral.lib06/ds231/ASCII/A/fiberglass_gds335.28116.asc.txt"]
["Fiberglass GDS336 Grn Roofng W1R1Fa AREF","https://archive.usgs.gov/archive/sites/speclab.cr.usgs.gov/spectral.lib06/ds231/DESCRIPT/A/fiberglass_gds336.html","https://archive.usgs.gov/archive/sites/speclab.cr.usgs.gov/spectral.lib06/ds231/ASCII/A/fiberglass_gds336.28136.asc.txt"]
["Fiberglass GDS374 Pnk Insul W1R1Fa AREF","https://archive.usgs.gov/archive/sites/speclab.cr.usgs.gov/spectral.lib06/ds231/DESCRIPT/A/fiberglass_gds374.html","https://archive.usgs.gov/archive/sites/speclab.cr.usgs.gov/spectral.lib06/ds231/ASCII/A/fiberglass_gds374.28155.asc.txt"]
["GalvanizedSheetMetal GDS334 W1R1Fa AREF","https://archive.usgs.gov/archive/sites/speclab.cr.usgs.gov/spectral.lib06/ds231/DESCRIPT/A/sheet_metal_gds334.html","https://archive.usgs.gov/archive/sites/speclab.cr.usgs.gov/spectral.lib06/ds231/ASCII/A/sheet_metal_gds334.28176.asc.txt"]
["Green_Slime SM93-14A Summitv W1R1Ba AREF","https://archive.usgs.gov/archive/sites/speclab.cr.usgs.gov/spectral.lib06/ds231/DESCRIPT/A/green_slime_sm93-14a.html","https://archive.usgs.gov/archive/sites/speclab.cr.usgs.gov/spectral.lib06/ds231/ASCII/A/green_slime_sm93-14a.28199.asc.txt"]
["Kerogen BK-Cornell W1R1Ba AREF","https://archive.usgs.gov/archive/sites/speclab.cr.usgs.gov/spectral.lib06/ds231/DESCRIPT/A/kerogen_bk-cornell.html","https://archive.usgs.gov/archive/sites/speclab.cr.usgs.gov/spectral.lib06/ds231/ASCII/A/kerogen_bk-cornell.28209.asc.txt"]
["Montmorill+Benzene SWy 1ml W1R1Ba AREF","https://archive.usgs.gov/archive/sites/speclab.cr.usgs.gov/spectral.lib06/ds231/DESCRIPT/A/montmorillonite_benzene.html","https://archive.usgs.gov/archive/sites/speclab.cr.usgs.gov/spectral.lib06/ds231/ASCII/A/montmorillonite_benzene.28220.asc.txt"]
["Montmorill+TCE SWy saturated W1R1Ba AREF","https://archive.usgs.gov/archive/sites/speclab.cr.usgs.gov/spectral.lib06/ds231/DESCRIPT/A/montmorillonite_tce.html","https://archive.usgs.gov/archive/sites/speclab.cr.usgs.gov/spectral.lib06/ds231/ASCII/A/montmorillonite_tce.28232.asc.txt"]
["Montmorill+Toluene SWy .5ml W1R1Ba AREF","https://archive.usgs.gov/archive/sites/speclab.cr.usgs.gov/spectral.lib06/ds231/DESCRIPT/A/montmorillonite_toluene.html","https://archive.usgs.gov/archive/sites/speclab.cr.usgs.gov/spectral.lib06/ds231/ASCII/A/montmorillonite_toluene.28244.asc.txt"]
["Montmorill+Trichlor SWy 1ml W1R1Ba AREF","https://archive.usgs.gov/archive/sites/speclab.cr.usgs.gov/spectral.lib06/ds231/DESCRIPT/A/montmorillonite_trichlor.html","https://archive.usgs.gov/archive/sites/speclab.cr.usgs.gov/spectral.lib06/ds231/ASCII/A/montmorillonite_trichlor.28256.asc.txt"]
["Montmorill+Unleaded_Gas SWy W1R1Ba AREF","https://archive.usgs.gov/archive/sites/speclab.cr.usgs.gov/spectral.lib06/ds231/DESCRIPT/A/montmorillonite_unleaded_gas.html","https://archive.usgs.gov/archive/sites/speclab.cr.usgs.gov/spectral.lib06/ds231/ASCII/A/montmorillonite_unleaded_gas.28268.asc.txt"]
["Nylon_Fabric GDS431 Red RpSt W1R1Fa AREF","https://archive.usgs.gov/archive/sites/speclab.cr.usgs.gov/spectral.lib06/ds231/DESCRIPT/A/nylon_gds431.html","https://archive.usgs.gov/archive/sites/speclab.cr.usgs.gov/spectral.lib06/ds231/ASCII/A/nylon_gds431.28280.asc.txt"]
["Nylon_Fabric GDS432 Grn RpSt W1R1Fa AREF","https://archive.usgs.gov/archive/sites/speclab.cr.usgs.gov/spectral.lib06/ds231/DESCRIPT/A/nylon_gds432.html","https://archive.usgs.gov/archive/sites/speclab.cr.usgs.gov/spectral.lib06/ds231/ASCII/A/nylon_gds432.28301.asc.txt"]
["Nylon_Fabric GDS433 Blu RpSt W1R1Fa AREF","https://archive.usgs.gov/archive/sites/speclab.cr.usgs.gov/spectral.lib06/ds231/DESCRIPT/A/nylon_gds433.html","https://archive.usgs.gov/archive/sites/speclab.cr.usgs.gov/spectral.lib06/ds231/ASCII/A/nylon_gds433.28321.asc.txt"]
["Nylon_Fabric GDS436 BlkCoatd W1R1Fa AREF","https://archive.usgs.gov/archive/sites/speclab.cr.usgs.gov/spectral.lib06/ds231/DESCRIPT/A/fabric_gds436.html","https://archive.usgs.gov/archive/sites/speclab.cr.usgs.gov/spectral.lib06/ds231/ASCII/A/fabric_gds436.28342.asc.txt"]
["Nylon_Webbing GDS428 OlvDrab W1R1Fa AREF","https://archive.usgs.gov/archive/sites/speclab.cr.usgs.gov/spectral.lib06/ds231/DESCRIPT/A/nylon_gds428.html","https://archive.usgs.gov/archive/sites/speclab.cr.usgs.gov/spectral.lib06/ds231/ASCII/A/nylon_gds428.28362.asc.txt"]
["Nylon_Webbing GDS438 Flr Yel W1R1Fa AREF","https://archive.usgs.gov/archive/sites/speclab.cr.usgs.gov/spectral.lib06/ds231/DESCRIPT/A/nylon_gds438.html","https://archive.usgs.gov/archive/sites/speclab.cr.usgs.gov/spectral.lib06/ds231/ASCII/A/nylon_gds438.28382.asc.txt"]
["Painted_Aluminum GDS333 LgGr W1R1Fa AREF","https://archive.usgs.gov/archive/sites/speclab.cr.usgs.gov/spectral.lib06/ds231/DESCRIPT/A/paint_gds333.html","https://archive.usgs.gov/archive/sites/speclab.cr.usgs.gov/spectral.lib06/ds231/ASCII/A/paint_gds333.28401.asc.txt"]
["Paper_Cotton_Bond PAPR1 100% W1R1Fa AREF","https://archive.usgs.gov/archive/sites/speclab.cr.usgs.gov/spectral.lib06/ds231/DESCRIPT/A/paper_cottonbond.html","https://archive.usgs.gov/archive/sites/speclab.cr.usgs.gov/spectral.lib06/ds231/ASCII/A/paper_cottonbond.28422.asc.txt"]
["Particle_Board GDS364 Fn Gr W1R1Fa AREF","https://archive.usgs.gov/archive/sites/speclab.cr.usgs.gov/spectral.lib06/ds231/DESCRIPT/A/particleboard_gds364.html","https://archive.usgs.gov/archive/sites/speclab.cr.usgs.gov/spectral.lib06/ds231/ASCII/A/particleboard_gds364.28443.asc.txt"]
["Plastic GGA-54 Grnhouse Roof W1R1Ba AREF","https://archive.usgs.gov/archive/sites/speclab.cr.usgs.gov/spectral.lib06/ds231/DESCRIPT/A/plastic_grnhouse_roof_gga-54.html","https://archive.usgs.gov/archive/sites/speclab.cr.usgs.gov/spectral.lib06/ds231/ASCII/A/plastic_grnhouse_roof_gga-54.28462.asc.txt"]
["Plastic_ABS GDS341 BlackPipe W1R1Fa AREF","https://archive.usgs.gov/archive/sites/speclab.cr.usgs.gov/spectral.lib06/ds231/DESCRIPT/A/pipe_gds341.html","https://archive.usgs.gov/archive/sites/speclab.cr.usgs.gov/spectral.lib06/ds231/ASCII/A/pipe_gds341.28474.asc.txt"]
["Plastic_HDPE GDS351 BlkSheet W1R1Fa AREF","https://archive.usgs.gov/archive/sites/speclab.cr.usgs.gov/spectral.lib06/ds231/DESCRIPT/A/plastic_sheet_gds351.html","https://archive.usgs.gov/archive/sites/speclab.cr.usgs.gov/spectral.lib06/ds231/ASCII/A/plastic_sheet_gds351.28497.asc.txt"]
["Plastic_HDPE GDS391 Blu-Grn W1R1Fa AREF","https://archive.usgs.gov/archive/sites/speclab.cr.usgs.gov/spectral.lib06/ds231/DESCRIPT/A/plastic_hdpe_gds391.html","https://archive.usgs.gov/archive/sites/speclab.cr.usgs.gov/spectral.lib06/ds231/ASCII/A/plastic_hdpe_gds391.28520.asc.txt"]
["Plastic_HDPE GDS393 GlosWhTr W1R1Fa AREF","https://archive.usgs.gov/archive/sites/speclab.cr.usgs.gov/spectral.lib06/ds231/DESCRIPT/A/plastic_hdpe_gds393.html","https://archive.usgs.gov/archive/sites/speclab.cr.usgs.gov/spectral.lib06/ds231/ASCII/A/plastic_hdpe_gds393.28542.asc.txt"]
["Plastic_HDPE GDS373 Grey Bag W1R1Fa AREF","https://archive.usgs.gov/archive/sites/speclab.cr.usgs.gov/spectral.lib06/ds231/DESCRIPT/A/plastic_gds373.html","https://archive.usgs.gov/archive/sites/speclab.cr.usgs.gov/spectral.lib06/ds231/ASCII/A/plastic_gds373.28562.asc.txt"]
["Plastic_HDPE GDS384 Wht Opaq W1R1Fa AREF","https://archive.usgs.gov/archive/sites/speclab.cr.usgs.gov/spectral.lib06/ds231/DESCRIPT/A/plastic_gds384.html","https://archive.usgs.gov/archive/sites/speclab.cr.usgs.gov/spectral.lib06/ds231/ASCII/A/plastic_gds384.28584.asc.txt"]
["Plastic_HDPE GDS385 WhTransl W1R1Fa AREF","https://archive.usgs.gov/archive/sites/speclab.cr.usgs.gov/spectral.lib06/ds231/DESCRIPT/A/plastic_gds385.html","https://archive.usgs.gov/archive/sites/speclab.cr.usgs.gov/spectral.lib06/ds231/ASCII/A/plastic_gds385.28604.asc.txt"]
["Plastic_HDPE GDS386 Yelopaqu W1R1Fa AREF","https://archive.usgs.gov/archive/sites/speclab.cr.usgs.gov/spectral.lib06/ds231/DESCRIPT/A/plastic_gds386.html","https://archive.usgs.gov/archive/sites/speclab.cr.usgs.gov/spectral.lib06/ds231/ASCII/A/plastic_gds386.28623.asc.txt"]
["Plastic_HDPE GDS387 WhTransl W1R1Fa AREF","https://archive.usgs.gov/archive/sites/speclab.cr.usgs.gov/spectral.lib06/ds231/DESCRIPT/A/plastic_gds387.html","https://archive.usgs.gov/archive/sites/speclab.cr.usgs.gov/spectral.lib06/ds231/ASCII/A/plastic_gds387.28643.asc.txt"]
["Plastic_HDPE GDS389 WhTransl W1R1Fa AREF","https://archive.usgs.gov/archive/sites/speclab.cr.usgs.gov/spectral.lib06/ds231/DESCRIPT/A/plastic_gds389.html","https://archive.usgs.gov/archive/sites/speclab.cr.usgs.gov/spectral.lib06/ds231/ASCII/A/plastic_gds389.28662.asc.txt"]
["Plastic_HDPE GDS390 Transpar W1R1Fa AREF","https://archive.usgs.gov/archive/sites/speclab.cr.usgs.gov/spectral.lib06/ds231/DESCRIPT/A/plastic_gds390.html","https://archive.usgs.gov/archive/sites/speclab.cr.usgs.gov/spectral.lib06/ds231/ASCII/A/plastic_gds390.28683.asc.txt"]
["Plastic_HDPE GDS392 WhTransl W1R1Fa AREF","https://archive.usgs.gov/archive/sites/speclab.cr.usgs.gov/spectral.lib06/ds231/DESCRIPT/A/plastic_hdpe_gds392.html","https://archive.usgs.gov/archive/sites/speclab.cr.usgs.gov/spectral.lib06/ds231/ASCII/A/plastic_hdpe_gds392.28706.asc.txt"]
["Plastic_HDPE GDS394 LgryTrns W1R1Fa AREF","https://archive.usgs.gov/archive/sites/speclab.cr.usgs.gov/spectral.lib06/ds231/DESCRIPT/A/plastic_gds394.html","https://archive.usgs.gov/archive/sites/speclab.cr.usgs.gov/spectral.lib06/ds231/ASCII/A/plastic_gds394.28727.asc.txt"]
["Plastic_HDPE GDS400 WhTrnslu W1R1Fa AREF","https://archive.usgs.gov/archive/sites/speclab.cr.usgs.gov/spectral.lib06/ds231/DESCRIPT/A/plastic_gds400.html","https://archive.usgs.gov/archive/sites/speclab.cr.usgs.gov/spectral.lib06/ds231/ASCII/A/plastic_gds400.28746.asc.txt"]
["Plastic_LDPE GDS402 Clr film W1R1Fa AREF","https://archive.usgs.gov/archive/sites/speclab.cr.usgs.gov/spectral.lib06/ds231/DESCRIPT/A/plastic_film_gds402.html","https://archive.usgs.gov/archive/sites/speclab.cr.usgs.gov/spectral.lib06/ds231/ASCII/A/plastic_film_gds402.28766.asc.txt"]
["Plastic_LDPE GDS405 Black W1R1Fa AREF","https://archive.usgs.gov/archive/sites/speclab.cr.usgs.gov/spectral.lib06/ds231/DESCRIPT/A/black_ldpe_plastic_gds405.html","https://archive.usgs.gov/archive/sites/speclab.cr.usgs.gov/spectral.lib06/ds231/ASCII/A/black_ldpe_plastic_gds405.28787.asc.txt"]
["Plastic_LDPE GDS401 Clr film W1R1Fa AREF","https://archive.usgs.gov/archive/sites/speclab.cr.usgs.gov/spectral.lib06/ds231/DESCRIPT/A/plastic_gds401.html","https://archive.usgs.gov/archive/sites/speclab.cr.usgs.gov/spectral.lib06/ds231/ASCII/A/plastic_gds401.28812.asc.txt"]
["Plastic_LDPE GDS404 WhTrnslu W1R1Fa AREF","https://archive.usgs.gov/archive/sites/speclab.cr.usgs.gov/spectral.lib06/ds231/DESCRIPT/A/plastic_gds404.html","https://archive.usgs.gov/archive/sites/speclab.cr.usgs.gov/spectral.lib06/ds231/ASCII/A/plastic_gds404.28833.asc.txt"]
["Plastic_LDPE GDS406 WhTrnslu W1R1Fa AREF","https://archive.usgs.gov/archive/sites/speclab.cr.usgs.gov/spectral.lib06/ds231/DESCRIPT/A/plastic_gds406.html","https://archive.usgs.gov/archive/sites/speclab.cr.usgs.gov/spectral.lib06/ds231/ASCII/A/plastic_gds406.28854.asc.txt"]
["Plastic_PETE GDS379 TrnslBrn W1R1Fa AREF","https://archive.usgs.gov/archive/sites/speclab.cr.usgs.gov/spectral.lib06/ds231/DESCRIPT/A/plastic_pete_gds379.html","https://archive.usgs.gov/archive/sites/speclab.cr.usgs.gov/spectral.lib06/ds231/ASCII/A/plastic_pete_gds379.28874.asc.txt"]
["Plastic_PETE GDS380 Clear W1R1Fa AREF","https://archive.usgs.gov/archive/sites/speclab.cr.usgs.gov/spectral.lib06/ds231/DESCRIPT/A/plastic_gds380.html","https://archive.usgs.gov/archive/sites/speclab.cr.usgs.gov/spectral.lib06/ds231/ASCII/A/plastic_gds380.28894.asc.txt"]
["Plastic_PETE GDS381 Clr-prpl W1R1Fa AREF","https://archive.usgs.gov/archive/sites/speclab.cr.usgs.gov/spectral.lib06/ds231/DESCRIPT/A/plastic_gds381.html","https://archive.usgs.gov/archive/sites/speclab.cr.usgs.gov/spectral.lib06/ds231/ASCII/A/plastic_gds381.28914.asc.txt"]
["Plastic_PETE GDS382 Black W1R1Fa AREF","https://archive.usgs.gov/archive/sites/speclab.cr.usgs.gov/spectral.lib06/ds231/DESCRIPT/A/plastic_gds382.html","https://archive.usgs.gov/archive/sites/speclab.cr.usgs.gov/spectral.lib06/ds231/ASCII/A/plastic_gds382.28935.asc.txt"]
["Plastic_PETE GDS383 Clrbluis W1R1Fa AREF","https://archive.usgs.gov/archive/sites/speclab.cr.usgs.gov/spectral.lib06/ds231/DESCRIPT/A/plastic_gds383.html","https://archive.usgs.gov/archive/sites/speclab.cr.usgs.gov/spectral.lib06/ds231/ASCII/A/plastic_gds383.28958.asc.txt"]
["Plastic_PVC GDS338 White W1R1Fa AREF","https://archive.usgs.gov/archive/sites/speclab.cr.usgs.gov/spectral.lib06/ds231/DESCRIPT/A/pipe_gds338.html","https://archive.usgs.gov/archive/sites/speclab.cr.usgs.gov/spectral.lib06/ds231/ASCII/A/pipe_gds338.28978.asc.txt"]
["Plastic_Pipe GDS342 Black W1R1Fa AREF","https://archive.usgs.gov/archive/sites/speclab.cr.usgs.gov/spectral.lib06/ds231/DESCRIPT/A/pipe_gds342.html","https://archive.usgs.gov/archive/sites/speclab.cr.usgs.gov/spectral.lib06/ds231/ASCII/A/pipe_gds342.28997.asc.txt"]
["Plastic_Pipe GDS344 Blue W1R1Fa AREF","https://archive.usgs.gov/archive/sites/speclab.cr.usgs.gov/spectral.lib06/ds231/DESCRIPT/A/pipe_gds344.html","https://archive.usgs.gov/archive/sites/speclab.cr.usgs.gov/spectral.lib06/ds231/ASCII/A/pipe_gds344.29017.asc.txt"]
["Plastic_Tarp GDS339 Green W1R1Fa AREF","https://archive.usgs.gov/archive/sites/speclab.cr.usgs.gov/spectral.lib06/ds231/DESCRIPT/A/tarp_gds339.html","https://archive.usgs.gov/archive/sites/speclab.cr.usgs.gov/spectral.lib06/ds231/ASCII/A/tarp_gds339.29036.asc.txt"]
["Plastic_Tarp GDS340 Blu_Wovn W1R1Fa AREF","https://archive.usgs.gov/archive/sites/speclab.cr.usgs.gov/spectral.lib06/ds231/DESCRIPT/A/tarp_gds340.html","https://archive.usgs.gov/archive/sites/speclab.cr.usgs.gov/spectral.lib06/ds231/ASCII/A/tarp_gds340.29055.asc.txt"]
["Plastic_Tyvek GDS369 White W1R1Fa AREF","https://archive.usgs.gov/archive/sites/speclab.cr.usgs.gov/spectral.lib06/ds231/DESCRIPT/A/plastic_gds369.html","https://archive.usgs.gov/archive/sites/speclab.cr.usgs.gov/spectral.lib06/ds231/ASCII/A/plastic_gds369.29074.asc.txt"]
["Plastic_Vinyl GDS372 White W1R1Fa AREF","https://archive.usgs.gov/archive/sites/speclab.cr.usgs.gov/spectral.lib06/ds231/DESCRIPT/A/vinyl_plastic_gds372.html","https://archive.usgs.gov/archive/sites/speclab.cr.usgs.gov/spectral.lib06/ds231/ASCII/A/vinyl_plastic_gds372.29096.asc.txt"]
["Plastic_Vinyl GDS395 Clr1mm W1R1Fa AREF","https://archive.usgs.gov/archive/sites/speclab.cr.usgs.gov/spectral.lib06/ds231/DESCRIPT/A/plastic_gds395.html","https://archive.usgs.gov/archive/sites/speclab.cr.usgs.gov/spectral.lib06/ds231/ASCII/A/plastic_gds395.29117.asc.txt"]
["Plastic_Vinyl GDS396 Clr1mm W1R1Fa AREF","https://archive.usgs.gov/archive/sites/speclab.cr.usgs.gov/spectral.lib06/ds231/DESCRIPT/A/plastic_gds396.html","https://archive.usgs.gov/archive/sites/speclab.cr.usgs.gov/spectral.lib06/ds231/ASCII/A/plastic_gds396.29137.asc.txt"]
["Plastic_Vinyl GDS397 Cl0.4mm W1R1Fa AREF","https://archive.usgs.gov/archive/sites/speclab.cr.usgs.gov/spectral.lib06/ds231/DESCRIPT/A/plastic_gds397.html","https://archive.usgs.gov/archive/sites/speclab.cr.usgs.gov/spectral.lib06/ds231/ASCII/A/plastic_gds397.29157.asc.txt"]
["Plastic_Vinyl GDS398 Red Toy W1R1Fa AREF","https://archive.usgs.gov/archive/sites/speclab.cr.usgs.gov/spectral.lib06/ds231/DESCRIPT/A/plastic_gds398.html","https://archive.usgs.gov/archive/sites/speclab.cr.usgs.gov/spectral.lib06/ds231/ASCII/A/plastic_gds398.29178.asc.txt"]
["Plastic_Visqueen GDS370 Clr W1R1Fa AREF","https://archive.usgs.gov/archive/sites/speclab.cr.usgs.gov/spectral.lib06/ds231/DESCRIPT/A/plastic_gds370.html","https://archive.usgs.gov/archive/sites/speclab.cr.usgs.gov/spectral.lib06/ds231/ASCII/A/plastic_gds370.29197.asc.txt"]
["Plywood GDS365 Fresh Pine W1R1Fa AREF","https://archive.usgs.gov/archive/sites/speclab.cr.usgs.gov/spectral.lib06/ds231/DESCRIPT/A/plywood_gds365.html","https://archive.usgs.gov/archive/sites/speclab.cr.usgs.gov/spectral.lib06/ds231/ASCII/A/plywood_gds365.29218.asc.txt"]
["Polyester_Pile GDS434 Blk W1R1Fa AREF","https://archive.usgs.gov/archive/sites/speclab.cr.usgs.gov/spectral.lib06/ds231/DESCRIPT/A/fabric_gds434.html","https://archive.usgs.gov/archive/sites/speclab.cr.usgs.gov/spectral.lib06/ds231/ASCII/A/fabric_gds434.29237.asc.txt"]
["Polyester_Pile GDS435 DkGrn W1R1Fa AREF","https://archive.usgs.gov/archive/sites/speclab.cr.usgs.gov/spectral.lib06/ds231/DESCRIPT/A/polyester_gds435.html","https://archive.usgs.gov/archive/sites/speclab.cr.usgs.gov/spectral.lib06/ds231/ASCII/A/polyester_gds435.29257.asc.txt"]
["Polyester_Webbing GDS429 Blk W1R1Fa AREF","https://archive.usgs.gov/archive/sites/speclab.cr.usgs.gov/spectral.lib06/ds231/DESCRIPT/A/polyester_gds429.html","https://archive.usgs.gov/archive/sites/speclab.cr.usgs.gov/spectral.lib06/ds231/ASCII/A/polyester_gds429.29277.asc.txt"]
["Polystyrene GDS345 BluInsul W1R1Fa AREF","https://archive.usgs.gov/archive/sites/speclab.cr.usgs.gov/spectral.lib06/ds231/DESCRIPT/A/insulation_gds345.html","https://archive.usgs.gov/archive/sites/speclab.cr.usgs.gov/spectral.lib06/ds231/ASCII/A/insulation_gds345.29297.asc.txt"]
["Renyolds_TnlSldgWet SM93-15w W1R1Ba AREF","https://archive.usgs.gov/archive/sites/speclab.cr.usgs.gov/spectral.lib06/ds231/DESCRIPT/A/renyolds_tunnel_sludge_sm93-15.html","https://archive.usgs.gov/archive/sites/speclab.cr.usgs.gov/spectral.lib06/ds231/ASCII/A/renyolds_tunnel_sludge_sm93-15.29317.asc.txt"]
["Renyolds_Tnl_Sludge SM93-15 W1R1Ba AREF","https://archive.usgs.gov/archive/sites/speclab.cr.usgs.gov/spectral.lib06/ds231/DESCRIPT/A/renyolds_tunnel_sludge_sm93-15.html","https://archive.usgs.gov/archive/sites/speclab.cr.usgs.gov/spectral.lib06/ds231/ASCII/A/renyolds_tunnel_sludge_sm93-15.29328.asc.txt"]
["Roofing_Felt GDS377 Black W1R1Fa AREF","https://archive.usgs.gov/archive/sites/speclab.cr.usgs.gov/spectral.lib06/ds231/DESCRIPT/A/roofing_felt_gds377.html","https://archive.usgs.gov/archive/sites/speclab.cr.usgs.gov/spectral.lib06/ds231/ASCII/A/roofing_felt_gds377.29338.asc.txt"]
["Rusted_Tin_Can GDS378 MV99-6 W1R1Fa AREF","https://archive.usgs.gov/archive/sites/speclab.cr.usgs.gov/spectral.lib06/ds231/DESCRIPT/A/tin_mv99-6-15.html","https://archive.usgs.gov/archive/sites/speclab.cr.usgs.gov/spectral.lib06/ds231/ASCII/A/tin_mv99-6-15.29358.asc.txt"]
["Sheet_Metal GDS352 crg Galvn W1R1Fa AREF","https://archive.usgs.gov/archive/sites/speclab.cr.usgs.gov/spectral.lib06/ds231/DESCRIPT/A/sheetmetal_gds352.html","https://archive.usgs.gov/archive/sites/speclab.cr.usgs.gov/spectral.lib06/ds231/ASCII/A/sheetmetal_gds352.29379.asc.txt"]
["Strand_Board GDS362 Oriented W1R1Fa AREF","https://archive.usgs.gov/archive/sites/speclab.cr.usgs.gov/spectral.lib06/ds231/DESCRIPT/A/board_gds362.html","https://archive.usgs.gov/archive/sites/speclab.cr.usgs.gov/spectral.lib06/ds231/ASCII/A/board_gds362.29402.asc.txt"]
["Tar_Paper GDS285A New Blk W1R1Fa AREF","https://archive.usgs.gov/archive/sites/speclab.cr.usgs.gov/spectral.lib06/ds231/DESCRIPT/A/tarpaper_gds285a.html","https://archive.usgs.gov/archive/sites/speclab.cr.usgs.gov/spectral.lib06/ds231/ASCII/A/tarpaper_gds285a.29421.asc.txt"]
["Tar_Paper GDS285B Weath Blk W1R1Fa AREF","https://archive.usgs.gov/archive/sites/speclab.cr.usgs.gov/spectral.lib06/ds231/DESCRIPT/A/tarpaper_gds285b.html","https://archive.usgs.gov/archive/sites/speclab.cr.usgs.gov/spectral.lib06/ds231/ASCII/A/tarpaper_gds285b.29442.asc.txt"]
["Terrycloth_Fabric GDS537 Yl W1R1Fa AREF","https://archive.usgs.gov/archive/sites/speclab.cr.usgs.gov/spectral.lib06/ds231/DESCRIPT/A/fabric_gds537.html","https://archive.usgs.gov/archive/sites/speclab.cr.usgs.gov/spectral.lib06/ds231/ASCII/A/fabric_gds537.29463.asc.txt"]
["Terrycloth_Fabric GDS537 Yel W1R1Fa AREF","https://archive.usgs.gov/archive/sites/speclab.cr.usgs.gov/spectral.lib06/ds231/DESCRIPT/A/fabric_gds537.html","https://archive.usgs.gov/archive/sites/speclab.cr.usgs.gov/spectral.lib06/ds231/ASCII/A/fabric_gds537.29484.asc.txt"]
["Wood_Beam GDS363 Nw Pine 2X4 W1R1Fa AREF","https://archive.usgs.gov/archive/sites/speclab.cr.usgs.gov/spectral.lib06/ds231/DESCRIPT/A/woodbeam_gds363.html","https://archive.usgs.gov/archive/sites/speclab.cr.usgs.gov/spectral.lib06/ds231/ASCII/A/woodbeam_gds363.29505.asc.txt"]
["WTC_Dust_Debris WTC01-2 W1R1Fa AREF","https://archive.usgs.gov/archive/sites/speclab.cr.usgs.gov/spectral.lib06/ds231/DESCRIPT/A/dust_debris_wtc01-2.html","https://archive.usgs.gov/archive/sites/speclab.cr.usgs.gov/spectral.lib06/ds231/ASCII/A/dust_debris_wtc01-2.29526.asc.txt"]
["WTC_Dust_Debris WTC01-28 W1R1Fa AREF","https://archive.usgs.gov/archive/sites/speclab.cr.usgs.gov/spectral.lib06/ds231/DESCRIPT/A/dust_debris_wtc01-28.html","https://archive.usgs.gov/archive/sites/speclab.cr.usgs.gov/spectral.lib06/ds231/ASCII/A/dust_debris_wtc01-28.29548.asc.txt"]