["Acid_Mine_Dr Assemb1-Fe3+ W1R1Fb AREF","https://archive.usgs.gov/archive/sites/speclab.cr.usgs.gov/spectral.lib06/ds231/DESCRIPT/S/acid_mine_drain_assem1.html","https://archive.usgs.gov/archive/sites/speclab.cr.usgs.gov/spectral.lib06/ds231/ASCII/S/acid_mine_drain_assem1.23775.asc.txt"]
["Acid_Mine_Dr Assemb2-Fe3+ W1R1Fb AREF","https://archive.usgs.gov/archive/sites/speclab.cr.usgs.gov/spectral.lib06/ds231/DESCRIPT/S/acid_mine_drain_assem2.html","https://archive.usgs.gov/archive/sites/speclab.cr.usgs.gov/spectral.lib06/ds231/ASCII/S/acid_mine_drain_assem2.23799.asc.txt"]
["Actinolite-Hornfels BR93-5a W1R1Bc AREF","https://archive.usgs.gov/archive/sites/speclab.cr.usgs.gov/spectral.lib06/ds231/DESCRIPT/S/actinolite-hornfels_br93-5a.html","https://archive.usgs.gov/archive/sites/speclab.cr.usgs.gov/spectral.lib06/ds231/ASCII/S/actinolite-hornfels_br93-5a.23822.asc.txt"]
["Actinolite-Tremolit BR93-22C W1R1Bb AREF","https://archive.usgs.gov/archive/sites/speclab.cr.usgs.gov/spectral.lib06/ds231/DESCRIPT/S/actinolite-tremolite_br93-22c.html","https://archive.usgs.gov/archive/sites/speclab.cr.usgs.gov/spectral.lib06/ds231/ASCII/S/actinolite-tremolite_br93-22c.23833.asc.txt"]
["Actinolite_Dolomit BR93-60B W1R1Bb AREF","https://archive.usgs.gov/archive/sites/speclab.cr.usgs.gov/spectral.lib06/ds231/DESCRIPT/S/actinolite_dolomite_skarn_br93-60b.html","https://archive.usgs.gov/archive/sites/speclab.cr.usgs.gov/spectral.lib06/ds231/ASCII/S/actinolite_dolomite_skarn_br93-60b.23844.asc.txt"]
["Alun.33+Kaol.33+Musc.33 AMX2 W1R1Ba AREF","https://archive.usgs.gov/archive/sites/speclab.cr.usgs.gov/spectral.lib06/ds231/DESCRIPT/S/alun_kaol_musc_amx2.html","https://archive.usgs.gov/archive/sites/speclab.cr.usgs.gov/spectral.lib06/ds231/ASCII/S/alun_kaol_musc_amx2.23855.asc.txt"]
["Alun0.3+Musc0.4+Pyro0.3 AMX1 W1R1Ba AREF","https://archive.usgs.gov/archive/sites/speclab.cr.usgs.gov/spectral.lib06/ds231/DESCRIPT/S/alun_musc_pyro_amx1.html","https://archive.usgs.gov/archive/sites/speclab.cr.usgs.gov/spectral.lib06/ds231/ASCII/S/alun_musc_pyro_amx1.23867.asc.txt"]
["Alun366+.50PyroPYS1A GDS222 W1R1Bb AREF","https://archive.usgs.gov/archive/sites/speclab.cr.usgs.gov/spectral.lib06/ds231/DESCRIPT/S/alun_pyro_pys1a.html","https://archive.usgs.gov/archive/sites/speclab.cr.usgs.gov/spectral.lib06/ds231/ASCII/S/alun_pyro_pys1a.23881.asc.txt"]
["Alun_Na+Kaol+Hemat MV00-11a W1R1Fc AREF","https://archive.usgs.gov/archive/sites/speclab.cr.usgs.gov/spectral.lib06/ds231/DESCRIPT/S/alun_na_mv00-11a.html","https://archive.usgs.gov/archive/sites/speclab.cr.usgs.gov/spectral.lib06/ds231/ASCII/S/alun_na_mv00-11a.23894.asc.txt"]
["Alunite+Pyrophyl SD1093A W1R1Bb AREF","https://archive.usgs.gov/archive/sites/speclab.cr.usgs.gov/spectral.lib06/ds231/DESCRIPT/S/alunite_mixture_sd1093a.html","https://archive.usgs.gov/archive/sites/speclab.cr.usgs.gov/spectral.lib06/ds231/ASCII/S/alunite_mixture_sd1093a.23913.asc.txt"]
["Alunite-K CU91-217G1 HiTemp W1R1Fb AREF","https://archive.usgs.gov/archive/sites/speclab.cr.usgs.gov/spectral.lib06/ds231/DESCRIPT/S/alunite_cu91-217g1.html","https://archive.usgs.gov/archive/sites/speclab.cr.usgs.gov/spectral.lib06/ds231/ASCII/S/alunite_cu91-217g1.23924.asc.txt"]
["Alunite+Dickite MV99-6-26b W1R1Fc AREF","https://archive.usgs.gov/archive/sites/speclab.cr.usgs.gov/spectral.lib06/ds231/DESCRIPT/S/alunite_na_dickite_mv99-6-26b.html","https://archive.usgs.gov/archive/sites/speclab.cr.usgs.gov/spectral.lib06/ds231/ASCII/S/alunite_na_dickite_mv99-6-26b.23945.asc.txt"]
["Alunite.5+MuscCU91-250A AMX4 W1R1Ba AREF","https://archive.usgs.gov/archive/sites/speclab.cr.usgs.gov/spectral.lib06/ds231/DESCRIPT/S/alun_musc_amx4.html","https://archive.usgs.gov/archive/sites/speclab.cr.usgs.gov/spectral.lib06/ds231/ASCII/S/alun_musc_amx4.23965.asc.txt"]
["Alunite0.35K+.65Na CU91-217H W1R1Fb AREF","https://archive.usgs.gov/archive/sites/speclab.cr.usgs.gov/spectral.lib06/ds231/DESCRIPT/S/alunite_cu91-217h.html","https://archive.usgs.gov/archive/sites/speclab.cr.usgs.gov/spectral.lib06/ds231/ASCII/S/alunite_cu91-217h.23978.asc.txt"]
["Alunite0.35K+.65Na CU91-217H W2R4Nb RREF","https://archive.usgs.gov/archive/sites/speclab.cr.usgs.gov/spectral.lib06/ds231/DESCRIPT/S/alunite_cu91-217h.html","https://archive.usgs.gov/archive/sites/speclab.cr.usgs.gov/spectral.lib06/ds231/ASCII/S/alunite_cu91-217h.24001.asc.txt"]
["Alunite0.5+Kaol_KGa-1 AMX3 W1R1Bb AREF","https://archive.usgs.gov/archive/sites/speclab.cr.usgs.gov/spectral.lib06/ds231/DESCRIPT/S/alun_kaol_amx3.html","https://archive.usgs.gov/archive/sites/speclab.cr.usgs.gov/spectral.lib06/ds231/ASCII/S/alun_kaol_amx3.24039.asc.txt"]
["Alunite0.66K+.34Na CU91-217A W2R4Nb RREF","https://archive.usgs.gov/archive/sites/speclab.cr.usgs.gov/spectral.lib06/ds231/DESCRIPT/S/alunite_cu91-217a.html","https://archive.usgs.gov/archive/sites/speclab.cr.usgs.gov/spectral.lib06/ds231/ASCII/S/alunite_cu91-217a.24051.asc.txt"]
["Alunite0.73K+.27Na CU91-217D W2R4Na RREF","https://archive.usgs.gov/archive/sites/speclab.cr.usgs.gov/spectral.lib06/ds231/DESCRIPT/S/alunite_cu91-217d.html","https://archive.usgs.gov/archive/sites/speclab.cr.usgs.gov/spectral.lib06/ds231/ASCII/S/alunite_cu91-217d.24090.asc.txt"]
["Alunite_K CU98-5C MedTemp W1R1Fb AREF","https://archive.usgs.gov/archive/sites/speclab.cr.usgs.gov/spectral.lib06/ds231/DESCRIPT/S/alunite_cu98-5c.html","https://archive.usgs.gov/archive/sites/speclab.cr.usgs.gov/spectral.lib06/ds231/ASCII/S/alunite_cu98-5c.24129.asc.txt"]
["Alunite_K-Na CU91-217H1 LowT W1R1Fb AREF","https://archive.usgs.gov/archive/sites/speclab.cr.usgs.gov/spectral.lib06/ds231/DESCRIPT/S/alunite_cu91-217h.html","https://archive.usgs.gov/archive/sites/speclab.cr.usgs.gov/spectral.lib06/ds231/ASCII/S/alunite_cu91-217h.24153.asc.txt"]
["Alunite_NH4+Jaro NMNH145596A W1R1Bb AREF","https://archive.usgs.gov/archive/sites/speclab.cr.usgs.gov/spectral.lib06/ds231/DESCRIPT/S/alunite_nh4+jar_nmnh145596.html","https://archive.usgs.gov/archive/sites/speclab.cr.usgs.gov/spectral.lib06/ds231/ASCII/S/alunite_nh4+jar_nmnh145596.24175.asc.txt"]
["Alunite_NH4+Ja NMNH145596A W5R4Nbb_ RREF","https://archive.usgs.gov/archive/sites/speclab.cr.usgs.gov/spectral.lib06/ds231/DESCRIPT/S/alunite_nh4+jar_nmnh145596.html","https://archive.usgs.gov/archive/sites/speclab.cr.usgs.gov/spectral.lib06/ds231/ASCII/S/alunite_nh4+jar_nmnh145596.24187.asc.txt"]
["Alunite_NH4+Jaro NMNH145596A W1R1Fb AREF","https://archive.usgs.gov/archive/sites/speclab.cr.usgs.gov/spectral.lib06/ds231/DESCRIPT/S/alunite_nh4+jar_nmnh145596.html","https://archive.usgs.gov/archive/sites/speclab.cr.usgs.gov/spectral.lib06/ds231/ASCII/S/alunite_nh4+jar_nmnh145596.24230.asc.txt"]
["Basalt_fresh BR93-46B W1R1Bb AREF","https://archive.usgs.gov/archive/sites/speclab.cr.usgs.gov/spectral.lib06/ds231/DESCRIPT/S/basalt_fresh_br93-46b.html","https://archive.usgs.gov/archive/sites/speclab.cr.usgs.gov/spectral.lib06/ds231/ASCII/S/basalt_fresh_br93-46b.24252.asc.txt"]
["Basalt_weathered BR93-43 W1R1Bb AREF","https://archive.usgs.gov/archive/sites/speclab.cr.usgs.gov/spectral.lib06/ds231/DESCRIPT/S/basalt_weathered_br93-43.html","https://archive.usgs.gov/archive/sites/speclab.cr.usgs.gov/spectral.lib06/ds231/ASCII/S/basalt_weathered_br93-43.24263.asc.txt"]
["Beidellite+Montmor GDS123 W1R1Fb AREF","https://archive.usgs.gov/archive/sites/speclab.cr.usgs.gov/spectral.lib06/ds231/DESCRIPT/S/beidellite_montmor_gds123.html","https://archive.usgs.gov/archive/sites/speclab.cr.usgs.gov/spectral.lib06/ds231/ASCII/S/beidellite_montmor_gds123.24274.asc.txt"]
["Beidellite+Montmor GDS123 W9R4Nbbb RREF","https://archive.usgs.gov/archive/sites/speclab.cr.usgs.gov/spectral.lib06/ds231/DESCRIPT/S/beidellite_montmor_gds123.html","https://archive.usgs.gov/archive/sites/speclab.cr.usgs.gov/spectral.lib06/ds231/ASCII/S/beidellite_montmor_gds123.24297.asc.txt"]
["Beidellite+Montmor GDS124 W1R1Fb AREF","https://archive.usgs.gov/archive/sites/speclab.cr.usgs.gov/spectral.lib06/ds231/DESCRIPT/S/beidellite_montmor_gds124.html","https://archive.usgs.gov/archive/sites/speclab.cr.usgs.gov/spectral.lib06/ds231/ASCII/S/beidellite_montmor_gds124.24340.asc.txt"]
["Beidellite+Montmor GDS124 W9R4Nbbb RREF","https://archive.usgs.gov/archive/sites/speclab.cr.usgs.gov/spectral.lib06/ds231/DESCRIPT/S/beidellite_montmor_gds124.html","https://archive.usgs.gov/archive/sites/speclab.cr.usgs.gov/spectral.lib06/ds231/ASCII/S/beidellite_montmor_gds124.24364.asc.txt"]
["Biotite-Chlorite_Mx BR93-36A W1R1Bb AREF","https://archive.usgs.gov/archive/sites/speclab.cr.usgs.gov/spectral.lib06/ds231/DESCRIPT/S/biotite-chlorite_mx_br93-36a.html","https://archive.usgs.gov/archive/sites/speclab.cr.usgs.gov/spectral.lib06/ds231/ASCII/S/biotite-chlorite_mx_br93-36a.24407.asc.txt"]
["Blue_Efflorscnt_Min SU93-300 W1R1Bb AREF","https://archive.usgs.gov/archive/sites/speclab.cr.usgs.gov/spectral.lib06/ds231/DESCRIPT/S/blue_effor_su93-300.html","https://archive.usgs.gov/archive/sites/speclab.cr.usgs.gov/spectral.lib06/ds231/ASCII/S/blue_effor_su93-300.24417.asc.txt"]
["Buddingtnt+Na-Mont CU93-260B W2R4Nb RREF","https://archive.usgs.gov/archive/sites/speclab.cr.usgs.gov/spectral.lib06/ds231/DESCRIPT/S/buddingtonite_cu93-260b.html","https://archive.usgs.gov/archive/sites/speclab.cr.usgs.gov/spectral.lib06/ds231/ASCII/S/buddingtonite_cu93-260b.24428.asc.txt"]
["Calc.25+Dolo.25+Ca-Mon AMX7 W1R1Bb AREF","https://archive.usgs.gov/archive/sites/speclab.cr.usgs.gov/spectral.lib06/ds231/DESCRIPT/S/calc_dolo_mont_amx7.html","https://archive.usgs.gov/archive/sites/speclab.cr.usgs.gov/spectral.lib06/ds231/ASCII/S/calc_dolo_mont_amx7.24466.asc.txt"]
["Calc.25+dolo.25+mont.5 AMX18 W1R1Bb AREF","https://archive.usgs.gov/archive/sites/speclab.cr.usgs.gov/spectral.lib06/ds231/DESCRIPT/S/calc_dolo_mont_amx18.html","https://archive.usgs.gov/archive/sites/speclab.cr.usgs.gov/spectral.lib06/ds231/ASCII/S/calc_dolo_mont_amx18.24480.asc.txt"]
["Calcite+.33Muscov AMX5 Ruby W1R1Ba AREF","https://archive.usgs.gov/archive/sites/speclab.cr.usgs.gov/spectral.lib06/ds231/DESCRIPT/S/calc_musc_amx5.html","https://archive.usgs.gov/archive/sites/speclab.cr.usgs.gov/spectral.lib06/ds231/ASCII/S/calc_musc_amx5.24493.asc.txt"]
["Calcite+.50Ca-Mont AMX6 W1R1Bb AREF","https://archive.usgs.gov/archive/sites/speclab.cr.usgs.gov/spectral.lib06/ds231/DESCRIPT/S/calc_mont_amx6.html","https://archive.usgs.gov/archive/sites/speclab.cr.usgs.gov/spectral.lib06/ds231/ASCII/S/calc_mont_amx6.24507.asc.txt"]
["Calcite+Dolomite.5 AMX8 W1R1Bb AREF","https://archive.usgs.gov/archive/sites/speclab.cr.usgs.gov/spectral.lib06/ds231/DESCRIPT/S/calc_dolo_amx8.html","https://archive.usgs.gov/archive/sites/speclab.cr.usgs.gov/spectral.lib06/ds231/ASCII/S/calc_dolo_amx8.24521.asc.txt"]
["Calcite+Talc PC99-1G W1R1Fc AREF","https://archive.usgs.gov/archive/sites/speclab.cr.usgs.gov/spectral.lib06/ds231/DESCRIPT/S/calcite_talc_pc99-1g.html","https://archive.usgs.gov/archive/sites/speclab.cr.usgs.gov/spectral.lib06/ds231/ASCII/S/calcite_talc_pc99-1g.24536.asc.txt"]
["Calcite.33+Ca-mont.67 AMX19 W1R1Bb AREF","https://archive.usgs.gov/archive/sites/speclab.cr.usgs.gov/spectral.lib06/ds231/DESCRIPT/S/calc_mont_amx19.html","https://archive.usgs.gov/archive/sites/speclab.cr.usgs.gov/spectral.lib06/ds231/ASCII/S/calc_mont_amx19.24558.asc.txt"]
["Calcite.33+Epidote.67 GDS311 W1R1Fa AREF","https://archive.usgs.gov/archive/sites/speclab.cr.usgs.gov/spectral.lib06/ds231/DESCRIPT/S/constructed_mixtures_calc_epid.html","https://archive.usgs.gov/archive/sites/speclab.cr.usgs.gov/spectral.lib06/ds231/ASCII/S/constructed_mixtures_calc_epid.24573.asc.txt"]
["Calcite.67+Epidote.33 GDS310 W1R1Fa AREF","https://archive.usgs.gov/archive/sites/speclab.cr.usgs.gov/spectral.lib06/ds231/DESCRIPT/S/constructed_mixtures_calc_epid.html","https://archive.usgs.gov/archive/sites/speclab.cr.usgs.gov/spectral.lib06/ds231/ASCII/S/constructed_mixtures_calc_epid.24594.asc.txt"]
["Calcite.7+Kaolwxl.3 AMX9 W1R1Ba AREF","https://archive.usgs.gov/archive/sites/speclab.cr.usgs.gov/spectral.lib06/ds231/DESCRIPT/S/calc_kaol_amx9.html","https://archive.usgs.gov/archive/sites/speclab.cr.usgs.gov/spectral.lib06/ds231/ASCII/S/calc_kaol_amx9.24615.asc.txt"]
["Calcite.8+Ca-Montmor.2 AMX15 W1R1Bb AREF","https://archive.usgs.gov/archive/sites/speclab.cr.usgs.gov/spectral.lib06/ds231/DESCRIPT/S/mont_calc_amx15.html","https://archive.usgs.gov/archive/sites/speclab.cr.usgs.gov/spectral.lib06/ds231/ASCII/S/mont_calc_amx15.24629.asc.txt"]
["Calcite.80+Mont_Swy-1 GDS212 W1R1Ba AREF","https://archive.usgs.gov/archive/sites/speclab.cr.usgs.gov/spectral.lib06/ds231/DESCRIPT/S/calcite_mixture_gds212.html","https://archive.usgs.gov/archive/sites/speclab.cr.usgs.gov/spectral.lib06/ds231/ASCII/S/calcite_mixture_gds212.24644.asc.txt"]
["Calcite.80wt+Kaol_CM9 GDS213 W1R1Ba AREF","https://archive.usgs.gov/archive/sites/speclab.cr.usgs.gov/spectral.lib06/ds231/DESCRIPT/S/calcite_mixture_gds213.html","https://archive.usgs.gov/archive/sites/speclab.cr.usgs.gov/spectral.lib06/ds231/ASCII/S/calcite_mixture_gds213.24657.asc.txt"]
["Chabazite+Thom+Wair HS193.3B W1R1Bb AREF","https://archive.usgs.gov/archive/sites/speclab.cr.usgs.gov/spectral.lib06/ds231/DESCRIPT/S/chabazite_thom_wairaikite_hs193.html","https://archive.usgs.gov/archive/sites/speclab.cr.usgs.gov/spectral.lib06/ds231/ASCII/S/chabazite_thom_wairaikite_hs193.24671.asc.txt"]
["Chabazt+Thom+Wair HS193.3B W5R4Nbb_ RREF","https://archive.usgs.gov/archive/sites/speclab.cr.usgs.gov/spectral.lib06/ds231/DESCRIPT/S/chabazite_thom_wairaikite_hs193.html","https://archive.usgs.gov/archive/sites/speclab.cr.usgs.gov/spectral.lib06/ds231/ASCII/S/chabazite_thom_wairaikite_hs193.24683.asc.txt"]
["Chl.33+Epid.33+Cal.33 GDS319 W1R1Fa AREF","https://archive.usgs.gov/archive/sites/speclab.cr.usgs.gov/spectral.lib06/ds231/DESCRIPT/S/constructed_mixtures_chl_epid_calc.html","https://archive.usgs.gov/archive/sites/speclab.cr.usgs.gov/spectral.lib06/ds231/ASCII/S/constructed_mixtures_chl_epid_calc.24727.asc.txt"]
["Chlor+Goethite CU93-4B Phyl W1R1Ba AREF","https://archive.usgs.gov/archive/sites/speclab.cr.usgs.gov/spectral.lib06/ds231/DESCRIPT/S/chlorite_mixture_cu93-4b.html","https://archive.usgs.gov/archive/sites/speclab.cr.usgs.gov/spectral.lib06/ds231/ASCII/S/chlorite_mixture_cu93-4b.24750.asc.txt"]
["Chlor.2+Epid.2+Calc.6 GDS314 W1R1Fa AREF","https://archive.usgs.gov/archive/sites/speclab.cr.usgs.gov/spectral.lib06/ds231/DESCRIPT/S/constructed_mixtures_chl_epid_calc.html","https://archive.usgs.gov/archive/sites/speclab.cr.usgs.gov/spectral.lib06/ds231/ASCII/S/constructed_mixtures_chl_epid_calc.24766.asc.txt"]
["Chlor.2+Epid.6+Calc.2 GDS312 W1R1Fa AREF","https://archive.usgs.gov/archive/sites/speclab.cr.usgs.gov/spectral.lib06/ds231/DESCRIPT/S/constructed_mixtures_chl_epid_calc.html","https://archive.usgs.gov/archive/sites/speclab.cr.usgs.gov/spectral.lib06/ds231/ASCII/S/constructed_mixtures_chl_epid_calc.24789.asc.txt"]
["Chlor.6+Epid.2+Calc.2 GDS313 W1R1Fa AREF","https://archive.usgs.gov/archive/sites/speclab.cr.usgs.gov/spectral.lib06/ds231/DESCRIPT/S/constructed_mixtures_chl_epid_calc.html","https://archive.usgs.gov/archive/sites/speclab.cr.usgs.gov/spectral.lib06/ds231/ASCII/S/constructed_mixtures_chl_epid_calc.24811.asc.txt"]
["Chlorit.33+Calcite.67 GDS315 W1R1Fa AREF","https://archive.usgs.gov/archive/sites/speclab.cr.usgs.gov/spectral.lib06/ds231/DESCRIPT/S/constructed_mixtures_chlor_calc.html","https://archive.usgs.gov/archive/sites/speclab.cr.usgs.gov/spectral.lib06/ds231/ASCII/S/constructed_mixtures_chlor_calc.24833.asc.txt"]
["Chlorite+Muscovite CU93-65A W1R1Ba AREF","https://archive.usgs.gov/archive/sites/speclab.cr.usgs.gov/spectral.lib06/ds231/DESCRIPT/S/chlorite_mixture_cu93-65a.html","https://archive.usgs.gov/archive/sites/speclab.cr.usgs.gov/spectral.lib06/ds231/ASCII/S/chlorite_mixture_cu93-65a.24855.asc.txt"]
["Chlorite.33+Epidot.67 GDS318 W1R1Fa AREF","https://archive.usgs.gov/archive/sites/speclab.cr.usgs.gov/spectral.lib06/ds231/DESCRIPT/S/constructed_mixtures_chlor_epid.html","https://archive.usgs.gov/archive/sites/speclab.cr.usgs.gov/spectral.lib06/ds231/ASCII/S/constructed_mixtures_chlor_epid.24870.asc.txt"]
["Chlorite.67+Calcit.33 GDS316 W1R1Fa AREF","https://archive.usgs.gov/archive/sites/speclab.cr.usgs.gov/spectral.lib06/ds231/DESCRIPT/S/constructed_mixtures_chlor_calc.html","https://archive.usgs.gov/archive/sites/speclab.cr.usgs.gov/spectral.lib06/ds231/ASCII/S/constructed_mixtures_chlor_calc.24892.asc.txt"]
["Chlorite.67+Epidot.33 GDS317 W1R1Fa AREF","https://archive.usgs.gov/archive/sites/speclab.cr.usgs.gov/spectral.lib06/ds231/DESCRIPT/S/constructed_mixtures_chlor_epid.html","https://archive.usgs.gov/archive/sites/speclab.cr.usgs.gov/spectral.lib06/ds231/ASCII/S/constructed_mixtures_chlor_epid.24914.asc.txt"]
["Chlorite_Phyllite CU91-238A W1R1Bb AREF","https://archive.usgs.gov/archive/sites/speclab.cr.usgs.gov/spectral.lib06/ds231/DESCRIPT/S/chlorite_phyllite_cu91_238a.html","https://archive.usgs.gov/archive/sites/speclab.cr.usgs.gov/spectral.lib06/ds231/ASCII/S/chlorite_phyllite_cu91_238a.24936.asc.txt"]
["Chlorite_Serpentine BR93-22B W1R1Bb AREF","https://archive.usgs.gov/archive/sites/speclab.cr.usgs.gov/spectral.lib06/ds231/DESCRIPT/S/chlorite-serpentine_skarn_br93-22b.html","https://archive.usgs.gov/archive/sites/speclab.cr.usgs.gov/spectral.lib06/ds231/ASCII/S/chlorite-serpentine_skarn_br93-22b.24951.asc.txt"]
["Dic.4+msc.3+gyp.2+jr.1 AMX20 W1R1Ba AREF","https://archive.usgs.gov/archive/sites/speclab.cr.usgs.gov/spectral.lib06/ds231/DESCRIPT/S/dick_musc_gyp_jar_amx20.html","https://archive.usgs.gov/archive/sites/speclab.cr.usgs.gov/spectral.lib06/ds231/ASCII/S/dick_musc_gyp_jar_amx20.24965.asc.txt"]
["Dickite+others CU91-219B W2R4Na AREF","https://archive.usgs.gov/archive/sites/speclab.cr.usgs.gov/spectral.lib06/ds231/DESCRIPT/S/dickite_cu91-219b.html","https://archive.usgs.gov/archive/sites/speclab.cr.usgs.gov/spectral.lib06/ds231/ASCII/S/dickite_cu91-219b.24979.asc.txt"]
["Dolomit+Calcite+Talc PC99-1E W1R1Fc AREF","https://archive.usgs.gov/archive/sites/speclab.cr.usgs.gov/spectral.lib06/ds231/DESCRIPT/S/dolo_calc_talc_pc99-1e.html","https://archive.usgs.gov/archive/sites/speclab.cr.usgs.gov/spectral.lib06/ds231/ASCII/S/dolo_calc_talc_pc99-1e.25017.asc.txt"]
["Dolomite.5+Na-mont.5 AMX21 W1R1Bb AREF","https://archive.usgs.gov/archive/sites/speclab.cr.usgs.gov/spectral.lib06/ds231/DESCRIPT/S/dolo_mont_amx21.html","https://archive.usgs.gov/archive/sites/speclab.cr.usgs.gov/spectral.lib06/ds231/ASCII/S/dolo_mont_amx21.25039.asc.txt"]
["Dolomite.50+Ca-Montmor AMX10 W1R1Bb AREF","https://archive.usgs.gov/archive/sites/speclab.cr.usgs.gov/spectral.lib06/ds231/DESCRIPT/S/dolo_mont_amx10.html","https://archive.usgs.gov/archive/sites/speclab.cr.usgs.gov/spectral.lib06/ds231/ASCII/S/dolo_mont_amx10.25052.asc.txt"]
["Erionite+Merlinoite GDS144 W1R1Bc AREF","https://archive.usgs.gov/archive/sites/speclab.cr.usgs.gov/spectral.lib06/ds231/DESCRIPT/S/erionite_gds144.html","https://archive.usgs.gov/archive/sites/speclab.cr.usgs.gov/spectral.lib06/ds231/ASCII/S/erionite_gds144.25066.asc.txt"]
["Erionite+Merlinoite GDS144 W5R4Nbb_ RREF","https://archive.usgs.gov/archive/sites/speclab.cr.usgs.gov/spectral.lib06/ds231/DESCRIPT/S/erionite_gds144.html","https://archive.usgs.gov/archive/sites/speclab.cr.usgs.gov/spectral.lib06/ds231/ASCII/S/erionite_gds144.25076.asc.txt"]
["Erionite+Offretite GDS72 W1R1Bb AREF","https://archive.usgs.gov/archive/sites/speclab.cr.usgs.gov/spectral.lib06/ds231/DESCRIPT/S/erionite_gds72.html","https://archive.usgs.gov/archive/sites/speclab.cr.usgs.gov/spectral.lib06/ds231/ASCII/S/erionite_gds72.25119.asc.txt"]
["Erionite+Offretite GDS72 W5R4Nbb_ RREF","https://archive.usgs.gov/archive/sites/speclab.cr.usgs.gov/spectral.lib06/ds231/DESCRIPT/S/erionite_gds72.html","https://archive.usgs.gov/archive/sites/speclab.cr.usgs.gov/spectral.lib06/ds231/ASCII/S/erionite_gds72.25131.asc.txt"]
["Fe-Hydroxide SU93-106 amorph W1R1Bb AREF","https://archive.usgs.gov/archive/sites/speclab.cr.usgs.gov/spectral.lib06/ds231/DESCRIPT/S/fe_hydroxide_su93-106.html","https://archive.usgs.gov/archive/sites/speclab.cr.usgs.gov/spectral.lib06/ds231/ASCII/S/fe_hydroxide_su93-106.25174.asc.txt"]
["Goeth+qtz.5+Jarosite.5 AMX11 W1R1Bb AREF","https://archive.usgs.gov/archive/sites/speclab.cr.usgs.gov/spectral.lib06/ds231/DESCRIPT/S/goet_qtz_jaro_amx11.html","https://archive.usgs.gov/archive/sites/speclab.cr.usgs.gov/spectral.lib06/ds231/ASCII/S/goet_qtz_jaro_amx11.25184.asc.txt"]
["Goethite0.02+Quartz GDS240 W1R1Ba AREF","https://archive.usgs.gov/archive/sites/speclab.cr.usgs.gov/spectral.lib06/ds231/DESCRIPT/S/goethite_gds240.html","https://archive.usgs.gov/archive/sites/speclab.cr.usgs.gov/spectral.lib06/ds231/ASCII/S/goethite_gds240.25198.asc.txt"]
["Goethite_Phyllite CU91-236A W1R1Fb AREF","https://archive.usgs.gov/archive/sites/speclab.cr.usgs.gov/spectral.lib06/ds231/DESCRIPT/S/goethite_phyllite_cu91_236a.html","https://archive.usgs.gov/archive/sites/speclab.cr.usgs.gov/spectral.lib06/ds231/ASCII/S/goethite_phyllite_cu91_236a.25213.asc.txt"]
["Gyp+jar+ill BRCM1 Marysvale W1R1Fb AREF","https://archive.usgs.gov/archive/sites/speclab.cr.usgs.gov/spectral.lib06/ds231/DESCRIPT/S/gyp_jar_ill_brcm1.html","https://archive.usgs.gov/archive/sites/speclab.cr.usgs.gov/spectral.lib06/ds231/ASCII/S/gyp_jar_ill_brcm1.25237.asc.txt"]
["Gyp.3+jr.1+msc.4+dic.2 AMX22 W1R1Ba AREF","https://archive.usgs.gov/archive/sites/speclab.cr.usgs.gov/spectral.lib06/ds231/DESCRIPT/S/gyp_jar_mus_dic_amx22.html","https://archive.usgs.gov/archive/sites/speclab.cr.usgs.gov/spectral.lib06/ds231/ASCII/S/gyp_jar_mus_dic_amx22.25258.asc.txt"]
["Gyp.4+jr20+msc.2+dic.2 AMX23 W1R1Ba AREF","https://archive.usgs.gov/archive/sites/speclab.cr.usgs.gov/spectral.lib06/ds231/DESCRIPT/S/gyp_jar_mus_dic_amx23.html","https://archive.usgs.gov/archive/sites/speclab.cr.usgs.gov/spectral.lib06/ds231/ASCII/S/gyp_jar_mus_dic_amx23.25272.asc.txt"]
["Gyp.5+Kjar.3+hAlmsc.2 AMX24 W1R1Ba AREF","https://archive.usgs.gov/archive/sites/speclab.cr.usgs.gov/spectral.lib06/ds231/DESCRIPT/S/gyp_jar_mus_amx24.html","https://archive.usgs.gov/archive/sites/speclab.cr.usgs.gov/spectral.lib06/ds231/ASCII/S/gyp_jar_mus_amx24.25287.asc.txt"]
["Halloysite CU91-242D W1R1Fb AREF","https://archive.usgs.gov/archive/sites/speclab.cr.usgs.gov/spectral.lib06/ds231/DESCRIPT/S/halloysite_cu91-242d.html","https://archive.usgs.gov/archive/sites/speclab.cr.usgs.gov/spectral.lib06/ds231/ASCII/S/halloysite_cu91-242d.25302.asc.txt"]
["Halloysite+Kaolinite CM29 W1R1Ba AREF","https://archive.usgs.gov/archive/sites/speclab.cr.usgs.gov/spectral.lib06/ds231/DESCRIPT/S/halloysite_kaolinite_cm29.html","https://archive.usgs.gov/archive/sites/speclab.cr.usgs.gov/spectral.lib06/ds231/ASCII/S/halloysite_kaolinite_cm29.25328.asc.txt"]
["Halloysite+Kaolinite CM29 W9R4Naaa RREF","https://archive.usgs.gov/archive/sites/speclab.cr.usgs.gov/spectral.lib06/ds231/DESCRIPT/S/halloysite_kaolinite_cm29.html","https://archive.usgs.gov/archive/sites/speclab.cr.usgs.gov/spectral.lib06/ds231/ASCII/S/halloysite_kaolinite_cm29.25341.asc.txt"]
["Hematite.02+Quartz.98 GDS76 W1R1Ba AREF","https://archive.usgs.gov/archive/sites/speclab.cr.usgs.gov/spectral.lib06/ds231/DESCRIPT/S/hema_qtz_gds76.html","https://archive.usgs.gov/archive/sites/speclab.cr.usgs.gov/spectral.lib06/ds231/ASCII/S/hema_qtz_gds76.25384.asc.txt"]
["Hematitic_Alt._Tuff CU91-223 W1R1Fb AREF","https://archive.usgs.gov/archive/sites/speclab.cr.usgs.gov/spectral.lib06/ds231/DESCRIPT/S/hematite_tuff_cu91_223.html","https://archive.usgs.gov/archive/sites/speclab.cr.usgs.gov/spectral.lib06/ds231/ASCII/S/hematite_tuff_cu91_223.25396.asc.txt"]
["Hydrated_Volc_Tuff CU01-4A W1R1Fc AREF","https://archive.usgs.gov/archive/sites/speclab.cr.usgs.gov/spectral.lib06/ds231/DESCRIPT/S/hydrate_volcanic_glass_cu01-4a.html","https://archive.usgs.gov/archive/sites/speclab.cr.usgs.gov/spectral.lib06/ds231/ASCII/S/hydrate_volcanic_glass_cu01-4a.25417.asc.txt"]
["Illite CU00-5B Hi-Al+Quartz W1R1Fa AREF","https://archive.usgs.gov/archive/sites/speclab.cr.usgs.gov/spectral.lib06/ds231/DESCRIPT/S/illite-high-Al_cu00-5b.html","https://archive.usgs.gov/archive/sites/speclab.cr.usgs.gov/spectral.lib06/ds231/ASCII/S/illite-high-Al_cu00-5b.25438.asc.txt"]
["Jarosite_Rhyolite CU91-20A W1R1Ba AREF","https://archive.usgs.gov/archive/sites/speclab.cr.usgs.gov/spectral.lib06/ds231/DESCRIPT/S/jarosite_cu91_20a.html","https://archive.usgs.gov/archive/sites/speclab.cr.usgs.gov/spectral.lib06/ds231/ASCII/S/jarosite_cu91_20a.25459.asc.txt"]
["Kalun+kaol+gth mv2-ar3 W1R1Fb AREF","https://archive.usgs.gov/archive/sites/speclab.cr.usgs.gov/spectral.lib06/ds231/DESCRIPT/S/alunite_mix_mv2-ar3.html","https://archive.usgs.gov/archive/sites/speclab.cr.usgs.gov/spectral.lib06/ds231/ASCII/S/alunite_mix_mv2-ar3.25474.asc.txt"]
["Kaol+Musc_intimate CU93-5C W1R1Ba AREF","https://archive.usgs.gov/archive/sites/speclab.cr.usgs.gov/spectral.lib06/ds231/DESCRIPT/S/kaolinite_mixture_cu93-5c.html","https://archive.usgs.gov/archive/sites/speclab.cr.usgs.gov/spectral.lib06/ds231/ASCII/S/kaolinite_mixture_cu93-5c.25494.asc.txt"]
["Kaol.5+MuscCU91-250A AMX13 W1R1Bb AREF","https://archive.usgs.gov/archive/sites/speclab.cr.usgs.gov/spectral.lib06/ds231/DESCRIPT/S/kaol_musc_amx13.html","https://archive.usgs.gov/archive/sites/speclab.cr.usgs.gov/spectral.lib06/ds231/ASCII/S/kaol_musc_amx13.25507.asc.txt"]
["Kaol_Wxl+0.5Musc_Ruby AMX12 W1R1Ba AREF","https://archive.usgs.gov/archive/sites/speclab.cr.usgs.gov/spectral.lib06/ds231/DESCRIPT/S/kaolinite_muscovite_amx12.html","https://archive.usgs.gov/archive/sites/speclab.cr.usgs.gov/spectral.lib06/ds231/ASCII/S/kaolinite_muscovite_amx12.25521.asc.txt"]
["Kaol_wxl+others CU00-19A W1R1Fb AREF","https://archive.usgs.gov/archive/sites/speclab.cr.usgs.gov/spectral.lib06/ds231/DESCRIPT/S/kaolinite_wxl+other_cu00-19a.html","https://archive.usgs.gov/archive/sites/speclab.cr.usgs.gov/spectral.lib06/ds231/ASCII/S/kaolinite_wxl+other_cu00-19a.25536.asc.txt"]
["Kaol_wxl+others CU91-200A W1R1Fb AREF","https://archive.usgs.gov/archive/sites/speclab.cr.usgs.gov/spectral.lib06/ds231/DESCRIPT/S/kaolinite_wxl+other_cu91-200a.html","https://archive.usgs.gov/archive/sites/speclab.cr.usgs.gov/spectral.lib06/ds231/ASCII/S/kaolinite_wxl+other_cu91-200a.25557.asc.txt"]
["Kaolin/Smect KLF511 .12Kaol W1R1Bb AREF","https://archive.usgs.gov/archive/sites/speclab.cr.usgs.gov/spectral.lib06/ds231/DESCRIPT/S/kaolsmect_klf511.html","https://archive.usgs.gov/archive/sites/speclab.cr.usgs.gov/spectral.lib06/ds231/ASCII/S/kaolsmect_klf511.25581.asc.txt"]
["Kaolin/Smect KLF511 .12K W5R4Ncc_ RREF","https://archive.usgs.gov/archive/sites/speclab.cr.usgs.gov/spectral.lib06/ds231/DESCRIPT/S/kaolsmect_klf511.html","https://archive.usgs.gov/archive/sites/speclab.cr.usgs.gov/spectral.lib06/ds231/ASCII/S/kaolsmect_klf511.25593.asc.txt"]
["Kaolin_Smect H89-FR-2 .5Kaol W1R1Bb AREF","https://archive.usgs.gov/archive/sites/speclab.cr.usgs.gov/spectral.lib06/ds231/DESCRIPT/S/kaolsmect_h89fr2.html","https://archive.usgs.gov/archive/sites/speclab.cr.usgs.gov/spectral.lib06/ds231/ASCII/S/kaolsmect_h89fr2.25636.asc.txt"]
["Kaolin_Smect H89-FR-2 .5K W5R4Nbb_ RREF","https://archive.usgs.gov/archive/sites/speclab.cr.usgs.gov/spectral.lib06/ds231/DESCRIPT/S/kaolsmect_h89fr2.html","https://archive.usgs.gov/archive/sites/speclab.cr.usgs.gov/spectral.lib06/ds231/ASCII/S/kaolsmect_h89fr2.25648.asc.txt"]
["Kaolin_Smect H89-FR-5 .3Kaol W1R1Bb AREF","https://archive.usgs.gov/archive/sites/speclab.cr.usgs.gov/spectral.lib06/ds231/DESCRIPT/S/kaolsmect_h89fr5.html","https://archive.usgs.gov/archive/sites/speclab.cr.usgs.gov/spectral.lib06/ds231/ASCII/S/kaolsmect_h89fr5.25691.asc.txt"]
["Kaolin_Smect KLF506 .95Kaol W1R1Bb AREF","https://archive.usgs.gov/archive/sites/speclab.cr.usgs.gov/spectral.lib06/ds231/DESCRIPT/S/kaolsmect_klf506.html","https://archive.usgs.gov/archive/sites/speclab.cr.usgs.gov/spectral.lib06/ds231/ASCII/S/kaolsmect_klf506.25703.asc.txt"]
["Kaolin_Smect KLF506 .95kao W5R4Nbb_ RREF","https://archive.usgs.gov/archive/sites/speclab.cr.usgs.gov/spectral.lib06/ds231/DESCRIPT/S/kaolsmect_klf506.html","https://archive.usgs.gov/archive/sites/speclab.cr.usgs.gov/spectral.lib06/ds231/ASCII/S/kaolsmect_klf506.25715.asc.txt"]
["Kaolin_Smect KLF508 .85Kaol W1R1Bb AREF","https://archive.usgs.gov/archive/sites/speclab.cr.usgs.gov/spectral.lib06/ds231/DESCRIPT/S/kaolsmect_klf508.html","https://archive.usgs.gov/archive/sites/speclab.cr.usgs.gov/spectral.lib06/ds231/ASCII/S/kaolsmect_klf508.25758.asc.txt"]
["Kaolin_Smect KLF508 .85Kao W5R4Nbb_ RREF","https://archive.usgs.gov/archive/sites/speclab.cr.usgs.gov/spectral.lib06/ds231/DESCRIPT/S/kaolsmect_klf508.html","https://archive.usgs.gov/archive/sites/speclab.cr.usgs.gov/spectral.lib06/ds231/ASCII/S/kaolsmect_klf508.25770.asc.txt"]
["Kaolwxl.75+Alun_HS295 AMX14 W1R1Bb AREF","https://archive.usgs.gov/archive/sites/speclab.cr.usgs.gov/spectral.lib06/ds231/DESCRIPT/S/kaol_alun_amx14.html","https://archive.usgs.gov/archive/sites/speclab.cr.usgs.gov/spectral.lib06/ds231/ASCII/S/kaol_alun_amx14.25812.asc.txt"]
["Limestone CU02-11A W1R1Fa AREF","https://archive.usgs.gov/archive/sites/speclab.cr.usgs.gov/spectral.lib06/ds231/DESCRIPT/S/limestone_cu02-11a.html","https://archive.usgs.gov/archive/sites/speclab.cr.usgs.gov/spectral.lib06/ds231/ASCII/S/limestone_cu02-11a.25827.asc.txt"]
["Magnesite+Hydroma HS47.3B W1R1Ba AREF","https://archive.usgs.gov/archive/sites/speclab.cr.usgs.gov/spectral.lib06/ds231/DESCRIPT/S/magnesite_hydroma_hs47.html","https://archive.usgs.gov/archive/sites/speclab.cr.usgs.gov/spectral.lib06/ds231/ASCII/S/magnesite_hydroma_hs47.25848.asc.txt"]
["Magnesite+Hydroma HS47.3B W5R4Naa_ RREF","https://archive.usgs.gov/archive/sites/speclab.cr.usgs.gov/spectral.lib06/ds231/DESCRIPT/S/magnesite_hydroma_hs47.html","https://archive.usgs.gov/archive/sites/speclab.cr.usgs.gov/spectral.lib06/ds231/ASCII/S/magnesite_hydroma_hs47.25861.asc.txt"]
["Magnetite_skarn BR93-5B W1R1Bb AREF","https://archive.usgs.gov/archive/sites/speclab.cr.usgs.gov/spectral.lib06/ds231/DESCRIPT/S/magnetite_skarn_br5b.html","https://archive.usgs.gov/archive/sites/speclab.cr.usgs.gov/spectral.lib06/ds231/ASCII/S/magnetite_skarn_br5b.25904.asc.txt"]
["Mesolite+Hydroxyapop GDS6 W1R1Bb AREF","https://archive.usgs.gov/archive/sites/speclab.cr.usgs.gov/spectral.lib06/ds231/DESCRIPT/S/mesolite_gds6.html","https://archive.usgs.gov/archive/sites/speclab.cr.usgs.gov/spectral.lib06/ds231/ASCII/S/mesolite_gds6.25914.asc.txt"]
["Mesolite+Hydroxyapop GDS6 W5R4Nbc_ RREF","https://archive.usgs.gov/archive/sites/speclab.cr.usgs.gov/spectral.lib06/ds231/DESCRIPT/S/mesolite_gds6.html","https://archive.usgs.gov/archive/sites/speclab.cr.usgs.gov/spectral.lib06/ds231/ASCII/S/mesolite_gds6.25925.asc.txt"]
["Montmorillonite+Illite CM37 W1R1Bb AREF","https://archive.usgs.gov/archive/sites/speclab.cr.usgs.gov/spectral.lib06/ds231/DESCRIPT/S/montmorillonite_cm37.html","https://archive.usgs.gov/archive/sites/speclab.cr.usgs.gov/spectral.lib06/ds231/ASCII/S/montmorillonite_cm37.25969.asc.txt"]
["Montmorillonite+Illite CM42 W1R1Bb AREF","https://archive.usgs.gov/archive/sites/speclab.cr.usgs.gov/spectral.lib06/ds231/DESCRIPT/S/montmorillonite_cm42.html","https://archive.usgs.gov/archive/sites/speclab.cr.usgs.gov/spectral.lib06/ds231/ASCII/S/montmorillonite_cm42.25982.asc.txt"]
["Montmorillonite-Na CU93-52A W1R1Bc AREF","https://archive.usgs.gov/archive/sites/speclab.cr.usgs.gov/spectral.lib06/ds231/DESCRIPT/S/montmorillonite-Na_cu93-52.html","https://archive.usgs.gov/archive/sites/speclab.cr.usgs.gov/spectral.lib06/ds231/ASCII/S/montmorillonite-Na_cu93-52.25995.asc.txt"]
["Muscov+Jaros CU93-314 coatng W1R1Bb AREF","https://archive.usgs.gov/archive/sites/speclab.cr.usgs.gov/spectral.lib06/ds231/DESCRIPT/S/muscovite_mix_cu93-314.html","https://archive.usgs.gov/archive/sites/speclab.cr.usgs.gov/spectral.lib06/ds231/ASCII/S/muscovite_mix_cu93-314.26008.asc.txt"]
["Muscovite CU91-250A med Al W2R4Nb RREF","https://archive.usgs.gov/archive/sites/speclab.cr.usgs.gov/spectral.lib06/ds231/DESCRIPT/S/muscovite_cu91-250a.html","https://archive.usgs.gov/archive/sites/speclab.cr.usgs.gov/spectral.lib06/ds231/ASCII/S/muscovite_cu91-250a.26022.asc.txt"]
["Muscovite+Chlorite CU91-253D W2R4Na RREF","https://archive.usgs.gov/archive/sites/speclab.cr.usgs.gov/spectral.lib06/ds231/DESCRIPT/S/chl_phyllite_cu91-253d.html","https://archive.usgs.gov/archive/sites/speclab.cr.usgs.gov/spectral.lib06/ds231/ASCII/S/chl_phyllite_cu91-253d.26061.asc.txt"]
["Muscovite+Pyrophyl JH_PYRP1 W1R1Fb AREF","https://archive.usgs.gov/archive/sites/speclab.cr.usgs.gov/spectral.lib06/ds231/DESCRIPT/S/musc_pyro_pyrp1.html","https://archive.usgs.gov/archive/sites/speclab.cr.usgs.gov/spectral.lib06/ds231/ASCII/S/musc_pyro_pyrp1.26100.asc.txt"]
["Muscovite-low-Al CU98-8H W1R1Fb AREF","https://archive.usgs.gov/archive/sites/speclab.cr.usgs.gov/spectral.lib06/ds231/DESCRIPT/S/muscovite-lowAl_cu98-8h.html","https://archive.usgs.gov/archive/sites/speclab.cr.usgs.gov/spectral.lib06/ds231/ASCII/S/muscovite-lowAl_cu98-8h.26121.asc.txt"]
["Muscovite-medhi-Al CU91-252D W1R1Fc AREF","https://archive.usgs.gov/archive/sites/speclab.cr.usgs.gov/spectral.lib06/ds231/DESCRIPT/S/muscovite-medhi-Al_CU91-252d.html","https://archive.usgs.gov/archive/sites/speclab.cr.usgs.gov/spectral.lib06/ds231/ASCII/S/muscovite-medhi-Al_CU91-252d.26143.asc.txt"]
["Muscovite-medlowAl CU91-250A W1R1Fb AREF","https://archive.usgs.gov/archive/sites/speclab.cr.usgs.gov/spectral.lib06/ds231/DESCRIPT/S/muscovite-medlow-Al_cu91-250a.html","https://archive.usgs.gov/archive/sites/speclab.cr.usgs.gov/spectral.lib06/ds231/ASCII/S/muscovite-medlow-Al_cu91-250a.26166.asc.txt"]
["Nontronite+others CU00-13A W1R1Fb AREF","https://archive.usgs.gov/archive/sites/speclab.cr.usgs.gov/spectral.lib06/ds231/DESCRIPT/S/nontronite_cu00-13a.html","https://archive.usgs.gov/archive/sites/speclab.cr.usgs.gov/spectral.lib06/ds231/ASCII/S/nontronite_cu00-13a.26189.asc.txt"]
["Natrolite+Zeolite HS168.3B W1R1Bb AREF","https://archive.usgs.gov/archive/sites/speclab.cr.usgs.gov/spectral.lib06/ds231/DESCRIPT/S/natrolite_zeolite_hs168.html","https://archive.usgs.gov/archive/sites/speclab.cr.usgs.gov/spectral.lib06/ds231/ASCII/S/natrolite_zeolite_hs168.26211.asc.txt"]
["Natrolite+Zeolite HS168.3B W9R4Nbbb RREF","https://archive.usgs.gov/archive/sites/speclab.cr.usgs.gov/spectral.lib06/ds231/DESCRIPT/S/natrolite_zeolite_hs168.html","https://archive.usgs.gov/archive/sites/speclab.cr.usgs.gov/spectral.lib06/ds231/ASCII/S/natrolite_zeolite_hs168.26223.asc.txt"]
["Opalized Tuff CU00-15E W1R1Fb AREF","https://archive.usgs.gov/archive/sites/speclab.cr.usgs.gov/spectral.lib06/ds231/DESCRIPT/S/opal_cu00-15e.html","https://archive.usgs.gov/archive/sites/speclab.cr.usgs.gov/spectral.lib06/ds231/ASCII/S/opal_cu00-15e.26266.asc.txt"]
["Phlogopite_Sand_Mix BR93-20 W1R1Ba AREF","https://archive.usgs.gov/archive/sites/speclab.cr.usgs.gov/spectral.lib06/ds231/DESCRIPT/S/phlogopite_sand_mix_br93-20.html","https://archive.usgs.gov/archive/sites/speclab.cr.usgs.gov/spectral.lib06/ds231/ASCII/S/phlogopite_sand_mix_br93-20.26287.asc.txt"]
["Pyrite LV95-6A Weath on Tail W1R1Bb AREF","https://archive.usgs.gov/archive/sites/speclab.cr.usgs.gov/spectral.lib06/ds231/DESCRIPT/S/pyrite_lv95-6a.html","https://archive.usgs.gov/archive/sites/speclab.cr.usgs.gov/spectral.lib06/ds231/ASCII/S/pyrite_lv95-6a.26297.asc.txt"]
["Pyrophyl+Muscovite JH_PYRM1 W1R1Fb AREF","https://archive.usgs.gov/archive/sites/speclab.cr.usgs.gov/spectral.lib06/ds231/DESCRIPT/S/pyro_musc_pyrm1.html","https://archive.usgs.gov/archive/sites/speclab.cr.usgs.gov/spectral.lib06/ds231/ASCII/S/pyro_musc_pyrm1.26313.asc.txt"]
["Pyrophyl.25+wxlKaol.75 AMX17 W1R1Bb AREF","https://archive.usgs.gov/archive/sites/speclab.cr.usgs.gov/spectral.lib06/ds231/DESCRIPT/S/pyro_mont_amx17.html","https://archive.usgs.gov/archive/sites/speclab.cr.usgs.gov/spectral.lib06/ds231/ASCII/S/pyro_mont_amx17.26333.asc.txt"]
["Pyrophyl.50+Ca-Mont.50 AMX16 W1R1Ba AREF","https://archive.usgs.gov/archive/sites/speclab.cr.usgs.gov/spectral.lib06/ds231/DESCRIPT/S/pyroph_mont_amx16.html","https://archive.usgs.gov/archive/sites/speclab.cr.usgs.gov/spectral.lib06/ds231/ASCII/S/pyroph_mont_amx16.26348.asc.txt"]
["Pyroxene_Basalt CU01-20A W1R1Fa AREF","https://archive.usgs.gov/archive/sites/speclab.cr.usgs.gov/spectral.lib06/ds231/DESCRIPT/S/pyroxene.basalt.cu01_20a.html","https://archive.usgs.gov/archive/sites/speclab.cr.usgs.gov/spectral.lib06/ds231/ASCII/S/pyroxene.basalt.cu01_20a.26360.asc.txt"]
["Stonewall_Playa_Dry_Mud 2001 W1R1Fa AREF","https://archive.usgs.gov/archive/sites/speclab.cr.usgs.gov/spectral.lib06/ds231/DESCRIPT/S/stonewall_playa.html","https://archive.usgs.gov/archive/sites/speclab.cr.usgs.gov/spectral.lib06/ds231/ASCII/S/stonewall_playa.26390.asc.txt"]
["Stonewall_Playa CU93-52A a11 W1R1Ba AREF","https://archive.usgs.gov/archive/sites/speclab.cr.usgs.gov/spectral.lib06/ds231/DESCRIPT/S/stonewall_playa.html","https://archive.usgs.gov/archive/sites/speclab.cr.usgs.gov/spectral.lib06/ds231/ASCII/S/stonewall_playa.26413.asc.txt"]
["Talc+Clinochlore HS327.3B W1R1Fa AREF","https://archive.usgs.gov/archive/sites/speclab.cr.usgs.gov/spectral.lib06/ds231/DESCRIPT/S/talc_clinochl_hs327.html","https://archive.usgs.gov/archive/sites/speclab.cr.usgs.gov/spectral.lib06/ds231/ASCII/S/talc_clinochl_hs327.26428.asc.txt"]
["Talc+Clinochlore HS327.3B W1R1Ba AREF","https://archive.usgs.gov/archive/sites/speclab.cr.usgs.gov/spectral.lib06/ds231/DESCRIPT/S/talc_clinochl_hs327.html","https://archive.usgs.gov/archive/sites/speclab.cr.usgs.gov/spectral.lib06/ds231/ASCII/S/talc_clinochl_hs327.26454.asc.txt"]
["Talc+Clinochlore HS327.3B W9R4Naaa RREF","https://archive.usgs.gov/archive/sites/speclab.cr.usgs.gov/spectral.lib06/ds231/DESCRIPT/S/talc_clinochl_hs327.html","https://archive.usgs.gov/archive/sites/speclab.cr.usgs.gov/spectral.lib06/ds231/ASCII/S/talc_clinochl_hs327.26471.asc.txt"]
["Teepleite+Trona NMNH102798 W1R1Ba AREF","https://archive.usgs.gov/archive/sites/speclab.cr.usgs.gov/spectral.lib06/ds231/DESCRIPT/S/teepleite_nmnh102798.html","https://archive.usgs.gov/archive/sites/speclab.cr.usgs.gov/spectral.lib06/ds231/ASCII/S/teepleite_nmnh102798.26513.asc.txt"]
["Teepleite+Trona NMNH102798 W5R4Naa_ RREF","https://archive.usgs.gov/archive/sites/speclab.cr.usgs.gov/spectral.lib06/ds231/DESCRIPT/S/teepleite_nmnh102798.html","https://archive.usgs.gov/archive/sites/speclab.cr.usgs.gov/spectral.lib06/ds231/ASCII/S/teepleite_nmnh102798.26524.asc.txt"]
["White_Crust LV30 starkeyite W1R1Fc AREF","https://archive.usgs.gov/archive/sites/speclab.cr.usgs.gov/spectral.lib06/ds231/DESCRIPT/S/white_crust_lv30.html","https://archive.usgs.gov/archive/sites/speclab.cr.usgs.gov/spectral.lib06/ds231/ASCII/S/white_crust_lv30.26567.asc.txt"]
["Zincite+Franklin HS147.3B W1R1Bb AREF","https://archive.usgs.gov/archive/sites/speclab.cr.usgs.gov/spectral.lib06/ds231/DESCRIPT/S/zincite_hs147.html","https://archive.usgs.gov/archive/sites/speclab.cr.usgs.gov/spectral.lib06/ds231/ASCII/S/zincite_hs147.26590.asc.txt"]
["Zincite+Franklin HS147.3B W5R4Nbb_ RREF","https://archive.usgs.gov/archive/sites/speclab.cr.usgs.gov/spectral.lib06/ds231/DESCRIPT/S/zincite_hs147.html","https://archive.usgs.gov/archive/sites/speclab.cr.usgs.gov/spectral.lib06/ds231/ASCII/S/zincite_hs147.26601.asc.txt"]
["BurnArea_Traverse WRF00-01 W1R1Fb AREF","https://archive.usgs.gov/archive/sites/speclab.cr.usgs.gov/spectral.lib06/ds231/DESCRIPT/S/burnarea_traverse_WRF00-01.html","https://archive.usgs.gov/archive/sites/speclab.cr.usgs.gov/spectral.lib06/ds231/ASCII/S/burnarea_traverse_WRF00-01.26644.asc.txt"]
["BurnArea_TopSurface WRF00-02 W1R1Fb AREF","https://archive.usgs.gov/archive/sites/speclab.cr.usgs.gov/spectral.lib06/ds231/DESCRIPT/S/burnarea_topsurface_WRF00-02.html","https://archive.usgs.gov/archive/sites/speclab.cr.usgs.gov/spectral.lib06/ds231/ASCII/S/burnarea_topsurface_WRF00-02.26668.asc.txt"]