['Acid_Mine_Dr_Assemb1-Fe3+_ASDFRb', 'https://crustal.usgs.gov/speclab/data/HTMLmetadata/Acid_Mine_Dr_Assemb1-Fe3+_ASDFRb_AREF.html', 'https://crustal.usgs.gov/speclab/data/ZIPrecords/ZIPdata_splib07a/ChapterS_SoilsAndMixtures/splib07a_Acid_Mine_Dr_Assemb1-Fe3+_ASDFRb_AREF.zip']
['Acid_Mine_Dr_Assemb2-Fe3+_ASDFRb', 'https://crustal.usgs.gov/speclab/data/HTMLmetadata/Acid_Mine_Dr_Assemb2-Fe3+_ASDFRb_AREF.html', 'https://crustal.usgs.gov/speclab/data/ZIPrecords/ZIPdata_splib07a/ChapterS_SoilsAndMixtures/splib07a_Acid_Mine_Dr_Assemb2-Fe3+_ASDFRb_AREF.zip']
['Actinolite-Hornfels_BR93-5a_BECKc', 'https://crustal.usgs.gov/speclab/data/HTMLmetadata/Actinolite-Hornfels_BR93-5a_BECKc_AREF.html', 'https://crustal.usgs.gov/speclab/data/ZIPrecords/ZIPdata_splib07a/ChapterS_SoilsAndMixtures/splib07a_Actinolite-Hornfels_BR93-5a_BECKc_AREF.zip']
['Actinolite-Tremolit_BR93-22C_BECKb', 'https://crustal.usgs.gov/speclab/data/HTMLmetadata/Actinolite-Tremolit_BR93-22C_BECKb_AREF.html', 'https://crustal.usgs.gov/speclab/data/ZIPrecords/ZIPdata_splib07a/ChapterS_SoilsAndMixtures/splib07a_Actinolite-Tremolit_BR93-22C_BECKb_AREF.zip']
['Actinolite_Dolomit_BR93-60B_BECKb', 'https://crustal.usgs.gov/speclab/data/HTMLmetadata/Actinolite_Dolomit_BR93-60B_BECKb_AREF.html', 'https://crustal.usgs.gov/speclab/data/ZIPrecords/ZIPdata_splib07a/ChapterS_SoilsAndMixtures/splib07a_Actinolite_Dolomit_BR93-60B_BECKb_AREF.zip']
['Alun.33+Kaol.33+Musc.33_AMX2_ASDNGa', 'https://crustal.usgs.gov/speclab/data/HTMLmetadata/Alun.33+Kaol.33+Musc.33_AMX2_ASDNGa_AREF.html', 'https://crustal.usgs.gov/speclab/data/ZIPrecords/ZIPdata_splib07a/ChapterS_SoilsAndMixtures/splib07a_Alun.33+Kaol.33+Musc.33_AMX2_ASDNGa_AREF.zip']
['Alun.33+Kaol.33+Musc.33_AMX2_BECKa', 'https://crustal.usgs.gov/speclab/data/HTMLmetadata/Alun.33+Kaol.33+Musc.33_AMX2_BECKa_AREF.html', 'https://crustal.usgs.gov/speclab/data/ZIPrecords/ZIPdata_splib07a/ChapterS_SoilsAndMixtures/splib07a_Alun.33+Kaol.33+Musc.33_AMX2_BECKa_AREF.zip']
['Alun0.3+Musc0.4+Pyro0.3_AMX1_BECKa', 'https://crustal.usgs.gov/speclab/data/HTMLmetadata/Alun0.3+Musc0.4+Pyro0.3_AMX1_BECKa_AREF.html', 'https://crustal.usgs.gov/speclab/data/ZIPrecords/ZIPdata_splib07a/ChapterS_SoilsAndMixtures/splib07a_Alun0.3+Musc0.4+Pyro0.3_AMX1_BECKa_AREF.zip']
['Alun366+.50PyroPYS1A_GDS222_BECKb', 'https://crustal.usgs.gov/speclab/data/HTMLmetadata/Alun366+.50PyroPYS1A_GDS222_BECKb_AREF.html', 'https://crustal.usgs.gov/speclab/data/ZIPrecords/ZIPdata_splib07a/ChapterS_SoilsAndMixtures/splib07a_Alun366+.50PyroPYS1A_GDS222_BECKb_AREF.zip']
['Alun_Na+Kaol+Hemat_MV00-11a_ASDFRc', 'https://crustal.usgs.gov/speclab/data/HTMLmetadata/Alun_Na+Kaol+Hemat_MV00-11a_ASDFRc_AREF.html', 'https://crustal.usgs.gov/speclab/data/ZIPrecords/ZIPdata_splib07a/ChapterS_SoilsAndMixtures/splib07a_Alun_Na+Kaol+Hemat_MV00-11a_ASDFRc_AREF.zip']
['Alunite+Dickite_MV99-6-26b_ASDFRc', 'https://crustal.usgs.gov/speclab/data/HTMLmetadata/Alunite+Dickite_MV99-6-26b_ASDFRc_AREF.html', 'https://crustal.usgs.gov/speclab/data/ZIPrecords/ZIPdata_splib07a/ChapterS_SoilsAndMixtures/splib07a_Alunite+Dickite_MV99-6-26b_ASDFRc_AREF.zip']
['Alunite+Pyrophyl_SD1093A_BECKb', 'https://crustal.usgs.gov/speclab/data/HTMLmetadata/Alunite+Pyrophyl_SD1093A_BECKb_AREF.html', 'https://crustal.usgs.gov/speclab/data/ZIPrecords/ZIPdata_splib07a/ChapterS_SoilsAndMixtures/splib07a_Alunite+Pyrophyl_SD1093A_BECKb_AREF.zip']
['Alunite-K_CU91-217G1_HiTemp_ASDFRb', 'https://crustal.usgs.gov/speclab/data/HTMLmetadata/Alunite-K_CU91-217G1_HiTemp_ASDFRb_AREF.html', 'https://crustal.usgs.gov/speclab/data/ZIPrecords/ZIPdata_splib07a/ChapterS_SoilsAndMixtures/splib07a_Alunite-K_CU91-217G1_HiTemp_ASDFRb_AREF.zip']
['Alunite.5+MuscCU91-250A_AMX4_ASDNGa', 'https://crustal.usgs.gov/speclab/data/HTMLmetadata/Alunite.5+MuscCU91-250A_AMX4_ASDNGa_AREF.html', 'https://crustal.usgs.gov/speclab/data/ZIPrecords/ZIPdata_splib07a/ChapterS_SoilsAndMixtures/splib07a_Alunite.5+MuscCU91-250A_AMX4_ASDNGa_AREF.zip']
['Alunite.5+MuscCU91-250A_AMX4_BECKa', 'https://crustal.usgs.gov/speclab/data/HTMLmetadata/Alunite.5+MuscCU91-250A_AMX4_BECKa_AREF.html', 'https://crustal.usgs.gov/speclab/data/ZIPrecords/ZIPdata_splib07a/ChapterS_SoilsAndMixtures/splib07a_Alunite.5+MuscCU91-250A_AMX4_BECKa_AREF.zip']
['Alunite0.35K+.65Na_CU91-217H_ASDFRb', 'https://crustal.usgs.gov/speclab/data/HTMLmetadata/Alunite0.35K+.65Na_CU91-217H_ASDFRb_AREF.html', 'https://crustal.usgs.gov/speclab/data/ZIPrecords/ZIPdata_splib07a/ChapterS_SoilsAndMixtures/splib07a_Alunite0.35K+.65Na_CU91-217H_ASDFRb_AREF.zip']
['Alunite0.35K+.65Na_CU91-217H_NIC4b_RREF', 'https://crustal.usgs.gov/speclab/data/HTMLmetadata/Alunite0.35K+.65Na_CU91-217H_NIC4b_RREF.html', 'https://crustal.usgs.gov/speclab/data/ZIPrecords/ZIPdata_splib07a/ChapterS_SoilsAndMixtures/splib07a_Alunite0.35K+.65Na_CU91-217H_NIC4b_RREF.zip']
['Alunite0.5+Kaol_KGa-1_AMX3_ASDNGb', 'https://crustal.usgs.gov/speclab/data/HTMLmetadata/Alunite0.5+Kaol_KGa-1_AMX3_ASDNGb_AREF.html', 'https://crustal.usgs.gov/speclab/data/ZIPrecords/ZIPdata_splib07a/ChapterS_SoilsAndMixtures/splib07a_Alunite0.5+Kaol_KGa-1_AMX3_ASDNGb_AREF.zip']
['Alunite0.5+Kaol_KGa-1_AMX3_BECKb', 'https://crustal.usgs.gov/speclab/data/HTMLmetadata/Alunite0.5+Kaol_KGa-1_AMX3_BECKb_AREF.html', 'https://crustal.usgs.gov/speclab/data/ZIPrecords/ZIPdata_splib07a/ChapterS_SoilsAndMixtures/splib07a_Alunite0.5+Kaol_KGa-1_AMX3_BECKb_AREF.zip']
['Alunite0.5+Kaol_KGa-1_AMX3_NIC4bbb', 'https://crustal.usgs.gov/speclab/data/HTMLmetadata/Alunite0.5+Kaol_KGa-1_AMX3_NIC4bbb_AREF.html', 'https://crustal.usgs.gov/speclab/data/ZIPrecords/ZIPdata_splib07a/ChapterS_SoilsAndMixtures/splib07a_Alunite0.5+Kaol_KGa-1_AMX3_NIC4bbb_AREF.zip']
['Alunite0.66K+.34Na_CU91-217A_NIC4b_RREF', 'https://crustal.usgs.gov/speclab/data/HTMLmetadata/Alunite0.66K+.34Na_CU91-217A_NIC4b_RREF.html', 'https://crustal.usgs.gov/speclab/data/ZIPrecords/ZIPdata_splib07a/ChapterS_SoilsAndMixtures/splib07a_Alunite0.66K+.34Na_CU91-217A_NIC4b_RREF.zip']
['Alunite0.73K+.27Na_CU91-217D_NIC4a_RREF', 'https://crustal.usgs.gov/speclab/data/HTMLmetadata/Alunite0.73K+.27Na_CU91-217D_NIC4a_RREF.html', 'https://crustal.usgs.gov/speclab/data/ZIPrecords/ZIPdata_splib07a/ChapterS_SoilsAndMixtures/splib07a_Alunite0.73K+.27Na_CU91-217D_NIC4a_RREF.zip']
['Alunite_K-Na_CU91-217H1_LowT_ASDFRb', 'https://crustal.usgs.gov/speclab/data/HTMLmetadata/Alunite_K-Na_CU91-217H1_LowT_ASDFRb_AREF.html', 'https://crustal.usgs.gov/speclab/data/ZIPrecords/ZIPdata_splib07a/ChapterS_SoilsAndMixtures/splib07a_Alunite_K-Na_CU91-217H1_LowT_ASDFRb_AREF.zip']
['Alunite_K_CU98-5C_MedTemp_ASDFRb', 'https://crustal.usgs.gov/speclab/data/HTMLmetadata/Alunite_K_CU98-5C_MedTemp_ASDFRb_AREF.html', 'https://crustal.usgs.gov/speclab/data/ZIPrecords/ZIPdata_splib07a/ChapterS_SoilsAndMixtures/splib07a_Alunite_K_CU98-5C_MedTemp_ASDFRb_AREF.zip']
['Alunite_NH4+Jaro_NMNH145596A_ASDFRb', 'https://crustal.usgs.gov/speclab/data/HTMLmetadata/Alunite_NH4+Jaro_NMNH145596A_ASDFRb_AREF.html', 'https://crustal.usgs.gov/speclab/data/ZIPrecords/ZIPdata_splib07a/ChapterS_SoilsAndMixtures/splib07a_Alunite_NH4+Jaro_NMNH145596A_ASDFRb_AREF.zip']
['Alunite_NH4+Jaro_NMNH145596A_BECKb', 'https://crustal.usgs.gov/speclab/data/HTMLmetadata/Alunite_NH4+Jaro_NMNH145596A_BECKb_AREF.html', 'https://crustal.usgs.gov/speclab/data/ZIPrecords/ZIPdata_splib07a/ChapterS_SoilsAndMixtures/splib07a_Alunite_NH4+Jaro_NMNH145596A_BECKb_AREF.zip']
['Alunite_NH4+Jaro_NMNH145596A_NIC4bb_RREF', 'https://crustal.usgs.gov/speclab/data/HTMLmetadata/Alunite_NH4+Jaro_NMNH145596A_NIC4bb_RREF.html', 'https://crustal.usgs.gov/speclab/data/ZIPrecords/ZIPdata_splib07a/ChapterS_SoilsAndMixtures/splib07a_Alunite_NH4+Jaro_NMNH145596A_NIC4bb_RREF.zip']
['Basalt_fresh_BR93-46B_BECKb', 'https://crustal.usgs.gov/speclab/data/HTMLmetadata/Basalt_fresh_BR93-46B_BECKb_AREF.html', 'https://crustal.usgs.gov/speclab/data/ZIPrecords/ZIPdata_splib07a/ChapterS_SoilsAndMixtures/splib07a_Basalt_fresh_BR93-46B_BECKb_AREF.zip']
['Basalt_weathered_BR93-43_BECKb', 'https://crustal.usgs.gov/speclab/data/HTMLmetadata/Basalt_weathered_BR93-43_BECKb_AREF.html', 'https://crustal.usgs.gov/speclab/data/ZIPrecords/ZIPdata_splib07a/ChapterS_SoilsAndMixtures/splib07a_Basalt_weathered_BR93-43_BECKb_AREF.zip']
['Beidellite+Montmor_GDS123_ASDFRb', 'https://crustal.usgs.gov/speclab/data/HTMLmetadata/Beidellite+Montmor_GDS123_ASDFRb_AREF.html', 'https://crustal.usgs.gov/speclab/data/ZIPrecords/ZIPdata_splib07a/ChapterS_SoilsAndMixtures/splib07a_Beidellite+Montmor_GDS123_ASDFRb_AREF.zip']
['Beidellite+Montmor_GDS123_NIC4bbb_RREF', 'https://crustal.usgs.gov/speclab/data/HTMLmetadata/Beidellite+Montmor_GDS123_NIC4bbb_RREF.html', 'https://crustal.usgs.gov/speclab/data/ZIPrecords/ZIPdata_splib07a/ChapterS_SoilsAndMixtures/splib07a_Beidellite+Montmor_GDS123_NIC4bbb_RREF.zip']
['Biotite-Chlorite_Mx_BR93-36A_BECKb', 'https://crustal.usgs.gov/speclab/data/HTMLmetadata/Biotite-Chlorite_Mx_BR93-36A_BECKb_AREF.html', 'https://crustal.usgs.gov/speclab/data/ZIPrecords/ZIPdata_splib07a/ChapterS_SoilsAndMixtures/splib07a_Biotite-Chlorite_Mx_BR93-36A_BECKb_AREF.zip']
['Blue_Efflorscnt_Min_SU93-300_BECKb', 'https://crustal.usgs.gov/speclab/data/HTMLmetadata/Blue_Efflorscnt_Min_SU93-300_BECKb_AREF.html', 'https://crustal.usgs.gov/speclab/data/ZIPrecords/ZIPdata_splib07a/ChapterS_SoilsAndMixtures/splib07a_Blue_Efflorscnt_Min_SU93-300_BECKb_AREF.zip']
['Buddingtnt+Na-Mont_CU93-260B_NIC4b_RREF', 'https://crustal.usgs.gov/speclab/data/HTMLmetadata/Buddingtnt+Na-Mont_CU93-260B_NIC4b_RREF.html', 'https://crustal.usgs.gov/speclab/data/ZIPrecords/ZIPdata_splib07a/ChapterS_SoilsAndMixtures/splib07a_Buddingtnt+Na-Mont_CU93-260B_NIC4b_RREF.zip']
['BurnArea_TopSurface_WRF00-02_ASDFRb', 'https://crustal.usgs.gov/speclab/data/HTMLmetadata/BurnArea_TopSurface_WRF00-02_ASDFRb_AREF.html', 'https://crustal.usgs.gov/speclab/data/ZIPrecords/ZIPdata_splib07a/ChapterS_SoilsAndMixtures/splib07a_BurnArea_TopSurface_WRF00-02_ASDFRb_AREF.zip']
['BurnArea_Traverse_WRF00-01_ASDFRb', 'https://crustal.usgs.gov/speclab/data/HTMLmetadata/BurnArea_Traverse_WRF00-01_ASDFRb_AREF.html', 'https://crustal.usgs.gov/speclab/data/ZIPrecords/ZIPdata_splib07a/ChapterS_SoilsAndMixtures/splib07a_BurnArea_Traverse_WRF00-01_ASDFRb_AREF.zip']
['Calc.25+Dolo.25+Ca-Mont_AMX7_ASDNGb', 'https://crustal.usgs.gov/speclab/data/HTMLmetadata/Calc.25+Dolo.25+Ca-Mont_AMX7_ASDNGb_AREF.html', 'https://crustal.usgs.gov/speclab/data/ZIPrecords/ZIPdata_splib07a/ChapterS_SoilsAndMixtures/splib07a_Calc.25+Dolo.25+Ca-Mont_AMX7_ASDNGb_AREF.zip']
['Calc.25+Dolo.25+Ca-Mont_AMX7_BECKb', 'https://crustal.usgs.gov/speclab/data/HTMLmetadata/Calc.25+Dolo.25+Ca-Mont_AMX7_BECKb_AREF.html', 'https://crustal.usgs.gov/speclab/data/ZIPrecords/ZIPdata_splib07a/ChapterS_SoilsAndMixtures/splib07a_Calc.25+Dolo.25+Ca-Mont_AMX7_BECKb_AREF.zip']
['Calc.25+Dolo.25+Na-Mon_AMX18_ASDNGb', 'https://crustal.usgs.gov/speclab/data/HTMLmetadata/Calc.25+Dolo.25+Na-Mon_AMX18_ASDNGb_AREF.html', 'https://crustal.usgs.gov/speclab/data/ZIPrecords/ZIPdata_splib07a/ChapterS_SoilsAndMixtures/splib07a_Calc.25+Dolo.25+Na-Mon_AMX18_ASDNGb_AREF.zip']
['Calc.25+Dolo.25+Na-Mon_AMX18_BECKb', 'https://crustal.usgs.gov/speclab/data/HTMLmetadata/Calc.25+Dolo.25+Na-Mon_AMX18_BECKb_AREF.html', 'https://crustal.usgs.gov/speclab/data/ZIPrecords/ZIPdata_splib07a/ChapterS_SoilsAndMixtures/splib07a_Calc.25+Dolo.25+Na-Mon_AMX18_BECKb_AREF.zip']
['Calcite+.33Muscov_AMX5_Ruby_BECKa', 'https://crustal.usgs.gov/speclab/data/HTMLmetadata/Calcite+.33Muscov_AMX5_Ruby_BECKa_AREF.html', 'https://crustal.usgs.gov/speclab/data/ZIPrecords/ZIPdata_splib07a/ChapterS_SoilsAndMixtures/splib07a_Calcite+.33Muscov_AMX5_Ruby_BECKa_AREF.zip']
['Calcite+Talc_PC99-1G_ASDFRc', 'https://crustal.usgs.gov/speclab/data/HTMLmetadata/Calcite+Talc_PC99-1G_ASDFRc_AREF.html', 'https://crustal.usgs.gov/speclab/data/ZIPrecords/ZIPdata_splib07a/ChapterS_SoilsAndMixtures/splib07a_Calcite+Talc_PC99-1G_ASDFRc_AREF.zip']
['Calcite.33+Ca-Mont.67_AMX19_ASDNGb', 'https://crustal.usgs.gov/speclab/data/HTMLmetadata/Calcite.33+Ca-Mont.67_AMX19_ASDNGb_AREF.html', 'https://crustal.usgs.gov/speclab/data/ZIPrecords/ZIPdata_splib07a/ChapterS_SoilsAndMixtures/splib07a_Calcite.33+Ca-Mont.67_AMX19_ASDNGb_AREF.zip']
['Calcite.33+Ca-Mont.67_AMX19_BECKb', 'https://crustal.usgs.gov/speclab/data/HTMLmetadata/Calcite.33+Ca-Mont.67_AMX19_BECKb_AREF.html', 'https://crustal.usgs.gov/speclab/data/ZIPrecords/ZIPdata_splib07a/ChapterS_SoilsAndMixtures/splib07a_Calcite.33+Ca-Mont.67_AMX19_BECKb_AREF.zip']
['Calcite.33+Epidote.67_GDS311_ASDFRa', 'https://crustal.usgs.gov/speclab/data/HTMLmetadata/Calcite.33+Epidote.67_GDS311_ASDFRa_AREF.html', 'https://crustal.usgs.gov/speclab/data/ZIPrecords/ZIPdata_splib07a/ChapterS_SoilsAndMixtures/splib07a_Calcite.33+Epidote.67_GDS311_ASDFRa_AREF.zip']
['Calcite.33+Na-Mont.67_AMX44_ASDNGb', 'https://crustal.usgs.gov/speclab/data/HTMLmetadata/Calcite.33+Na-Mont.67_AMX44_ASDNGb_AREF.html', 'https://crustal.usgs.gov/speclab/data/ZIPrecords/ZIPdata_splib07a/ChapterS_SoilsAndMixtures/splib07a_Calcite.33+Na-Mont.67_AMX44_ASDNGb_AREF.zip']
['Calcite.5+.Ca-Mont.5_AMX6_ASDNGb', 'https://crustal.usgs.gov/speclab/data/HTMLmetadata/Calcite.5+.Ca-Mont.5_AMX6_ASDNGb_AREF.html', 'https://crustal.usgs.gov/speclab/data/ZIPrecords/ZIPdata_splib07a/ChapterS_SoilsAndMixtures/splib07a_Calcite.5+.Ca-Mont.5_AMX6_ASDNGb_AREF.zip']
['Calcite.5+.Ca-Mont.5_AMX6_BECKb', 'https://crustal.usgs.gov/speclab/data/HTMLmetadata/Calcite.5+.Ca-Mont.5_AMX6_BECKb_AREF.html', 'https://crustal.usgs.gov/speclab/data/ZIPrecords/ZIPdata_splib07a/ChapterS_SoilsAndMixtures/splib07a_Calcite.5+.Ca-Mont.5_AMX6_BECKb_AREF.zip']
['Calcite.5+.Na-Mont.5_AMX43_ASDNGb', 'https://crustal.usgs.gov/speclab/data/HTMLmetadata/Calcite.5+.Na-Mont.5_AMX43_ASDNGb_AREF.html', 'https://crustal.usgs.gov/speclab/data/ZIPrecords/ZIPdata_splib07a/ChapterS_SoilsAndMixtures/splib07a_Calcite.5+.Na-Mont.5_AMX43_ASDNGb_AREF.zip']
['Calcite.5+Dolomite.5_AMX8_ASDNGb', 'https://crustal.usgs.gov/speclab/data/HTMLmetadata/Calcite.5+Dolomite.5_AMX8_ASDNGb_AREF.html', 'https://crustal.usgs.gov/speclab/data/ZIPrecords/ZIPdata_splib07a/ChapterS_SoilsAndMixtures/splib07a_Calcite.5+Dolomite.5_AMX8_ASDNGb_AREF.zip']
['Calcite.5+Dolomite.5_AMX8_BECKb', 'https://crustal.usgs.gov/speclab/data/HTMLmetadata/Calcite.5+Dolomite.5_AMX8_BECKb_AREF.html', 'https://crustal.usgs.gov/speclab/data/ZIPrecords/ZIPdata_splib07a/ChapterS_SoilsAndMixtures/splib07a_Calcite.5+Dolomite.5_AMX8_BECKb_AREF.zip']
['Calcite.67+Epidote.33_GDS310_ASDFRa', 'https://crustal.usgs.gov/speclab/data/HTMLmetadata/Calcite.67+Epidote.33_GDS310_ASDFRa_AREF.html', 'https://crustal.usgs.gov/speclab/data/ZIPrecords/ZIPdata_splib07a/ChapterS_SoilsAndMixtures/splib07a_Calcite.67+Epidote.33_GDS310_ASDFRa_AREF.zip']
['Calcite.7+Kaolin-wxl.3_AMX9_ASDNGa', 'https://crustal.usgs.gov/speclab/data/HTMLmetadata/Calcite.7+Kaolin-wxl.3_AMX9_ASDNGa_AREF.html', 'https://crustal.usgs.gov/speclab/data/ZIPrecords/ZIPdata_splib07a/ChapterS_SoilsAndMixtures/splib07a_Calcite.7+Kaolin-wxl.3_AMX9_ASDNGa_AREF.zip']
['Calcite.7+Kaolin-wxl.3_AMX9_BECKa', 'https://crustal.usgs.gov/speclab/data/HTMLmetadata/Calcite.7+Kaolin-wxl.3_AMX9_BECKa_AREF.html', 'https://crustal.usgs.gov/speclab/data/ZIPrecords/ZIPdata_splib07a/ChapterS_SoilsAndMixtures/splib07a_Calcite.7+Kaolin-wxl.3_AMX9_BECKa_AREF.zip']
['Calcite.8+Ca-Montmor.2_AMX15_BECKb', 'https://crustal.usgs.gov/speclab/data/HTMLmetadata/Calcite.8+Ca-Montmor.2_AMX15_BECKb_AREF.html', 'https://crustal.usgs.gov/speclab/data/ZIPrecords/ZIPdata_splib07a/ChapterS_SoilsAndMixtures/splib07a_Calcite.8+Ca-Montmor.2_AMX15_BECKb_AREF.zip']
['Calcite.80+Mont_Swy-1_GDS212_ASDNGa', 'https://crustal.usgs.gov/speclab/data/HTMLmetadata/Calcite.80+Mont_Swy-1_GDS212_ASDNGa_AREF.html', 'https://crustal.usgs.gov/speclab/data/ZIPrecords/ZIPdata_splib07a/ChapterS_SoilsAndMixtures/splib07a_Calcite.80+Mont_Swy-1_GDS212_ASDNGa_AREF.zip']
['Calcite.80+Mont_Swy-1_GDS212_BECKa', 'https://crustal.usgs.gov/speclab/data/HTMLmetadata/Calcite.80+Mont_Swy-1_GDS212_BECKa_AREF.html', 'https://crustal.usgs.gov/speclab/data/ZIPrecords/ZIPdata_splib07a/ChapterS_SoilsAndMixtures/splib07a_Calcite.80+Mont_Swy-1_GDS212_BECKa_AREF.zip']
['Calcite.80wt+Kaol_CM9_GDS213_ASDNGa', 'https://crustal.usgs.gov/speclab/data/HTMLmetadata/Calcite.80wt+Kaol_CM9_GDS213_ASDNGa_AREF.html', 'https://crustal.usgs.gov/speclab/data/ZIPrecords/ZIPdata_splib07a/ChapterS_SoilsAndMixtures/splib07a_Calcite.80wt+Kaol_CM9_GDS213_ASDNGa_AREF.zip']
['Calcite.80wt+Kaol_CM9_GDS213_BECKa', 'https://crustal.usgs.gov/speclab/data/HTMLmetadata/Calcite.80wt+Kaol_CM9_GDS213_BECKa_AREF.html', 'https://crustal.usgs.gov/speclab/data/ZIPrecords/ZIPdata_splib07a/ChapterS_SoilsAndMixtures/splib07a_Calcite.80wt+Kaol_CM9_GDS213_BECKa_AREF.zip']
['Chabazite+Thom+Wair_HS193.3B_ASDFRb', 'https://crustal.usgs.gov/speclab/data/HTMLmetadata/Chabazite+Thom+Wair_HS193.3B_ASDFRb_AREF.html', 'https://crustal.usgs.gov/speclab/data/ZIPrecords/ZIPdata_splib07a/ChapterS_SoilsAndMixtures/splib07a_Chabazite+Thom+Wair_HS193.3B_ASDFRb_AREF.zip']
['Chabazite+Thom+Wair_HS193.3B_BECKb', 'https://crustal.usgs.gov/speclab/data/HTMLmetadata/Chabazite+Thom+Wair_HS193.3B_BECKb_AREF.html', 'https://crustal.usgs.gov/speclab/data/ZIPrecords/ZIPdata_splib07a/ChapterS_SoilsAndMixtures/splib07a_Chabazite+Thom+Wair_HS193.3B_BECKb_AREF.zip']
['Chabazite+Thom+Wair_HS193.3B_NIC4bb_RREF', 'https://crustal.usgs.gov/speclab/data/HTMLmetadata/Chabazite+Thom+Wair_HS193.3B_NIC4bb_RREF.html', 'https://crustal.usgs.gov/speclab/data/ZIPrecords/ZIPdata_splib07a/ChapterS_SoilsAndMixtures/splib07a_Chabazite+Thom+Wair_HS193.3B_NIC4bb_RREF.zip']
['Chl.33+Epid.33+Cal.33_GDS319_ASDFRa', 'https://crustal.usgs.gov/speclab/data/HTMLmetadata/Chl.33+Epid.33+Cal.33_GDS319_ASDFRa_AREF.html', 'https://crustal.usgs.gov/speclab/data/ZIPrecords/ZIPdata_splib07a/ChapterS_SoilsAndMixtures/splib07a_Chl.33+Epid.33+Cal.33_GDS319_ASDFRa_AREF.zip']
['Chlor+Goethite_CU93-4B_Phyl_BECKa', 'https://crustal.usgs.gov/speclab/data/HTMLmetadata/Chlor+Goethite_CU93-4B_Phyl_BECKa_AREF.html', 'https://crustal.usgs.gov/speclab/data/ZIPrecords/ZIPdata_splib07a/ChapterS_SoilsAndMixtures/splib07a_Chlor+Goethite_CU93-4B_Phyl_BECKa_AREF.zip']
['Chlor.2+Epid.2+Calc.6_GDS314_ASDFRa', 'https://crustal.usgs.gov/speclab/data/HTMLmetadata/Chlor.2+Epid.2+Calc.6_GDS314_ASDFRa_AREF.html', 'https://crustal.usgs.gov/speclab/data/ZIPrecords/ZIPdata_splib07a/ChapterS_SoilsAndMixtures/splib07a_Chlor.2+Epid.2+Calc.6_GDS314_ASDFRa_AREF.zip']
['Chlor.2+Epid.6+Calc.2_GDS312_ASDFRa', 'https://crustal.usgs.gov/speclab/data/HTMLmetadata/Chlor.2+Epid.6+Calc.2_GDS312_ASDFRa_AREF.html', 'https://crustal.usgs.gov/speclab/data/ZIPrecords/ZIPdata_splib07a/ChapterS_SoilsAndMixtures/splib07a_Chlor.2+Epid.6+Calc.2_GDS312_ASDFRa_AREF.zip']
['Chlor.6+Epid.2+Calc.2_GDS313_ASDFRa', 'https://crustal.usgs.gov/speclab/data/HTMLmetadata/Chlor.6+Epid.2+Calc.2_GDS313_ASDFRa_AREF.html', 'https://crustal.usgs.gov/speclab/data/ZIPrecords/ZIPdata_splib07a/ChapterS_SoilsAndMixtures/splib07a_Chlor.6+Epid.2+Calc.2_GDS313_ASDFRa_AREF.zip']
['Chlorit.33+Calcite.67_GDS315_ASDFRa', 'https://crustal.usgs.gov/speclab/data/HTMLmetadata/Chlorit.33+Calcite.67_GDS315_ASDFRa_AREF.html', 'https://crustal.usgs.gov/speclab/data/ZIPrecords/ZIPdata_splib07a/ChapterS_SoilsAndMixtures/splib07a_Chlorit.33+Calcite.67_GDS315_ASDFRa_AREF.zip']
['Chlorite+Muscovite_CU93-65A_ASDNGa', 'https://crustal.usgs.gov/speclab/data/HTMLmetadata/Chlorite+Muscovite_CU93-65A_ASDNGa_AREF.html', 'https://crustal.usgs.gov/speclab/data/ZIPrecords/ZIPdata_splib07a/ChapterS_SoilsAndMixtures/splib07a_Chlorite+Muscovite_CU93-65A_ASDNGa_AREF.zip']
['Chlorite+Muscovite_CU93-65A_BECKa', 'https://crustal.usgs.gov/speclab/data/HTMLmetadata/Chlorite+Muscovite_CU93-65A_BECKa_AREF.html', 'https://crustal.usgs.gov/speclab/data/ZIPrecords/ZIPdata_splib07a/ChapterS_SoilsAndMixtures/splib07a_Chlorite+Muscovite_CU93-65A_BECKa_AREF.zip']
['Chlorite.33+Epidot.67_GDS318_ASDFRa', 'https://crustal.usgs.gov/speclab/data/HTMLmetadata/Chlorite.33+Epidot.67_GDS318_ASDFRa_AREF.html', 'https://crustal.usgs.gov/speclab/data/ZIPrecords/ZIPdata_splib07a/ChapterS_SoilsAndMixtures/splib07a_Chlorite.33+Epidot.67_GDS318_ASDFRa_AREF.zip']
['Chlorite.67+Calcit.33_GDS316_ASDFRa', 'https://crustal.usgs.gov/speclab/data/HTMLmetadata/Chlorite.67+Calcit.33_GDS316_ASDFRa_AREF.html', 'https://crustal.usgs.gov/speclab/data/ZIPrecords/ZIPdata_splib07a/ChapterS_SoilsAndMixtures/splib07a_Chlorite.67+Calcit.33_GDS316_ASDFRa_AREF.zip']
['Chlorite.67+Epidot.33_GDS317_ASDFRa', 'https://crustal.usgs.gov/speclab/data/HTMLmetadata/Chlorite.67+Epidot.33_GDS317_ASDFRa_AREF.html', 'https://crustal.usgs.gov/speclab/data/ZIPrecords/ZIPdata_splib07a/ChapterS_SoilsAndMixtures/splib07a_Chlorite.67+Epidot.33_GDS317_ASDFRa_AREF.zip']
['Chlorite_Phyllite_CU91-238A_BECKb', 'https://crustal.usgs.gov/speclab/data/HTMLmetadata/Chlorite_Phyllite_CU91-238A_BECKb_AREF.html', 'https://crustal.usgs.gov/speclab/data/ZIPrecords/ZIPdata_splib07a/ChapterS_SoilsAndMixtures/splib07a_Chlorite_Phyllite_CU91-238A_BECKb_AREF.zip']
['Chlorite_Serpentine_BR93-22B_BECKb', 'https://crustal.usgs.gov/speclab/data/HTMLmetadata/Chlorite_Serpentine_BR93-22B_BECKb_AREF.html', 'https://crustal.usgs.gov/speclab/data/ZIPrecords/ZIPdata_splib07a/ChapterS_SoilsAndMixtures/splib07a_Chlorite_Serpentine_BR93-22B_BECKb_AREF.zip']
['ClinozoisiteEpidote_HS299.1B_ASDFRb', 'https://crustal.usgs.gov/speclab/data/HTMLmetadata/ClinozoisiteEpidote_HS299.1B_ASDFRb_AREF.html', 'https://crustal.usgs.gov/speclab/data/ZIPrecords/ZIPdata_splib07a/ChapterS_SoilsAndMixtures/splib07a_ClinozoisiteEpidote_HS299.1B_ASDFRb_AREF.zip']
['ClinozoisiteEpidote_HS299.2B_ASDFRb', 'https://crustal.usgs.gov/speclab/data/HTMLmetadata/ClinozoisiteEpidote_HS299.2B_ASDFRb_AREF.html', 'https://crustal.usgs.gov/speclab/data/ZIPrecords/ZIPdata_splib07a/ChapterS_SoilsAndMixtures/splib07a_ClinozoisiteEpidote_HS299.2B_ASDFRb_AREF.zip']
['ClinozoisiteEpidote_HS299.2B_BECKb', 'https://crustal.usgs.gov/speclab/data/HTMLmetadata/ClinozoisiteEpidote_HS299.2B_BECKb_AREF.html', 'https://crustal.usgs.gov/speclab/data/ZIPrecords/ZIPdata_splib07a/ChapterS_SoilsAndMixtures/splib07a_ClinozoisiteEpidote_HS299.2B_BECKb_AREF.zip']
['ClinozoisiteEpidote_HS299.2B_NIC4bc_RREF', 'https://crustal.usgs.gov/speclab/data/HTMLmetadata/ClinozoisiteEpidote_HS299.2B_NIC4bc_RREF.html', 'https://crustal.usgs.gov/speclab/data/ZIPrecords/ZIPdata_splib07a/ChapterS_SoilsAndMixtures/splib07a_ClinozoisiteEpidote_HS299.2B_NIC4bc_RREF.zip']
['ClinozoisiteEpidote_HS299.4B_ASDFRb', 'https://crustal.usgs.gov/speclab/data/HTMLmetadata/ClinozoisiteEpidote_HS299.4B_ASDFRb_AREF.html', 'https://crustal.usgs.gov/speclab/data/ZIPrecords/ZIPdata_splib07a/ChapterS_SoilsAndMixtures/splib07a_ClinozoisiteEpidote_HS299.4B_ASDFRb_AREF.zip']
['ClinozoisiteEpidote_HS299.6_ASDFRb', 'https://crustal.usgs.gov/speclab/data/HTMLmetadata/ClinozoisiteEpidote_HS299.6_ASDFRb_AREF.html', 'https://crustal.usgs.gov/speclab/data/ZIPrecords/ZIPdata_splib07a/ChapterS_SoilsAndMixtures/splib07a_ClinozoisiteEpidote_HS299.6_ASDFRb_AREF.zip']
['Cordierite-QtzMus_HS346.1B_ASDFRc', 'https://crustal.usgs.gov/speclab/data/HTMLmetadata/Cordierite-QtzMus_HS346.1B_ASDFRc_AREF.html', 'https://crustal.usgs.gov/speclab/data/ZIPrecords/ZIPdata_splib07a/ChapterS_SoilsAndMixtures/splib07a_Cordierite-QtzMus_HS346.1B_ASDFRc_AREF.zip']
['Cordierite-QtzMus_HS346.2B_ASDFRc', 'https://crustal.usgs.gov/speclab/data/HTMLmetadata/Cordierite-QtzMus_HS346.2B_ASDFRc_AREF.html', 'https://crustal.usgs.gov/speclab/data/ZIPrecords/ZIPdata_splib07a/ChapterS_SoilsAndMixtures/splib07a_Cordierite-QtzMus_HS346.2B_ASDFRc_AREF.zip']
['Cordierite-QtzMus_HS346.3B_ASDFRc', 'https://crustal.usgs.gov/speclab/data/HTMLmetadata/Cordierite-QtzMus_HS346.3B_ASDFRc_AREF.html', 'https://crustal.usgs.gov/speclab/data/ZIPrecords/ZIPdata_splib07a/ChapterS_SoilsAndMixtures/splib07a_Cordierite-QtzMus_HS346.3B_ASDFRc_AREF.zip']
['Cordierite-QtzMus_HS346.3B_BECKc', 'https://crustal.usgs.gov/speclab/data/HTMLmetadata/Cordierite-QtzMus_HS346.3B_BECKc_AREF.html', 'https://crustal.usgs.gov/speclab/data/ZIPrecords/ZIPdata_splib07a/ChapterS_SoilsAndMixtures/splib07a_Cordierite-QtzMus_HS346.3B_BECKc_AREF.zip']
['Cordierite-QtzMus_HS346.3B_NIC4ccc_RREF', 'https://crustal.usgs.gov/speclab/data/HTMLmetadata/Cordierite-QtzMus_HS346.3B_NIC4ccc_RREF.html', 'https://crustal.usgs.gov/speclab/data/ZIPrecords/ZIPdata_splib07a/ChapterS_SoilsAndMixtures/splib07a_Cordierite-QtzMus_HS346.3B_NIC4ccc_RREF.zip']
['Cordierite-QtzMus_HS346.4B_ASDFRc', 'https://crustal.usgs.gov/speclab/data/HTMLmetadata/Cordierite-QtzMus_HS346.4B_ASDFRc_AREF.html', 'https://crustal.usgs.gov/speclab/data/ZIPrecords/ZIPdata_splib07a/ChapterS_SoilsAndMixtures/splib07a_Cordierite-QtzMus_HS346.4B_ASDFRc_AREF.zip']
['Covellite-Pyrite_HS477.2B_ASDNGb', 'https://crustal.usgs.gov/speclab/data/HTMLmetadata/Covellite-Pyrite_HS477.2B_ASDNGb_AREF.html', 'https://crustal.usgs.gov/speclab/data/ZIPrecords/ZIPdata_splib07a/ChapterS_SoilsAndMixtures/splib07a_Covellite-Pyrite_HS477.2B_ASDNGb_AREF.zip']
['Covellite-Pyrite_HS477.2B_BECKb', 'https://crustal.usgs.gov/speclab/data/HTMLmetadata/Covellite-Pyrite_HS477.2B_BECKb_AREF.html', 'https://crustal.usgs.gov/speclab/data/ZIPrecords/ZIPdata_splib07a/ChapterS_SoilsAndMixtures/splib07a_Covellite-Pyrite_HS477.2B_BECKb_AREF.zip']
['Covellite-Pyrite_HS477.2B_NIC4bbb_RREF', 'https://crustal.usgs.gov/speclab/data/HTMLmetadata/Covellite-Pyrite_HS477.2B_NIC4bbb_RREF.html', 'https://crustal.usgs.gov/speclab/data/ZIPrecords/ZIPdata_splib07a/ChapterS_SoilsAndMixtures/splib07a_Covellite-Pyrite_HS477.2B_NIC4bbb_RREF.zip']
['Covellite-Pyrite_HS477.4B_ASDFRb', 'https://crustal.usgs.gov/speclab/data/HTMLmetadata/Covellite-Pyrite_HS477.4B_ASDFRb_AREF.html', 'https://crustal.usgs.gov/speclab/data/ZIPrecords/ZIPdata_splib07a/ChapterS_SoilsAndMixtures/splib07a_Covellite-Pyrite_HS477.4B_ASDFRb_AREF.zip']
['Covellite-Pyrite_HS477.6_ASDFRb', 'https://crustal.usgs.gov/speclab/data/HTMLmetadata/Covellite-Pyrite_HS477.6_ASDFRb_AREF.html', 'https://crustal.usgs.gov/speclab/data/ZIPrecords/ZIPdata_splib07a/ChapterS_SoilsAndMixtures/splib07a_Covellite-Pyrite_HS477.6_ASDFRb_AREF.zip']
['Dic.4+msc.3+gyp.2+jr.1_AMX20_BECKa', 'https://crustal.usgs.gov/speclab/data/HTMLmetadata/Dic.4+msc.3+gyp.2+jr.1_AMX20_BECKa_AREF.html', 'https://crustal.usgs.gov/speclab/data/ZIPrecords/ZIPdata_splib07a/ChapterS_SoilsAndMixtures/splib07a_Dic.4+msc.3+gyp.2+jr.1_AMX20_BECKa_AREF.zip']
['Dickite+others_CU91-219B_NIC4a', 'https://crustal.usgs.gov/speclab/data/HTMLmetadata/Dickite+others_CU91-219B_NIC4a_AREF.html', 'https://crustal.usgs.gov/speclab/data/ZIPrecords/ZIPdata_splib07a/ChapterS_SoilsAndMixtures/splib07a_Dickite+others_CU91-219B_NIC4a_AREF.zip']
['Dolomit+Calcite+Talc_PC99-1E_ASDFRc', 'https://crustal.usgs.gov/speclab/data/HTMLmetadata/Dolomit+Calcite+Talc_PC99-1E_ASDFRc_AREF.html', 'https://crustal.usgs.gov/speclab/data/ZIPrecords/ZIPdata_splib07a/ChapterS_SoilsAndMixtures/splib07a_Dolomit+Calcite+Talc_PC99-1E_ASDFRc_AREF.zip']
['Dolomite.5+Ca-Mont.5_AMX10_ASDNGb', 'https://crustal.usgs.gov/speclab/data/HTMLmetadata/Dolomite.5+Ca-Mont.5_AMX10_ASDNGb_AREF.html', 'https://crustal.usgs.gov/speclab/data/ZIPrecords/ZIPdata_splib07a/ChapterS_SoilsAndMixtures/splib07a_Dolomite.5+Ca-Mont.5_AMX10_ASDNGb_AREF.zip']
['Dolomite.5+Ca-Mont.5_AMX10_BECKb', 'https://crustal.usgs.gov/speclab/data/HTMLmetadata/Dolomite.5+Ca-Mont.5_AMX10_BECKb_AREF.html', 'https://crustal.usgs.gov/speclab/data/ZIPrecords/ZIPdata_splib07a/ChapterS_SoilsAndMixtures/splib07a_Dolomite.5+Ca-Mont.5_AMX10_BECKb_AREF.zip']
['Dolomite.5+Na-Mont.5_AMX21_ASDNGb', 'https://crustal.usgs.gov/speclab/data/HTMLmetadata/Dolomite.5+Na-Mont.5_AMX21_ASDNGb_AREF.html', 'https://crustal.usgs.gov/speclab/data/ZIPrecords/ZIPdata_splib07a/ChapterS_SoilsAndMixtures/splib07a_Dolomite.5+Na-Mont.5_AMX21_ASDNGb_AREF.zip']
['Dolomite.5+Na-Mont.5_AMX21_BECKb', 'https://crustal.usgs.gov/speclab/data/HTMLmetadata/Dolomite.5+Na-Mont.5_AMX21_BECKb_AREF.html', 'https://crustal.usgs.gov/speclab/data/ZIPrecords/ZIPdata_splib07a/ChapterS_SoilsAndMixtures/splib07a_Dolomite.5+Na-Mont.5_AMX21_BECKb_AREF.zip']
['Erionite+Merlinoite_GDS144_BECKc', 'https://crustal.usgs.gov/speclab/data/HTMLmetadata/Erionite+Merlinoite_GDS144_BECKc_AREF.html', 'https://crustal.usgs.gov/speclab/data/ZIPrecords/ZIPdata_splib07a/ChapterS_SoilsAndMixtures/splib07a_Erionite+Merlinoite_GDS144_BECKc_AREF.zip']
['Erionite+Merlinoite_GDS144_NIC4bb_RREF', 'https://crustal.usgs.gov/speclab/data/HTMLmetadata/Erionite+Merlinoite_GDS144_NIC4bb_RREF.html', 'https://crustal.usgs.gov/speclab/data/ZIPrecords/ZIPdata_splib07a/ChapterS_SoilsAndMixtures/splib07a_Erionite+Merlinoite_GDS144_NIC4bb_RREF.zip']
['Erionite+Offretite_GDS72_BECKb', 'https://crustal.usgs.gov/speclab/data/HTMLmetadata/Erionite+Offretite_GDS72_BECKb_AREF.html', 'https://crustal.usgs.gov/speclab/data/ZIPrecords/ZIPdata_splib07a/ChapterS_SoilsAndMixtures/splib07a_Erionite+Offretite_GDS72_BECKb_AREF.zip']
['Erionite+Offretite_GDS72_NIC4bb_RREF', 'https://crustal.usgs.gov/speclab/data/HTMLmetadata/Erionite+Offretite_GDS72_NIC4bb_RREF.html', 'https://crustal.usgs.gov/speclab/data/ZIPrecords/ZIPdata_splib07a/ChapterS_SoilsAndMixtures/splib07a_Erionite+Offretite_GDS72_NIC4bb_RREF.zip']
['Fe-Hydroxide_SU93-106_amorph_BECKb', 'https://crustal.usgs.gov/speclab/data/HTMLmetadata/Fe-Hydroxide_SU93-106_amorph_BECKb_AREF.html', 'https://crustal.usgs.gov/speclab/data/ZIPrecords/ZIPdata_splib07a/ChapterS_SoilsAndMixtures/splib07a_Fe-Hydroxide_SU93-106_amorph_BECKb_AREF.zip']
['Goeth+qtz.5+Jarosite.5_AMX11_BECKb', 'https://crustal.usgs.gov/speclab/data/HTMLmetadata/Goeth+qtz.5+Jarosite.5_AMX11_BECKb_AREF.html', 'https://crustal.usgs.gov/speclab/data/ZIPrecords/ZIPdata_splib07a/ChapterS_SoilsAndMixtures/splib07a_Goeth+qtz.5+Jarosite.5_AMX11_BECKb_AREF.zip']
['Goethite0.02+Quartz_GDS240_BECKa', 'https://crustal.usgs.gov/speclab/data/HTMLmetadata/Goethite0.02+Quartz_GDS240_BECKa_AREF.html', 'https://crustal.usgs.gov/speclab/data/ZIPrecords/ZIPdata_splib07a/ChapterS_SoilsAndMixtures/splib07a_Goethite0.02+Quartz_GDS240_BECKa_AREF.zip']
['Goethite_Phyllite_CU91-236A_ASDFRb', 'https://crustal.usgs.gov/speclab/data/HTMLmetadata/Goethite_Phyllite_CU91-236A_ASDFRb_AREF.html', 'https://crustal.usgs.gov/speclab/data/ZIPrecords/ZIPdata_splib07a/ChapterS_SoilsAndMixtures/splib07a_Goethite_Phyllite_CU91-236A_ASDFRb_AREF.zip']
['Gyp+jar+ill_BRCM1_Marysvale_ASDFRb', 'https://crustal.usgs.gov/speclab/data/HTMLmetadata/Gyp+jar+ill_BRCM1_Marysvale_ASDFRb_AREF.html', 'https://crustal.usgs.gov/speclab/data/ZIPrecords/ZIPdata_splib07a/ChapterS_SoilsAndMixtures/splib07a_Gyp+jar+ill_BRCM1_Marysvale_ASDFRb_AREF.zip']
['Gyp.3+jr.1+msc.4+dic.2_AMX22_BECKa', 'https://crustal.usgs.gov/speclab/data/HTMLmetadata/Gyp.3+jr.1+msc.4+dic.2_AMX22_BECKa_AREF.html', 'https://crustal.usgs.gov/speclab/data/ZIPrecords/ZIPdata_splib07a/ChapterS_SoilsAndMixtures/splib07a_Gyp.3+jr.1+msc.4+dic.2_AMX22_BECKa_AREF.zip']
['Gyp.4+jr20+msc.2+dic.2_AMX23_BECKa', 'https://crustal.usgs.gov/speclab/data/HTMLmetadata/Gyp.4+jr20+msc.2+dic.2_AMX23_BECKa_AREF.html', 'https://crustal.usgs.gov/speclab/data/ZIPrecords/ZIPdata_splib07a/ChapterS_SoilsAndMixtures/splib07a_Gyp.4+jr20+msc.2+dic.2_AMX23_BECKa_AREF.zip']
['Gyp.5+Kjar.3+hAlmsc.2_AMX24_BECKa', 'https://crustal.usgs.gov/speclab/data/HTMLmetadata/Gyp.5+Kjar.3+hAlmsc.2_AMX24_BECKa_AREF.html', 'https://crustal.usgs.gov/speclab/data/ZIPrecords/ZIPdata_splib07a/ChapterS_SoilsAndMixtures/splib07a_Gyp.5+Kjar.3+hAlmsc.2_AMX24_BECKa_AREF.zip']
['Halloysite+Kaolinite_CM29_BECKa', 'https://crustal.usgs.gov/speclab/data/HTMLmetadata/Halloysite+Kaolinite_CM29_BECKa_AREF.html', 'https://crustal.usgs.gov/speclab/data/ZIPrecords/ZIPdata_splib07a/ChapterS_SoilsAndMixtures/splib07a_Halloysite+Kaolinite_CM29_BECKa_AREF.zip']
['Halloysite+Kaolinite_CM29_NIC4aaa_RREF', 'https://crustal.usgs.gov/speclab/data/HTMLmetadata/Halloysite+Kaolinite_CM29_NIC4aaa_RREF.html', 'https://crustal.usgs.gov/speclab/data/ZIPrecords/ZIPdata_splib07a/ChapterS_SoilsAndMixtures/splib07a_Halloysite+Kaolinite_CM29_NIC4aaa_RREF.zip']
['Halloysite_CU91-242D_ASDFRb', 'https://crustal.usgs.gov/speclab/data/HTMLmetadata/Halloysite_CU91-242D_ASDFRb_AREF.html', 'https://crustal.usgs.gov/speclab/data/ZIPrecords/ZIPdata_splib07a/ChapterS_SoilsAndMixtures/splib07a_Halloysite_CU91-242D_ASDFRb_AREF.zip']
['Hematite.02+Quartz.98_GDS76_BECKa', 'https://crustal.usgs.gov/speclab/data/HTMLmetadata/Hematite.02+Quartz.98_GDS76_BECKa_AREF.html', 'https://crustal.usgs.gov/speclab/data/ZIPrecords/ZIPdata_splib07a/ChapterS_SoilsAndMixtures/splib07a_Hematite.02+Quartz.98_GDS76_BECKa_AREF.zip']
['Hematitic_Alt._Tuff_CU91-223_ASDFRb', 'https://crustal.usgs.gov/speclab/data/HTMLmetadata/Hematitic_Alt._Tuff_CU91-223_ASDFRb_AREF.html', 'https://crustal.usgs.gov/speclab/data/ZIPrecords/ZIPdata_splib07a/ChapterS_SoilsAndMixtures/splib07a_Hematitic_Alt._Tuff_CU91-223_ASDFRb_AREF.zip']
['Hydrated_Volc_Tuff_CU01-4A_ASDFRc', 'https://crustal.usgs.gov/speclab/data/HTMLmetadata/Hydrated_Volc_Tuff_CU01-4A_ASDFRc_AREF.html', 'https://crustal.usgs.gov/speclab/data/ZIPrecords/ZIPdata_splib07a/ChapterS_SoilsAndMixtures/splib07a_Hydrated_Volc_Tuff_CU01-4A_ASDFRc_AREF.zip']
['Illite_CU00-5B_Hi-Al+Quartz_ASDFRa', 'https://crustal.usgs.gov/speclab/data/HTMLmetadata/Illite_CU00-5B_Hi-Al+Quartz_ASDFRa_AREF.html', 'https://crustal.usgs.gov/speclab/data/ZIPrecords/ZIPdata_splib07a/ChapterS_SoilsAndMixtures/splib07a_Illite_CU00-5B_Hi-Al+Quartz_ASDFRa_AREF.zip']
['Jarosite_Rhyolite_CU91-20A_BECKa', 'https://crustal.usgs.gov/speclab/data/HTMLmetadata/Jarosite_Rhyolite_CU91-20A_BECKa_AREF.html', 'https://crustal.usgs.gov/speclab/data/ZIPrecords/ZIPdata_splib07a/ChapterS_SoilsAndMixtures/splib07a_Jarosite_Rhyolite_CU91-20A_BECKa_AREF.zip']
['Kalun+kaol+gth_mv2-ar3_ASDFRb', 'https://crustal.usgs.gov/speclab/data/HTMLmetadata/Kalun+kaol+gth_mv2-ar3_ASDFRb_AREF.html', 'https://crustal.usgs.gov/speclab/data/ZIPrecords/ZIPdata_splib07a/ChapterS_SoilsAndMixtures/splib07a_Kalun+kaol+gth_mv2-ar3_ASDFRb_AREF.zip']
['Kaol+Muscov_intimate_CU93-5C_ASDNGa', 'https://crustal.usgs.gov/speclab/data/HTMLmetadata/Kaol+Muscov_intimate_CU93-5C_ASDNGa_AREF.html', 'https://crustal.usgs.gov/speclab/data/ZIPrecords/ZIPdata_splib07a/ChapterS_SoilsAndMixtures/splib07a_Kaol+Muscov_intimate_CU93-5C_ASDNGa_AREF.zip']
['Kaol+Muscov_intimate_CU93-5C_BECKa', 'https://crustal.usgs.gov/speclab/data/HTMLmetadata/Kaol+Muscov_intimate_CU93-5C_BECKa_AREF.html', 'https://crustal.usgs.gov/speclab/data/ZIPrecords/ZIPdata_splib07a/ChapterS_SoilsAndMixtures/splib07a_Kaol+Muscov_intimate_CU93-5C_BECKa_AREF.zip']
['Kaol.5+MuscCU91-250A_AMX13_ASDNGb', 'https://crustal.usgs.gov/speclab/data/HTMLmetadata/Kaol.5+MuscCU91-250A_AMX13_ASDNGb_AREF.html', 'https://crustal.usgs.gov/speclab/data/ZIPrecords/ZIPdata_splib07a/ChapterS_SoilsAndMixtures/splib07a_Kaol.5+MuscCU91-250A_AMX13_ASDNGb_AREF.zip']
['Kaol.5+MuscCU91-250A_AMX13_BECKb', 'https://crustal.usgs.gov/speclab/data/HTMLmetadata/Kaol.5+MuscCU91-250A_AMX13_BECKb_AREF.html', 'https://crustal.usgs.gov/speclab/data/ZIPrecords/ZIPdata_splib07a/ChapterS_SoilsAndMixtures/splib07a_Kaol.5+MuscCU91-250A_AMX13_BECKb_AREF.zip']
['Kaol.5+MuscCU91-250A_AMX13_NIC4b', 'https://crustal.usgs.gov/speclab/data/HTMLmetadata/Kaol.5+MuscCU91-250A_AMX13_NIC4b_AREF.html', 'https://crustal.usgs.gov/speclab/data/ZIPrecords/ZIPdata_splib07a/ChapterS_SoilsAndMixtures/splib07a_Kaol.5+MuscCU91-250A_AMX13_NIC4b_AREF.zip']
['Kaol_Wxl+0.5Musc_Ruby_AMX12_ASDNGa', 'https://crustal.usgs.gov/speclab/data/HTMLmetadata/Kaol_Wxl+0.5Musc_Ruby_AMX12_ASDNGa_AREF.html', 'https://crustal.usgs.gov/speclab/data/ZIPrecords/ZIPdata_splib07a/ChapterS_SoilsAndMixtures/splib07a_Kaol_Wxl+0.5Musc_Ruby_AMX12_ASDNGa_AREF.zip']
['Kaol_Wxl+0.5Musc_Ruby_AMX12_BECKa', 'https://crustal.usgs.gov/speclab/data/HTMLmetadata/Kaol_Wxl+0.5Musc_Ruby_AMX12_BECKa_AREF.html', 'https://crustal.usgs.gov/speclab/data/ZIPrecords/ZIPdata_splib07a/ChapterS_SoilsAndMixtures/splib07a_Kaol_Wxl+0.5Musc_Ruby_AMX12_BECKa_AREF.zip']
['Kaol_Wxl+0.5Musc_Ruby_AMX12_NIC4a', 'https://crustal.usgs.gov/speclab/data/HTMLmetadata/Kaol_Wxl+0.5Musc_Ruby_AMX12_NIC4a_AREF.html', 'https://crustal.usgs.gov/speclab/data/ZIPrecords/ZIPdata_splib07a/ChapterS_SoilsAndMixtures/splib07a_Kaol_Wxl+0.5Musc_Ruby_AMX12_NIC4a_AREF.zip']
['Kaol_wxl+others_CU00-19A_ASDFRb', 'https://crustal.usgs.gov/speclab/data/HTMLmetadata/Kaol_wxl+others_CU00-19A_ASDFRb_AREF.html', 'https://crustal.usgs.gov/speclab/data/ZIPrecords/ZIPdata_splib07a/ChapterS_SoilsAndMixtures/splib07a_Kaol_wxl+others_CU00-19A_ASDFRb_AREF.zip']
['Kaol_wxl+others_CU91-200A_ASDFRb', 'https://crustal.usgs.gov/speclab/data/HTMLmetadata/Kaol_wxl+others_CU91-200A_ASDFRb_AREF.html', 'https://crustal.usgs.gov/speclab/data/ZIPrecords/ZIPdata_splib07a/ChapterS_SoilsAndMixtures/splib07a_Kaol_wxl+others_CU91-200A_ASDFRb_AREF.zip']
['Kaolin-Smect_KLF511_.12Kaol_BECKb', 'https://crustal.usgs.gov/speclab/data/HTMLmetadata/Kaolin-Smect_KLF511_.12Kaol_BECKb_AREF.html', 'https://crustal.usgs.gov/speclab/data/ZIPrecords/ZIPdata_splib07a/ChapterS_SoilsAndMixtures/splib07a_Kaolin-Smect_KLF511_.12Kaol_BECKb_AREF.zip']
['Kaolin-Smect_KLF511_.12Kaol_NIC4cc_RREF', 'https://crustal.usgs.gov/speclab/data/HTMLmetadata/Kaolin-Smect_KLF511_.12Kaol_NIC4cc_RREF.html', 'https://crustal.usgs.gov/speclab/data/ZIPrecords/ZIPdata_splib07a/ChapterS_SoilsAndMixtures/splib07a_Kaolin-Smect_KLF511_.12Kaol_NIC4cc_RREF.zip']
['Kaolin_Smect_H89-FR-2_.5Kao_NIC4bb_RREF', 'https://crustal.usgs.gov/speclab/data/HTMLmetadata/Kaolin_Smect_H89-FR-2_.5Kao_NIC4bb_RREF.html', 'https://crustal.usgs.gov/speclab/data/ZIPrecords/ZIPdata_splib07a/ChapterS_SoilsAndMixtures/splib07a_Kaolin_Smect_H89-FR-2_.5Kao_NIC4bb_RREF.zip']
['Kaolin_Smect_H89-FR-2_.5Kaol_BECKb', 'https://crustal.usgs.gov/speclab/data/HTMLmetadata/Kaolin_Smect_H89-FR-2_.5Kaol_BECKb_AREF.html', 'https://crustal.usgs.gov/speclab/data/ZIPrecords/ZIPdata_splib07a/ChapterS_SoilsAndMixtures/splib07a_Kaolin_Smect_H89-FR-2_.5Kaol_BECKb_AREF.zip']
['Kaolin_Smect_H89-FR-5_.3Kaol_BECKb', 'https://crustal.usgs.gov/speclab/data/HTMLmetadata/Kaolin_Smect_H89-FR-5_.3Kaol_BECKb_AREF.html', 'https://crustal.usgs.gov/speclab/data/ZIPrecords/ZIPdata_splib07a/ChapterS_SoilsAndMixtures/splib07a_Kaolin_Smect_H89-FR-5_.3Kaol_BECKb_AREF.zip']
['Kaolin_Smect_KLF506_.95Kaol_BECKb', 'https://crustal.usgs.gov/speclab/data/HTMLmetadata/Kaolin_Smect_KLF506_.95Kaol_BECKb_AREF.html', 'https://crustal.usgs.gov/speclab/data/ZIPrecords/ZIPdata_splib07a/ChapterS_SoilsAndMixtures/splib07a_Kaolin_Smect_KLF506_.95Kaol_BECKb_AREF.zip']
['Kaolin_Smect_KLF506_.95kaol_NIC4bb_RREF', 'https://crustal.usgs.gov/speclab/data/HTMLmetadata/Kaolin_Smect_KLF506_.95kaol_NIC4bb_RREF.html', 'https://crustal.usgs.gov/speclab/data/ZIPrecords/ZIPdata_splib07a/ChapterS_SoilsAndMixtures/splib07a_Kaolin_Smect_KLF506_.95kaol_NIC4bb_RREF.zip']
['Kaolin_Smect_KLF508_.85Kaol_BECKb', 'https://crustal.usgs.gov/speclab/data/HTMLmetadata/Kaolin_Smect_KLF508_.85Kaol_BECKb_AREF.html', 'https://crustal.usgs.gov/speclab/data/ZIPrecords/ZIPdata_splib07a/ChapterS_SoilsAndMixtures/splib07a_Kaolin_Smect_KLF508_.85Kaol_BECKb_AREF.zip']
['Kaolin_Smect_KLF508_.85Kaol_NIC4bb_RREF', 'https://crustal.usgs.gov/speclab/data/HTMLmetadata/Kaolin_Smect_KLF508_.85Kaol_NIC4bb_RREF.html', 'https://crustal.usgs.gov/speclab/data/ZIPrecords/ZIPdata_splib07a/ChapterS_SoilsAndMixtures/splib07a_Kaolin_Smect_KLF508_.85Kaol_NIC4bb_RREF.zip']
['Kaolwxl.75+Alun_HS295_AMX14_ASDNGb', 'https://crustal.usgs.gov/speclab/data/HTMLmetadata/Kaolwxl.75+Alun_HS295_AMX14_ASDNGb_AREF.html', 'https://crustal.usgs.gov/speclab/data/ZIPrecords/ZIPdata_splib07a/ChapterS_SoilsAndMixtures/splib07a_Kaolwxl.75+Alun_HS295_AMX14_ASDNGb_AREF.zip']
['Kaolwxl.75+Alun_HS295_AMX14_BECKb', 'https://crustal.usgs.gov/speclab/data/HTMLmetadata/Kaolwxl.75+Alun_HS295_AMX14_BECKb_AREF.html', 'https://crustal.usgs.gov/speclab/data/ZIPrecords/ZIPdata_splib07a/ChapterS_SoilsAndMixtures/splib07a_Kaolwxl.75+Alun_HS295_AMX14_BECKb_AREF.zip']
['Limestone_CU02-11A_ASDFRa', 'https://crustal.usgs.gov/speclab/data/HTMLmetadata/Limestone_CU02-11A_ASDFRa_AREF.html', 'https://crustal.usgs.gov/speclab/data/ZIPrecords/ZIPdata_splib07a/ChapterS_SoilsAndMixtures/splib07a_Limestone_CU02-11A_ASDFRa_AREF.zip']
['Magnesite+Hydromag_HS47.1B_ASDFRa', 'https://crustal.usgs.gov/speclab/data/HTMLmetadata/Magnesite+Hydromag_HS47.1B_ASDFRa_AREF.html', 'https://crustal.usgs.gov/speclab/data/ZIPrecords/ZIPdata_splib07a/ChapterS_SoilsAndMixtures/splib07a_Magnesite+Hydromag_HS47.1B_ASDFRa_AREF.zip']
['Magnesite+Hydromag_HS47.2B_ASDFRa', 'https://crustal.usgs.gov/speclab/data/HTMLmetadata/Magnesite+Hydromag_HS47.2B_ASDFRa_AREF.html', 'https://crustal.usgs.gov/speclab/data/ZIPrecords/ZIPdata_splib07a/ChapterS_SoilsAndMixtures/splib07a_Magnesite+Hydromag_HS47.2B_ASDFRa_AREF.zip']
['Magnesite+Hydromag_HS47.3B_ASDFRa', 'https://crustal.usgs.gov/speclab/data/HTMLmetadata/Magnesite+Hydromag_HS47.3B_ASDFRa_AREF.html', 'https://crustal.usgs.gov/speclab/data/ZIPrecords/ZIPdata_splib07a/ChapterS_SoilsAndMixtures/splib07a_Magnesite+Hydromag_HS47.3B_ASDFRa_AREF.zip']
['Magnesite+Hydromag_HS47.3B_BECKa', 'https://crustal.usgs.gov/speclab/data/HTMLmetadata/Magnesite+Hydromag_HS47.3B_BECKa_AREF.html', 'https://crustal.usgs.gov/speclab/data/ZIPrecords/ZIPdata_splib07a/ChapterS_SoilsAndMixtures/splib07a_Magnesite+Hydromag_HS47.3B_BECKa_AREF.zip']
['Magnesite+Hydromag_HS47.3B_NIC4aa_RREF', 'https://crustal.usgs.gov/speclab/data/HTMLmetadata/Magnesite+Hydromag_HS47.3B_NIC4aa_RREF.html', 'https://crustal.usgs.gov/speclab/data/ZIPrecords/ZIPdata_splib07a/ChapterS_SoilsAndMixtures/splib07a_Magnesite+Hydromag_HS47.3B_NIC4aa_RREF.zip']
['Magnesite+Hydromag_HS47.4B_ASDFRa', 'https://crustal.usgs.gov/speclab/data/HTMLmetadata/Magnesite+Hydromag_HS47.4B_ASDFRa_AREF.html', 'https://crustal.usgs.gov/speclab/data/ZIPrecords/ZIPdata_splib07a/ChapterS_SoilsAndMixtures/splib07a_Magnesite+Hydromag_HS47.4B_ASDFRa_AREF.zip']
['Magnetite_skarn_BR93-5B_BECKb', 'https://crustal.usgs.gov/speclab/data/HTMLmetadata/Magnetite_skarn_BR93-5B_BECKb_AREF.html', 'https://crustal.usgs.gov/speclab/data/ZIPrecords/ZIPdata_splib07a/ChapterS_SoilsAndMixtures/splib07a_Magnetite_skarn_BR93-5B_BECKb_AREF.zip']
['Mesolite+Hydroxyapop_GDS6_BECKb', 'https://crustal.usgs.gov/speclab/data/HTMLmetadata/Mesolite+Hydroxyapop_GDS6_BECKb_AREF.html', 'https://crustal.usgs.gov/speclab/data/ZIPrecords/ZIPdata_splib07a/ChapterS_SoilsAndMixtures/splib07a_Mesolite+Hydroxyapop_GDS6_BECKb_AREF.zip']
['Mesolite+Hydroxyapop_GDS6_NIC4bc_RREF', 'https://crustal.usgs.gov/speclab/data/HTMLmetadata/Mesolite+Hydroxyapop_GDS6_NIC4bc_RREF.html', 'https://crustal.usgs.gov/speclab/data/ZIPrecords/ZIPdata_splib07a/ChapterS_SoilsAndMixtures/splib07a_Mesolite+Hydroxyapop_GDS6_NIC4bc_RREF.zip']
['Microcline+others_HS107.3B_BECKa', 'https://crustal.usgs.gov/speclab/data/HTMLmetadata/Microcline+others_HS107.3B_BECKa_AREF.html', 'https://crustal.usgs.gov/speclab/data/ZIPrecords/ZIPdata_splib07a/ChapterS_SoilsAndMixtures/splib07a_Microcline+others_HS107.3B_BECKa_AREF.zip']
['Microcline+others_HS107.3B_NIC4aaa_RREF', 'https://crustal.usgs.gov/speclab/data/HTMLmetadata/Microcline+others_HS107.3B_NIC4aaa_RREF.html', 'https://crustal.usgs.gov/speclab/data/ZIPrecords/ZIPdata_splib07a/ChapterS_SoilsAndMixtures/splib07a_Microcline+others_HS107.3B_NIC4aaa_RREF.zip']
['Montmorillonite+Illite_CM37_BECKb', 'https://crustal.usgs.gov/speclab/data/HTMLmetadata/Montmorillonite+Illite_CM37_BECKb_AREF.html', 'https://crustal.usgs.gov/speclab/data/ZIPrecords/ZIPdata_splib07a/ChapterS_SoilsAndMixtures/splib07a_Montmorillonite+Illite_CM37_BECKb_AREF.zip']
['Montmorillonite+Illite_CM42_BECKb', 'https://crustal.usgs.gov/speclab/data/HTMLmetadata/Montmorillonite+Illite_CM42_BECKb_AREF.html', 'https://crustal.usgs.gov/speclab/data/ZIPrecords/ZIPdata_splib07a/ChapterS_SoilsAndMixtures/splib07a_Montmorillonite+Illite_CM42_BECKb_AREF.zip']
['Montmorillonite-Na_CU93-52A_BECKc', 'https://crustal.usgs.gov/speclab/data/HTMLmetadata/Montmorillonite-Na_CU93-52A_BECKc_AREF.html', 'https://crustal.usgs.gov/speclab/data/ZIPrecords/ZIPdata_splib07a/ChapterS_SoilsAndMixtures/splib07a_Montmorillonite-Na_CU93-52A_BECKc_AREF.zip']
['Mordenite+Clinopt._GDS151_BECKa', 'https://crustal.usgs.gov/speclab/data/HTMLmetadata/Mordenite+Clinopt._GDS151_BECKa_AREF.html', 'https://crustal.usgs.gov/speclab/data/ZIPrecords/ZIPdata_splib07a/ChapterS_SoilsAndMixtures/splib07a_Mordenite+Clinopt._GDS151_BECKa_AREF.zip']
['Mordenite+Clinopt._GDS151_NIC4bbu_RREF', 'https://crustal.usgs.gov/speclab/data/HTMLmetadata/Mordenite+Clinopt._GDS151_NIC4bbu_RREF.html', 'https://crustal.usgs.gov/speclab/data/ZIPrecords/ZIPdata_splib07a/ChapterS_SoilsAndMixtures/splib07a_Mordenite+Clinopt._GDS151_NIC4bbu_RREF.zip']
['Muscov+Jaros_CU93-314_coatng_ASDNGb', 'https://crustal.usgs.gov/speclab/data/HTMLmetadata/Muscov+Jaros_CU93-314_coatng_ASDNGb_AREF.html', 'https://crustal.usgs.gov/speclab/data/ZIPrecords/ZIPdata_splib07a/ChapterS_SoilsAndMixtures/splib07a_Muscov+Jaros_CU93-314_coatng_ASDNGb_AREF.zip']
['Muscov+Jaros_CU93-314_coatng_BECKb', 'https://crustal.usgs.gov/speclab/data/HTMLmetadata/Muscov+Jaros_CU93-314_coatng_BECKb_AREF.html', 'https://crustal.usgs.gov/speclab/data/ZIPrecords/ZIPdata_splib07a/ChapterS_SoilsAndMixtures/splib07a_Muscov+Jaros_CU93-314_coatng_BECKb_AREF.zip']
['Muscovite+Chlorite_CU91-253D_NIC4a_RREF', 'https://crustal.usgs.gov/speclab/data/HTMLmetadata/Muscovite+Chlorite_CU91-253D_NIC4a_RREF.html', 'https://crustal.usgs.gov/speclab/data/ZIPrecords/ZIPdata_splib07a/ChapterS_SoilsAndMixtures/splib07a_Muscovite+Chlorite_CU91-253D_NIC4a_RREF.zip']
['Muscovite+Pyrophyl_JH_PYRP1_ASDFRb', 'https://crustal.usgs.gov/speclab/data/HTMLmetadata/Muscovite+Pyrophyl_JH_PYRP1_ASDFRb_AREF.html', 'https://crustal.usgs.gov/speclab/data/ZIPrecords/ZIPdata_splib07a/ChapterS_SoilsAndMixtures/splib07a_Muscovite+Pyrophyl_JH_PYRP1_ASDFRb_AREF.zip']
['Muscovite-low-Al_CU98-8H_ASDFRb', 'https://crustal.usgs.gov/speclab/data/HTMLmetadata/Muscovite-low-Al_CU98-8H_ASDFRb_AREF.html', 'https://crustal.usgs.gov/speclab/data/ZIPrecords/ZIPdata_splib07a/ChapterS_SoilsAndMixtures/splib07a_Muscovite-low-Al_CU98-8H_ASDFRb_AREF.zip']
['Muscovite-medhi-Al_CU91-252D_ASDFRc', 'https://crustal.usgs.gov/speclab/data/HTMLmetadata/Muscovite-medhi-Al_CU91-252D_ASDFRc_AREF.html', 'https://crustal.usgs.gov/speclab/data/ZIPrecords/ZIPdata_splib07a/ChapterS_SoilsAndMixtures/splib07a_Muscovite-medhi-Al_CU91-252D_ASDFRc_AREF.zip']
['Muscovite-medhi-Al_CU91-252D_ASDNGc', 'https://crustal.usgs.gov/speclab/data/HTMLmetadata/Muscovite-medhi-Al_CU91-252D_ASDNGc_AREF.html', 'https://crustal.usgs.gov/speclab/data/ZIPrecords/ZIPdata_splib07a/ChapterS_SoilsAndMixtures/splib07a_Muscovite-medhi-Al_CU91-252D_ASDNGc_AREF.zip']
['Muscovite-medlowAl_CU91-250A_ASDFRb', 'https://crustal.usgs.gov/speclab/data/HTMLmetadata/Muscovite-medlowAl_CU91-250A_ASDFRb_AREF.html', 'https://crustal.usgs.gov/speclab/data/ZIPrecords/ZIPdata_splib07a/ChapterS_SoilsAndMixtures/splib07a_Muscovite-medlowAl_CU91-250A_ASDFRb_AREF.zip']
['Muscovite-medlowAl_CU91-250A_ASDNGb', 'https://crustal.usgs.gov/speclab/data/HTMLmetadata/Muscovite-medlowAl_CU91-250A_ASDNGb_AREF.html', 'https://crustal.usgs.gov/speclab/data/ZIPrecords/ZIPdata_splib07a/ChapterS_SoilsAndMixtures/splib07a_Muscovite-medlowAl_CU91-250A_ASDNGb_AREF.zip']
['Muscovite-medlowAl_CU91-250A_NIC4b_RREF', 'https://crustal.usgs.gov/speclab/data/HTMLmetadata/Muscovite-medlowAl_CU91-250A_NIC4b_RREF.html', 'https://crustal.usgs.gov/speclab/data/ZIPrecords/ZIPdata_splib07a/ChapterS_SoilsAndMixtures/splib07a_Muscovite-medlowAl_CU91-250A_NIC4b_RREF.zip']
['Natrolite+Zeolite_HS168.1B_ASDFRb', 'https://crustal.usgs.gov/speclab/data/HTMLmetadata/Natrolite+Zeolite_HS168.1B_ASDFRb_AREF.html', 'https://crustal.usgs.gov/speclab/data/ZIPrecords/ZIPdata_splib07a/ChapterS_SoilsAndMixtures/splib07a_Natrolite+Zeolite_HS168.1B_ASDFRb_AREF.zip']
['Natrolite+Zeolite_HS168.2B_ASDFRb', 'https://crustal.usgs.gov/speclab/data/HTMLmetadata/Natrolite+Zeolite_HS168.2B_ASDFRb_AREF.html', 'https://crustal.usgs.gov/speclab/data/ZIPrecords/ZIPdata_splib07a/ChapterS_SoilsAndMixtures/splib07a_Natrolite+Zeolite_HS168.2B_ASDFRb_AREF.zip']
['Natrolite+Zeolite_HS168.3B_ASDFRb', 'https://crustal.usgs.gov/speclab/data/HTMLmetadata/Natrolite+Zeolite_HS168.3B_ASDFRb_AREF.html', 'https://crustal.usgs.gov/speclab/data/ZIPrecords/ZIPdata_splib07a/ChapterS_SoilsAndMixtures/splib07a_Natrolite+Zeolite_HS168.3B_ASDFRb_AREF.zip']
['Natrolite+Zeolite_HS168.3B_NIC4bbb_RREF', 'https://crustal.usgs.gov/speclab/data/HTMLmetadata/Natrolite+Zeolite_HS168.3B_NIC4bbb_RREF.html', 'https://crustal.usgs.gov/speclab/data/ZIPrecords/ZIPdata_splib07a/ChapterS_SoilsAndMixtures/splib07a_Natrolite+Zeolite_HS168.3B_NIC4bbb_RREF.zip']
['Natrolite+Zeolite_HS168.4B_ASDFRb', 'https://crustal.usgs.gov/speclab/data/HTMLmetadata/Natrolite+Zeolite_HS168.4B_ASDFRb_AREF.html', 'https://crustal.usgs.gov/speclab/data/ZIPrecords/ZIPdata_splib07a/ChapterS_SoilsAndMixtures/splib07a_Natrolite+Zeolite_HS168.4B_ASDFRb_AREF.zip']
['Nontronite+others_CU00-13A_ASDFRb', 'https://crustal.usgs.gov/speclab/data/HTMLmetadata/Nontronite+others_CU00-13A_ASDFRb_AREF.html', 'https://crustal.usgs.gov/speclab/data/ZIPrecords/ZIPdata_splib07a/ChapterS_SoilsAndMixtures/splib07a_Nontronite+others_CU00-13A_ASDFRb_AREF.zip']
['Opalized_Tuff_CU00-15E_ASDFRb', 'https://crustal.usgs.gov/speclab/data/HTMLmetadata/Opalized_Tuff_CU00-15E_ASDFRb_AREF.html', 'https://crustal.usgs.gov/speclab/data/ZIPrecords/ZIPdata_splib07a/ChapterS_SoilsAndMixtures/splib07a_Opalized_Tuff_CU00-15E_ASDFRb_AREF.zip']
['Phlogopite_Sand_Mix_BR93-20_BECKa', 'https://crustal.usgs.gov/speclab/data/HTMLmetadata/Phlogopite_Sand_Mix_BR93-20_BECKa_AREF.html', 'https://crustal.usgs.gov/speclab/data/ZIPrecords/ZIPdata_splib07a/ChapterS_SoilsAndMixtures/splib07a_Phlogopite_Sand_Mix_BR93-20_BECKa_AREF.zip']
['Pyrite_LV95-6A_Weath_on_Tail_BECKb', 'https://crustal.usgs.gov/speclab/data/HTMLmetadata/Pyrite_LV95-6A_Weath_on_Tail_BECKb_AREF.html', 'https://crustal.usgs.gov/speclab/data/ZIPrecords/ZIPdata_splib07a/ChapterS_SoilsAndMixtures/splib07a_Pyrite_LV95-6A_Weath_on_Tail_BECKb_AREF.zip']
['Pyrophyl+Muscovite_JH_PYRM1_ASDFRb', 'https://crustal.usgs.gov/speclab/data/HTMLmetadata/Pyrophyl+Muscovite_JH_PYRM1_ASDFRb_AREF.html', 'https://crustal.usgs.gov/speclab/data/ZIPrecords/ZIPdata_splib07a/ChapterS_SoilsAndMixtures/splib07a_Pyrophyl+Muscovite_JH_PYRM1_ASDFRb_AREF.zip']
['Pyrophyl.25+wxlKaol.75_AMX17_ASDNGb', 'https://crustal.usgs.gov/speclab/data/HTMLmetadata/Pyrophyl.25+wxlKaol.75_AMX17_ASDNGb_AREF.html', 'https://crustal.usgs.gov/speclab/data/ZIPrecords/ZIPdata_splib07a/ChapterS_SoilsAndMixtures/splib07a_Pyrophyl.25+wxlKaol.75_AMX17_ASDNGb_AREF.zip']
['Pyrophyl.25+wxlKaol.75_AMX17_BECKb', 'https://crustal.usgs.gov/speclab/data/HTMLmetadata/Pyrophyl.25+wxlKaol.75_AMX17_BECKb_AREF.html', 'https://crustal.usgs.gov/speclab/data/ZIPrecords/ZIPdata_splib07a/ChapterS_SoilsAndMixtures/splib07a_Pyrophyl.25+wxlKaol.75_AMX17_BECKb_AREF.zip']
['Pyrophyl.25+wxlKaol.75_AMX17_NIC4b', 'https://crustal.usgs.gov/speclab/data/HTMLmetadata/Pyrophyl.25+wxlKaol.75_AMX17_NIC4b_AREF.html', 'https://crustal.usgs.gov/speclab/data/ZIPrecords/ZIPdata_splib07a/ChapterS_SoilsAndMixtures/splib07a_Pyrophyl.25+wxlKaol.75_AMX17_NIC4b_AREF.zip']
['Pyrophyl.50+Ca-Mont.50_AMX16_ASDNGa', 'https://crustal.usgs.gov/speclab/data/HTMLmetadata/Pyrophyl.50+Ca-Mont.50_AMX16_ASDNGa_AREF.html', 'https://crustal.usgs.gov/speclab/data/ZIPrecords/ZIPdata_splib07a/ChapterS_SoilsAndMixtures/splib07a_Pyrophyl.50+Ca-Mont.50_AMX16_ASDNGa_AREF.zip']
['Pyrophyl.50+Ca-Mont.50_AMX16_BECKa', 'https://crustal.usgs.gov/speclab/data/HTMLmetadata/Pyrophyl.50+Ca-Mont.50_AMX16_BECKa_AREF.html', 'https://crustal.usgs.gov/speclab/data/ZIPrecords/ZIPdata_splib07a/ChapterS_SoilsAndMixtures/splib07a_Pyrophyl.50+Ca-Mont.50_AMX16_BECKa_AREF.zip']
['Pyroxene_Basalt_CU01-20A_ASDFRa', 'https://crustal.usgs.gov/speclab/data/HTMLmetadata/Pyroxene_Basalt_CU01-20A_ASDFRa_AREF.html', 'https://crustal.usgs.gov/speclab/data/ZIPrecords/ZIPdata_splib07a/ChapterS_SoilsAndMixtures/splib07a_Pyroxene_Basalt_CU01-20A_ASDFRa_AREF.zip']
['Sand_DWO-3-DEL2a_no_vis.oil_ASDFRa', 'https://crustal.usgs.gov/speclab/data/HTMLmetadata/Sand_DWO-3-DEL2a_no_vis.oil_ASDFRa_AREF.html', 'https://crustal.usgs.gov/speclab/data/ZIPrecords/ZIPdata_splib07a/ChapterS_SoilsAndMixtures/splib07a_Sand_DWO-3-DEL2a_no_vis.oil_ASDFRa_AREF.zip']
['Sand_DWO-3-DEL2ar1_no_oil_ASDFRa', 'https://crustal.usgs.gov/speclab/data/HTMLmetadata/Sand_DWO-3-DEL2ar1_no_oil_ASDFRa_AREF.html', 'https://crustal.usgs.gov/speclab/data/ZIPrecords/ZIPdata_splib07a/ChapterS_SoilsAndMixtures/splib07a_Sand_DWO-3-DEL2ar1_no_oil_ASDFRa_AREF.zip']
['Sand_DWO-3-DEL2ar2_wet_noOil_ASDFRa', 'https://crustal.usgs.gov/speclab/data/HTMLmetadata/Sand_DWO-3-DEL2ar2_wet_noOil_ASDFRa_AREF.html', 'https://crustal.usgs.gov/speclab/data/ZIPrecords/ZIPdata_splib07a/ChapterS_SoilsAndMixtures/splib07a_Sand_DWO-3-DEL2ar2_wet_noOil_ASDFRa_AREF.zip']
['Sand_DWO-3-DEL2b_wet_no_oil_ASDFRa', 'https://crustal.usgs.gov/speclab/data/HTMLmetadata/Sand_DWO-3-DEL2b_wet_no_oil_ASDFRa_AREF.html', 'https://crustal.usgs.gov/speclab/data/ZIPrecords/ZIPdata_splib07a/ChapterS_SoilsAndMixtures/splib07a_Sand_DWO-3-DEL2b_wet_no_oil_ASDFRa_AREF.zip']
['Sand_DWO-3-DEL2c_no_vis.oil_ASDFRa', 'https://crustal.usgs.gov/speclab/data/HTMLmetadata/Sand_DWO-3-DEL2c_no_vis.oil_ASDFRa_AREF.html', 'https://crustal.usgs.gov/speclab/data/ZIPrecords/ZIPdata_splib07a/ChapterS_SoilsAndMixtures/splib07a_Sand_DWO-3-DEL2c_no_vis.oil_ASDFRa_AREF.zip']
['Sand_DWO-3-DEL2d_wet_no_oil_ASDFRa', 'https://crustal.usgs.gov/speclab/data/HTMLmetadata/Sand_DWO-3-DEL2d_wet_no_oil_ASDFRa_AREF.html', 'https://crustal.usgs.gov/speclab/data/ZIPrecords/ZIPdata_splib07a/ChapterS_SoilsAndMixtures/splib07a_Sand_DWO-3-DEL2d_wet_no_oil_ASDFRa_AREF.zip']
['Sand_GrndIsle1_no_oil_ASDFRa', 'https://crustal.usgs.gov/speclab/data/HTMLmetadata/Sand_GrndIsle1_no_oil_ASDFRa_AREF.html', 'https://crustal.usgs.gov/speclab/data/ZIPrecords/ZIPdata_splib07a/ChapterS_SoilsAndMixtures/splib07a_Sand_GrndIsle1_no_oil_ASDFRa_AREF.zip']
['Sand_GrndIsle2_no_visibl_oil_ASDFRa', 'https://crustal.usgs.gov/speclab/data/HTMLmetadata/Sand_GrndIsle2_no_visibl_oil_ASDFRa_AREF.html', 'https://crustal.usgs.gov/speclab/data/ZIPrecords/ZIPdata_splib07a/ChapterS_SoilsAndMixtures/splib07a_Sand_GrndIsle2_no_visibl_oil_ASDFRa_AREF.zip']
['Sanidine+albite_NMNH103200_BECKc', 'https://crustal.usgs.gov/speclab/data/HTMLmetadata/Sanidine+albite_NMNH103200_BECKc_AREF.html', 'https://crustal.usgs.gov/speclab/data/ZIPrecords/ZIPdata_splib07a/ChapterS_SoilsAndMixtures/splib07a_Sanidine+albite_NMNH103200_BECKc_AREF.zip']
['Sanidine+albite_NMNH103200_NIC4bb_RREF', 'https://crustal.usgs.gov/speclab/data/HTMLmetadata/Sanidine+albite_NMNH103200_NIC4bb_RREF.html', 'https://crustal.usgs.gov/speclab/data/ZIPrecords/ZIPdata_splib07a/ChapterS_SoilsAndMixtures/splib07a_Sanidine+albite_NMNH103200_NIC4bb_RREF.zip']
['Stonewall_Playa_CU93-52A_a11_BECKa', 'https://crustal.usgs.gov/speclab/data/HTMLmetadata/Stonewall_Playa_CU93-52A_a11_BECKa_AREF.html', 'https://crustal.usgs.gov/speclab/data/ZIPrecords/ZIPdata_splib07a/ChapterS_SoilsAndMixtures/splib07a_Stonewall_Playa_CU93-52A_a11_BECKa_AREF.zip']
['Stonewall_Playa_Dry_Mud_2001_ASDFRa', 'https://crustal.usgs.gov/speclab/data/HTMLmetadata/Stonewall_Playa_Dry_Mud_2001_ASDFRa_AREF.html', 'https://crustal.usgs.gov/speclab/data/ZIPrecords/ZIPdata_splib07a/ChapterS_SoilsAndMixtures/splib07a_Stonewall_Playa_Dry_Mud_2001_ASDFRa_AREF.zip']
['Talc+Clinochlore_HS327.3B_ASDFRa', 'https://crustal.usgs.gov/speclab/data/HTMLmetadata/Talc+Clinochlore_HS327.3B_ASDFRa_AREF.html', 'https://crustal.usgs.gov/speclab/data/ZIPrecords/ZIPdata_splib07a/ChapterS_SoilsAndMixtures/splib07a_Talc+Clinochlore_HS327.3B_ASDFRa_AREF.zip']
['Talc+Clinochlore_HS327.3B_BECKa', 'https://crustal.usgs.gov/speclab/data/HTMLmetadata/Talc+Clinochlore_HS327.3B_BECKa_AREF.html', 'https://crustal.usgs.gov/speclab/data/ZIPrecords/ZIPdata_splib07a/ChapterS_SoilsAndMixtures/splib07a_Talc+Clinochlore_HS327.3B_BECKa_AREF.zip']
['Talc+Clinochlore_HS327.3B_NIC4aaa_RREF', 'https://crustal.usgs.gov/speclab/data/HTMLmetadata/Talc+Clinochlore_HS327.3B_NIC4aaa_RREF.html', 'https://crustal.usgs.gov/speclab/data/ZIPrecords/ZIPdata_splib07a/ChapterS_SoilsAndMixtures/splib07a_Talc+Clinochlore_HS327.3B_NIC4aaa_RREF.zip']
['Teepleite+Trona_NMNH102798_BECKa', 'https://crustal.usgs.gov/speclab/data/HTMLmetadata/Teepleite+Trona_NMNH102798_BECKa_AREF.html', 'https://crustal.usgs.gov/speclab/data/ZIPrecords/ZIPdata_splib07a/ChapterS_SoilsAndMixtures/splib07a_Teepleite+Trona_NMNH102798_BECKa_AREF.zip']
['Teepleite+Trona_NMNH102798_NIC4aau_RREF', 'https://crustal.usgs.gov/speclab/data/HTMLmetadata/Teepleite+Trona_NMNH102798_NIC4aau_RREF.html', 'https://crustal.usgs.gov/speclab/data/ZIPrecords/ZIPdata_splib07a/ChapterS_SoilsAndMixtures/splib07a_Teepleite+Trona_NMNH102798_NIC4aau_RREF.zip']
['White_Crust_LV30_starkeyite_ASDFRc', 'https://crustal.usgs.gov/speclab/data/HTMLmetadata/White_Crust_LV30_starkeyite_ASDFRc_AREF.html', 'https://crustal.usgs.gov/speclab/data/ZIPrecords/ZIPdata_splib07a/ChapterS_SoilsAndMixtures/splib07a_White_Crust_LV30_starkeyite_ASDFRc_AREF.zip']
['Xenotime+Monazite_REE_WS384_ASDFRa', 'https://crustal.usgs.gov/speclab/data/HTMLmetadata/Xenotime+Monazite_REE_WS384_ASDFRa_AREF.html', 'https://crustal.usgs.gov/speclab/data/ZIPrecords/ZIPdata_splib07a/ChapterS_SoilsAndMixtures/splib07a_Xenotime+Monazite_REE_WS384_ASDFRa_AREF.zip']
['Zincite+Franklin_HS147.1B_ASDFRb', 'https://crustal.usgs.gov/speclab/data/HTMLmetadata/Zincite+Franklin_HS147.1B_ASDFRb_AREF.html', 'https://crustal.usgs.gov/speclab/data/ZIPrecords/ZIPdata_splib07a/ChapterS_SoilsAndMixtures/splib07a_Zincite+Franklin_HS147.1B_ASDFRb_AREF.zip']
['Zincite+Franklin_HS147.2B_ASDFRb', 'https://crustal.usgs.gov/speclab/data/HTMLmetadata/Zincite+Franklin_HS147.2B_ASDFRb_AREF.html', 'https://crustal.usgs.gov/speclab/data/ZIPrecords/ZIPdata_splib07a/ChapterS_SoilsAndMixtures/splib07a_Zincite+Franklin_HS147.2B_ASDFRb_AREF.zip']
['Zincite+Franklin_HS147.3B_ASDFRb', 'https://crustal.usgs.gov/speclab/data/HTMLmetadata/Zincite+Franklin_HS147.3B_ASDFRb_AREF.html', 'https://crustal.usgs.gov/speclab/data/ZIPrecords/ZIPdata_splib07a/ChapterS_SoilsAndMixtures/splib07a_Zincite+Franklin_HS147.3B_ASDFRb_AREF.zip']
['Zincite+Franklin_HS147.3B_BECKb', 'https://crustal.usgs.gov/speclab/data/HTMLmetadata/Zincite+Franklin_HS147.3B_BECKb_AREF.html', 'https://crustal.usgs.gov/speclab/data/ZIPrecords/ZIPdata_splib07a/ChapterS_SoilsAndMixtures/splib07a_Zincite+Franklin_HS147.3B_BECKb_AREF.zip']
['Zincite+Franklin_HS147.3B_NIC4bb_RREF', 'https://crustal.usgs.gov/speclab/data/HTMLmetadata/Zincite+Franklin_HS147.3B_NIC4bb_RREF.html', 'https://crustal.usgs.gov/speclab/data/ZIPrecords/ZIPdata_splib07a/ChapterS_SoilsAndMixtures/splib07a_Zincite+Franklin_HS147.3B_NIC4bb_RREF.zip']
['Zincite+Franklin_HS147.4B_ASDFRb', 'https://crustal.usgs.gov/speclab/data/HTMLmetadata/Zincite+Franklin_HS147.4B_ASDFRb_AREF.html', 'https://crustal.usgs.gov/speclab/data/ZIPrecords/ZIPdata_splib07a/ChapterS_SoilsAndMixtures/splib07a_Zincite+Franklin_HS147.4B_ASDFRb_AREF.zip']
