["Aspen_Aspen-3_yellowGreenTop_ASDFRa","https://crustal.usgs.gov/speclab/data/HTMLmetadata/Aspen_Aspen-3_yellowGreenTop_ASDFRa_AREF.html","https://crustal.usgs.gov/speclab/data/ZIPrecords/ZIPdata_splib07a/ChapterV_Vegetation/splib07a_Aspen_Aspen-3_yellowGreenTop_ASDFRa_AREF.zip"]
["Juniper_IH91-4B_BECKa","https://crustal.usgs.gov/speclab/data/HTMLmetadata/Juniper_IH91-4B_BECKa_AREF.html","https://crustal.usgs.gov/speclab/data/ZIPrecords/ZIPdata_splib07a/ChapterV_Vegetation/splib07a_Juniper_IH91-4B_BECKa_AREF.zip"]
["Russian_Olive_DW92-4_BECKa","https://crustal.usgs.gov/speclab/data/HTMLmetadata/Russian_Olive_DW92-4_BECKa_AREF.html","https://crustal.usgs.gov/speclab/data/ZIPrecords/ZIPdata_splib07a/ChapterV_Vegetation/splib07a_Russian_Olive_DW92-4_BECKa_AREF.zip"]
["Marsh_DISP65percent...a_CRMS326v84_ASDFRa","https://crustal.usgs.gov/speclab/data/HTMLmetadata/Marsh_DISP65percent...a_CRMS326v84_ASDFRa_AREF.html","https://crustal.usgs.gov/speclab/data/ZIPrecords/ZIPdata_splib07a/ChapterV_Vegetation/splib07a_Marsh_DISP65percent...a_CRMS326v84_ASDFRa_AREF.zip"]
["Rangeland_C04-153_S12percent_G16percent_ASDFRa","https://crustal.usgs.gov/speclab/data/HTMLmetadata/Rangeland_C04-153_S12percent_G16percent_ASDFRa_AREF.html","https://crustal.usgs.gov/speclab/data/ZIPrecords/ZIPdata_splib07a/ChapterV_Vegetation/splib07a_Rangeland_C04-153_S12percent_G16percent_ASDFRa_AREF.zip"]
["Rangeland_L04-095_S01percent_G51percent_ASDFRa","https://crustal.usgs.gov/speclab/data/HTMLmetadata/Rangeland_L04-095_S01percent_G51percent_ASDFRa_AREF.html","https://crustal.usgs.gov/speclab/data/ZIPrecords/ZIPdata_splib07a/ChapterV_Vegetation/splib07a_Rangeland_L04-095_S01percent_G51percent_ASDFRa_AREF.zip"]
["Flower_Petunia-3_White_ASDFRa","https://crustal.usgs.gov/speclab/data/HTMLmetadata/Flower_Petunia-3_White_ASDFRa_AREF.html","https://crustal.usgs.gov/speclab/data/ZIPrecords/ZIPdata_splib07a/ChapterV_Vegetation/splib07a_Flower_Petunia-3_White_ASDFRa_AREF.zip"]
["Lythr.lineare_CRMS326v59_grn_ASDFRa","https://crustal.usgs.gov/speclab/data/HTMLmetadata/Lythr.lineare_CRMS326v59_grn_ASDFRa_AREF.html","https://crustal.usgs.gov/speclab/data/ZIPrecords/ZIPdata_splib07a/ChapterV_Vegetation/splib07a_Lythr.lineare_CRMS326v59_grn_ASDFRa_AREF.zip"]
["Marsh_SPAL55percent...a_CRMS322v25_ASDFRa","https://crustal.usgs.gov/speclab/data/HTMLmetadata/Marsh_SPAL55percent...a_CRMS322v25_ASDFRa_AREF.html","https://crustal.usgs.gov/speclab/data/ZIPrecords/ZIPdata_splib07a/ChapterV_Vegetation/splib07a_Marsh_SPAL55percent...a_CRMS322v25_ASDFRa_AREF.zip"]
["Rangeland_C03-041_S15percent_G06percent_ASDFRa","https://crustal.usgs.gov/speclab/data/HTMLmetadata/Rangeland_C03-041_S15percent_G06percent_ASDFRa_AREF.html","https://crustal.usgs.gov/speclab/data/ZIPrecords/ZIPdata_splib07a/ChapterV_Vegetation/splib07a_Rangeland_C03-041_S15percent_G06percent_ASDFRa_AREF.zip"]
["Rangeland_L02-022_S20percent_G09percent_ASDFRa","https://crustal.usgs.gov/speclab/data/HTMLmetadata/Rangeland_L02-022_S20percent_G09percent_ASDFRa_AREF.html","https://crustal.usgs.gov/speclab/data/ZIPrecords/ZIPdata_splib07a/ChapterV_Vegetation/splib07a_Rangeland_L02-022_S20percent_G09percent_ASDFRa_AREF.zip"]
["Lodgepole-Pine_YNP-LP1-B_AVIRISb_RTGC.html","https://crustal.usgs.gov/speclab/data/HTMLmetadata/Lodgepole-Pine_YNP-LP1-B_AVIRISb_RTGC.html","https://crustal.usgs.gov/speclab/data/ZIPrecords/ZIPdata_splib07a/ChapterV_Vegetation/splib07a_Lodgepole-Pine_YNP-LP1-B_AVIRISb_RTGC.zip"]
["Willow_Willow-Leaves-1_dry_ASDFRa","https://crustal.usgs.gov/speclab/data/HTMLmetadata/Willow_Willow-Leaves-1_dry_ASDFRa_AREF.html","https://crustal.usgs.gov/speclab/data/ZIPrecords/ZIPdata_splib07a/ChapterV_Vegetation/splib07a_Willow_Willow-Leaves-1_dry_ASDFRa_AREF.zip"]
["Rangeland_C03-019_S20percent_G14percent_ASDFRa","https://crustal.usgs.gov/speclab/data/HTMLmetadata/Rangeland_C03-019_S20percent_G14percent_ASDFRa_AREF.html","https://crustal.usgs.gov/speclab/data/ZIPrecords/ZIPdata_splib07a/ChapterV_Vegetation/splib07a_Rangeland_C03-019_S20percent_G14percent_ASDFRa_AREF.zip"]
["Rangeland_C04-273_S25percent_G08percent_ASDFRa","https://crustal.usgs.gov/speclab/data/HTMLmetadata/Rangeland_C04-273_S25percent_G08percent_ASDFRa_AREF.html","https://crustal.usgs.gov/speclab/data/ZIPrecords/ZIPdata_splib07a/ChapterV_Vegetation/splib07a_Rangeland_C04-273_S25percent_G08percent_ASDFRa_AREF.zip"]
["Espruce-Sfir_YNP-SF-3_forst_AVIRISb_RTGC.html","https://crustal.usgs.gov/speclab/data/HTMLmetadata/Espruce-Sfir_YNP-SF-3_forst_AVIRISb_RTGC.html","https://crustal.usgs.gov/speclab/data/ZIPrecords/ZIPdata_splib07a/ChapterV_Vegetation/splib07a_Espruce-Sfir_YNP-SF-3_forst_AVIRISb_RTGC.zip"]
["Rangeland_C03-095_S09percent_G08percent_ASDFRa","https://crustal.usgs.gov/speclab/data/HTMLmetadata/Rangeland_C03-095_S09percent_G08percent_ASDFRa_AREF.html","https://crustal.usgs.gov/speclab/data/ZIPrecords/ZIPdata_splib07a/ChapterV_Vegetation/splib07a_Rangeland_C03-095_S09percent_G08percent_ASDFRa_AREF.zip"]
["Rangeland_L04-072_S30percent_G21percent_ASDFRa","https://crustal.usgs.gov/speclab/data/HTMLmetadata/Rangeland_L04-072_S30percent_G21percent_ASDFRa_AREF.html","https://crustal.usgs.gov/speclab/data/ZIPrecords/ZIPdata_splib07a/ChapterV_Vegetation/splib07a_Rangeland_L04-072_S30percent_G21percent_ASDFRa_AREF.zip"]
["D.spicata_DWV6-0511_dryNPV.a_ASDFRa","https://crustal.usgs.gov/speclab/data/HTMLmetadata/D.spicata_DWV6-0511_dryNPV.a_ASDFRa_AREF.html","https://crustal.usgs.gov/speclab/data/ZIPrecords/ZIPdata_splib07a/ChapterV_Vegetation/splib07a_D.spicata_DWV6-0511_dryNPV.a_ASDFRa_AREF.zip"]
["Lodgepole-Pine_LP-Needles-1_ASDFRa","https://crustal.usgs.gov/speclab/data/HTMLmetadata/Lodgepole-Pine_LP-Needles-1_ASDFRa_AREF.html","https://crustal.usgs.gov/speclab/data/ZIPrecords/ZIPdata_splib07a/ChapterV_Vegetation/splib07a_Lodgepole-Pine_LP-Needles-1_ASDFRa_AREF.zip"]
["Toyon_CA01-HEAR-1_bush_ASDFRa","https://crustal.usgs.gov/speclab/data/HTMLmetadata/Toyon_CA01-HEAR-1_bush_ASDFRa_AREF.html","https://crustal.usgs.gov/speclab/data/ZIPrecords/ZIPdata_splib07a/ChapterV_Vegetation/splib07a_Toyon_CA01-HEAR-1_bush_ASDFRa_AREF.zip"]
["Rangeland_C03-004_S08percent_G27percent_ASDFRa","https://crustal.usgs.gov/speclab/data/HTMLmetadata/Rangeland_C03-004_S08percent_G27percent_ASDFRa_AREF.html","https://crustal.usgs.gov/speclab/data/ZIPrecords/ZIPdata_splib07a/ChapterV_Vegetation/splib07a_Rangeland_C03-004_S08percent_G27percent_ASDFRa_AREF.zip"]
["Rangeland_C04-237_S05percent_G25percent_ASDFRa","https://crustal.usgs.gov/speclab/data/HTMLmetadata/Rangeland_C04-237_S05percent_G25percent_ASDFRa_AREF.html","https://crustal.usgs.gov/speclab/data/ZIPrecords/ZIPdata_splib07a/ChapterV_Vegetation/splib07a_Rangeland_C04-237_S05percent_G25percent_ASDFRa_AREF.zip"]
["Willow_Dead_FluvTailSite_A_ASDFRa","https://crustal.usgs.gov/speclab/data/HTMLmetadata/Willow_Dead_FluvTailSite_A_ASDFRa_AREF.html","https://crustal.usgs.gov/speclab/data/ZIPrecords/ZIPdata_splib07a/ChapterV_Vegetation/splib07a_Willow_Dead_FluvTailSite_A_ASDFRa_AREF.zip"]
["J.roemer._DWV1-0511c_grbrn.a_ASDFRa","https://crustal.usgs.gov/speclab/data/HTMLmetadata/J.roemer._DWV1-0511c_grbrn.a_ASDFRa_AREF.html","https://crustal.usgs.gov/speclab/data/ZIPrecords/ZIPdata_splib07a/ChapterV_Vegetation/splib07a_J.roemer._DWV1-0511c_grbrn.a_ASDFRa_AREF.zip"]
["P.aus._DWO-3-DEL-2d_dryNPV.a_ASDFRa","https://crustal.usgs.gov/speclab/data/HTMLmetadata/P.aus._DWO-3-DEL-2d_dryNPV.a_ASDFRa_AREF.html","https://crustal.usgs.gov/speclab/data/ZIPrecords/ZIPdata_splib07a/ChapterV_Vegetation/splib07a_P.aus._DWO-3-DEL-2d_dryNPV.a_ASDFRa_AREF.zip"]
["Marsh_SCAM60percent...._CRMS326v71_ASDFRa","https://crustal.usgs.gov/speclab/data/HTMLmetadata/Marsh_SCAM60percent...._CRMS326v71_ASDFRa_AREF.html","https://crustal.usgs.gov/speclab/data/ZIPrecords/ZIPdata_splib07a/ChapterV_Vegetation/splib07a_Marsh_SCAM60percent...._CRMS326v71_ASDFRa_AREF.zip"]
["Sagebrush_YNP-SS-1_AVIRISb_RTGC.html","https://crustal.usgs.gov/speclab/data/HTMLmetadata/Sagebrush_YNP-SS-1_AVIRISb_RTGC.html","https://crustal.usgs.gov/speclab/data/ZIPrecords/ZIPdata_splib07a/ChapterV_Vegetation/splib07a_Sagebrush_YNP-SS-1_AVIRISb_RTGC.zip"]
["Marsh_PHAU_100percent_DWO-3-DEL-2_ASDFRa","https://crustal.usgs.gov/speclab/data/HTMLmetadata/Marsh_PHAU_100percent_DWO-3-DEL-2_ASDFRa_AREF.html","https://crustal.usgs.gov/speclab/data/ZIPrecords/ZIPdata_splib07a/ChapterV_Vegetation/splib07a_Marsh_PHAU_100percent_DWO-3-DEL-2_ASDFRa_AREF.zip"]
["Rangeland_C04-209A_S17percent_G04percent_ASDFRa","https://crustal.usgs.gov/speclab/data/HTMLmetadata/Rangeland_C04-209A_S17percent_G04percent_ASDFRa_AREF.html","https://crustal.usgs.gov/speclab/data/ZIPrecords/ZIPdata_splib07a/ChapterV_Vegetation/splib07a_Rangeland_C04-209A_S17percent_G04percent_ASDFRa_AREF.zip"]
["LawnGrass_GDS91b_+1shf-unshf_BECKa","https://crustal.usgs.gov/speclab/data/HTMLmetadata/LawnGrass_GDS91b_+1shf-unshf_BECKa_AREF.html","https://crustal.usgs.gov/speclab/data/ZIPrecords/ZIPdata_splib07a/ChapterV_Vegetation/splib07a_LawnGrass_GDS91b_+1shf-unshf_BECKa_AREF.zip"]
["Grass-Smoothbrome_YNP-SB-1_AVIRISb_RTGC.html","https://crustal.usgs.gov/speclab/data/HTMLmetadata/Grass-Smoothbrome_YNP-SB-1_AVIRISb_RTGC.html","https://crustal.usgs.gov/speclab/data/ZIPrecords/ZIPdata_splib07a/ChapterV_Vegetation/splib07a_Grass-Smoothbrome_YNP-SB-1_AVIRISb_RTGC.zip"]
["Oak_QUDU_CA01-QUDU-1_bush_1_ASDFRa","https://crustal.usgs.gov/speclab/data/HTMLmetadata/Oak_QUDU_CA01-QUDU-1_bush_1_ASDFRa_AREF.html","https://crustal.usgs.gov/speclab/data/ZIPrecords/ZIPdata_splib07a/ChapterV_Vegetation/splib07a_Oak_QUDU_CA01-QUDU-1_bush_1_ASDFRa_AREF.zip"]
["Marsh_SPPA67percent...a_CRMS326v10_ASDFRa","https://crustal.usgs.gov/speclab/data/HTMLmetadata/Marsh_SPPA67percent...a_CRMS326v10_ASDFRa_AREF.html","https://crustal.usgs.gov/speclab/data/ZIPrecords/ZIPdata_splib07a/ChapterV_Vegetation/splib07a_Marsh_SPPA67percent...a_CRMS326v10_ASDFRa_AREF.zip"]
["Rangeland_C03-080_S18percent_G15percent_ASDFRa","https://crustal.usgs.gov/speclab/data/HTMLmetadata/Rangeland_C03-080_S18percent_G15percent_ASDFRa_AREF.html","https://crustal.usgs.gov/speclab/data/ZIPrecords/ZIPdata_splib07a/ChapterV_Vegetation/splib07a_Rangeland_C03-080_S18percent_G15percent_ASDFRa_AREF.zip"]
["Rangeland_L02-061_S00percent_G06percent_ASDFRa","https://crustal.usgs.gov/speclab/data/HTMLmetadata/Rangeland_L02-061_S00percent_G06percent_ASDFRa_AREF.html","https://crustal.usgs.gov/speclab/data/ZIPrecords/ZIPdata_splib07a/ChapterV_Vegetation/splib07a_Rangeland_L02-061_S00percent_G06percent_ASDFRa_AREF.zip"]
["Cactus_Opuntia-1_purple_pad_ASDFRa","https://crustal.usgs.gov/speclab/data/HTMLmetadata/Cactus_Opuntia-1_purple_pad_ASDFRa_AREF.html","https://crustal.usgs.gov/speclab/data/ZIPrecords/ZIPdata_splib07a/ChapterV_Vegetation/splib07a_Cactus_Opuntia-1_purple_pad_ASDFRa_AREF.zip"]
["LeafySpurge_Spurge-C1-Oct97_ASDFRa","https://crustal.usgs.gov/speclab/data/HTMLmetadata/LeafySpurge_Spurge-C1-Oct97_ASDFRa_AREF.html","https://crustal.usgs.gov/speclab/data/ZIPrecords/ZIPdata_splib07a/ChapterV_Vegetation/splib07a_LeafySpurge_Spurge-C1-Oct97_ASDFRa_AREF.zip"]
["Rangeland_L02-043_S01percent_G07percent_ASDFRa","https://crustal.usgs.gov/speclab/data/HTMLmetadata/Rangeland_L02-043_S01percent_G07percent_ASDFRa_AREF.html","https://crustal.usgs.gov/speclab/data/ZIPrecords/ZIPdata_splib07a/ChapterV_Vegetation/splib07a_Rangeland_L02-043_S01percent_G07percent_ASDFRa_AREF.zip"]
["Aspen_YNP-AS-1_forest_AVIRISb_RTGC.html","https://crustal.usgs.gov/speclab/data/HTMLmetadata/Aspen_YNP-AS-1_forest_AVIRISb_RTGC.html","https://crustal.usgs.gov/speclab/data/ZIPrecords/ZIPdata_splib07a/ChapterV_Vegetation/splib07a_Aspen_YNP-AS-1_forest_AVIRISb_RTGC.zip"]
["LeafySpurge_Spurge-A1-Oct97_ASDFRa","https://crustal.usgs.gov/speclab/data/HTMLmetadata/LeafySpurge_Spurge-A1-Oct97_ASDFRa_AREF.html","https://crustal.usgs.gov/speclab/data/ZIPrecords/ZIPdata_splib07a/ChapterV_Vegetation/splib07a_LeafySpurge_Spurge-A1-Oct97_ASDFRa_AREF.zip"]
["S.altern._DWV6a2-0511_stem.a_ASDFRa","https://crustal.usgs.gov/speclab/data/HTMLmetadata/S.altern._DWV6a2-0511_stem.a_ASDFRa_AREF.html","https://crustal.usgs.gov/speclab/data/ZIPrecords/ZIPdata_splib07a/ChapterV_Vegetation/splib07a_S.altern._DWV6a2-0511_stem.a_ASDFRa_AREF.zip"]
["Marsh_SCAM72percent..._CRMS121v33_ASDFRa","https://crustal.usgs.gov/speclab/data/HTMLmetadata/Marsh_SCAM72percent..._CRMS121v33_ASDFRa_AREF.html","https://crustal.usgs.gov/speclab/data/ZIPrecords/ZIPdata_splib07a/ChapterV_Vegetation/splib07a_Marsh_SCAM72percent..._CRMS121v33_ASDFRa_AREF.zip"]
["Rangeland_C04-170_S30percent_G24percent_ASDFRa","https://crustal.usgs.gov/speclab/data/HTMLmetadata/Rangeland_C04-170_S30percent_G24percent_ASDFRa_AREF.html","https://crustal.usgs.gov/speclab/data/ZIPrecords/ZIPdata_splib07a/ChapterV_Vegetation/splib07a_Rangeland_C04-170_S30percent_G24percent_ASDFRa_AREF.zip"]
["Grass_dry.4+.6green_AMX27_BECKa","https://crustal.usgs.gov/speclab/data/HTMLmetadata/Grass_dry.4+.6green_AMX27_BECKa_AREF.html","https://crustal.usgs.gov/speclab/data/ZIPrecords/ZIPdata_splib07a/ChapterV_Vegetation/splib07a_Grass_dry.4+.6green_AMX27_BECKa_AREF.zip"]
["Grass_AETR70_CA01-AETR-2_NPV_ASDFRa","https://crustal.usgs.gov/speclab/data/HTMLmetadata/Grass_AETR70_CA01-AETR-2_NPV_ASDFRa_AREF.html","https://crustal.usgs.gov/speclab/data/ZIPrecords/ZIPdata_splib07a/ChapterV_Vegetation/splib07a_Grass_AETR70_CA01-AETR-2_NPV_ASDFRa_AREF.zip"]
["Manzanita_CA01-ARVI-4_bush_4_ASDFRa","https://crustal.usgs.gov/speclab/data/HTMLmetadata/Manzanita_CA01-ARVI-4_bush_4_ASDFRa_AREF.html","https://crustal.usgs.gov/speclab/data/ZIPrecords/ZIPdata_splib07a/ChapterV_Vegetation/splib07a_Manzanita_CA01-ARVI-4_bush_4_ASDFRa_AREF.zip"]
["Marsh_SPAL95percent...a_CRMS322v68_ASDFRa","https://crustal.usgs.gov/speclab/data/HTMLmetadata/Marsh_SPAL95percent...a_CRMS322v68_ASDFRa_AREF.html","https://crustal.usgs.gov/speclab/data/ZIPrecords/ZIPdata_splib07a/ChapterV_Vegetation/splib07a_Marsh_SPAL95percent...a_CRMS322v68_ASDFRa_AREF.zip"]
["Rangeland_C03-066_S11percent_G17percent_ASDFRa","https://crustal.usgs.gov/speclab/data/HTMLmetadata/Rangeland_C03-066_S11percent_G17percent_ASDFRa_AREF.html","https://crustal.usgs.gov/speclab/data/ZIPrecords/ZIPdata_splib07a/ChapterV_Vegetation/splib07a_Rangeland_C03-066_S11percent_G17percent_ASDFRa_AREF.zip"]
["Flower_Pansy-1_Yellow_ASDFRa","https://crustal.usgs.gov/speclab/data/HTMLmetadata/Flower_Pansy-1_Yellow_ASDFRa_AREF.html","https://crustal.usgs.gov/speclab/data/ZIPrecords/ZIPdata_splib07a/ChapterV_Vegetation/splib07a_Flower_Pansy-1_Yellow_ASDFRa_AREF.zip"]
["Lodgepole-Pine_YNP-LP2-B_AVIRISb_RTGC.html","https://crustal.usgs.gov/speclab/data/HTMLmetadata/Lodgepole-Pine_YNP-LP2-B_AVIRISb_RTGC.html","https://crustal.usgs.gov/speclab/data/ZIPrecords/ZIPdata_splib07a/ChapterV_Vegetation/splib07a_Lodgepole-Pine_YNP-LP2-B_AVIRISb_RTGC.zip"]
["Yerba_Santa_CA01-ERCA-2_bush_ASDFRa","https://crustal.usgs.gov/speclab/data/HTMLmetadata/Yerba_Santa_CA01-ERCA-2_bush_ASDFRa_AREF.html","https://crustal.usgs.gov/speclab/data/ZIPrecords/ZIPdata_splib07a/ChapterV_Vegetation/splib07a_Yerba_Santa_CA01-ERCA-2_bush_ASDFRa_AREF.zip"]
["Rangeland_C03-031_S15percent_G14percent_ASDFRa","https://crustal.usgs.gov/speclab/data/HTMLmetadata/Rangeland_C03-031_S15percent_G14percent_ASDFRa_AREF.html","https://crustal.usgs.gov/speclab/data/ZIPrecords/ZIPdata_splib07a/ChapterV_Vegetation/splib07a_Rangeland_C03-031_S15percent_G14percent_ASDFRa_AREF.zip"]
["Rangeland_L02-013_S00percent_G31percent_ASDFRa","https://crustal.usgs.gov/speclab/data/HTMLmetadata/Rangeland_L02-013_S00percent_G31percent_ASDFRa_AREF.html","https://crustal.usgs.gov/speclab/data/ZIPrecords/ZIPdata_splib07a/ChapterV_Vegetation/splib07a_Rangeland_L02-013_S00percent_G31percent_ASDFRa_AREF.zip"]
["Engelmann-Spruce_ES-Needls-1_ASDFRa","https://crustal.usgs.gov/speclab/data/HTMLmetadata/Engelmann-Spruce_ES-Needls-1_ASDFRa_AREF.html","https://crustal.usgs.gov/speclab/data/ZIPrecords/ZIPdata_splib07a/ChapterV_Vegetation/splib07a_Engelmann-Spruce_ES-Needls-1_ASDFRa_AREF.zip"]
["Lodgepole-Pine_YNP-LP0-MOD_AVIRISb_RTGC.html","https://crustal.usgs.gov/speclab/data/HTMLmetadata/Lodgepole-Pine_YNP-LP0-MOD_AVIRISb_RTGC.html","https://crustal.usgs.gov/speclab/data/ZIPrecords/ZIPdata_splib07a/ChapterV_Vegetation/splib07a_Lodgepole-Pine_YNP-LP0-MOD_AVIRISb_RTGC.zip"]
["Wetland_YNP-WT-2_AVIRISb_RTGC.html","https://crustal.usgs.gov/speclab/data/HTMLmetadata/Wetland_YNP-WT-2_AVIRISb_RTGC.html","https://crustal.usgs.gov/speclab/data/ZIPrecords/ZIPdata_splib07a/ChapterV_Vegetation/splib07a_Wetland_YNP-WT-2_AVIRISb_RTGC.zip"]
["Rangeland_C03-013_S06percent_G08percent_ASDFRa","https://crustal.usgs.gov/speclab/data/HTMLmetadata/Rangeland_C03-013_S06percent_G08percent_ASDFRa_AREF.html","https://crustal.usgs.gov/speclab/data/ZIPrecords/ZIPdata_splib07a/ChapterV_Vegetation/splib07a_Rangeland_C03-013_S06percent_G08percent_ASDFRa_AREF.zip"]
["Rangeland_C04-253_S27percent_G21percent_ASDFRa","https://crustal.usgs.gov/speclab/data/HTMLmetadata/Rangeland_C04-253_S27percent_G21percent_ASDFRa_AREF.html","https://crustal.usgs.gov/speclab/data/ZIPrecords/ZIPdata_splib07a/ChapterV_Vegetation/splib07a_Rangeland_C04-253_S27percent_G21percent_ASDFRa_AREF.zip"]
["Cheatgrass_ANP92-11A_BECKa","https://crustal.usgs.gov/speclab/data/HTMLmetadata/Cheatgrass_ANP92-11A_BECKa_AREF.html","https://crustal.usgs.gov/speclab/data/ZIPrecords/ZIPdata_splib07a/ChapterV_Vegetation/splib07a_Cheatgrass_ANP92-11A_BECKa_AREF.zip"]
["Lichen_Xanthoparmelia-1_ASDFRb","https://crustal.usgs.gov/speclab/data/HTMLmetadata/Lichen_Xanthoparmelia-1_ASDFRb_AREF.html","https://crustal.usgs.gov/speclab/data/ZIPrecords/ZIPdata_splib07a/ChapterV_Vegetation/splib07a_Lichen_Xanthoparmelia-1_ASDFRb_AREF.zip"]
["Saltbrush_ANP92-31A_BECKa","https://crustal.usgs.gov/speclab/data/HTMLmetadata/Saltbrush_ANP92-31A_BECKa_AREF.html","https://crustal.usgs.gov/speclab/data/ZIPrecords/ZIPdata_splib07a/ChapterV_Vegetation/splib07a_Saltbrush_ANP92-31A_BECKa_AREF.zip"]
["Marsh_water_CRMS322v84a_sunl_ASDFRa","https://crustal.usgs.gov/speclab/data/HTMLmetadata/Marsh_water_CRMS322v84a_sunl_ASDFRa_AREF.html","https://crustal.usgs.gov/speclab/data/ZIPrecords/ZIPdata_splib07a/ChapterV_Vegetation/splib07a_Marsh_water_CRMS322v84a_sunl_ASDFRa_AREF.zip"]
["Rangeland_C04-232_S23percent_G13percent_ASDFRa","https://crustal.usgs.gov/speclab/data/HTMLmetadata/Rangeland_C04-232_S23percent_G13percent_ASDFRa_AREF.html","https://crustal.usgs.gov/speclab/data/ZIPrecords/ZIPdata_splib07a/ChapterV_Vegetation/splib07a_Rangeland_C04-232_S23percent_G13percent_ASDFRa_AREF.zip"]
["LawnGrass_GDS91b_shifted_3nm_BECKa","https://crustal.usgs.gov/speclab/data/HTMLmetadata/LawnGrass_GDS91b_shifted_3nm_BECKa_AREF.html","https://crustal.usgs.gov/speclab/data/ZIPrecords/ZIPdata_splib07a/ChapterV_Vegetation/splib07a_LawnGrass_GDS91b_shifted_3nm_BECKa_AREF.zip"]
["Hyacinth_DWO-3-DEL-2_leaf.a_ASDFRa","https://crustal.usgs.gov/speclab/data/HTMLmetadata/Hyacinth_DWO-3-DEL-2_leaf.a_ASDFRa_AREF.html","https://crustal.usgs.gov/speclab/data/ZIPrecords/ZIPdata_splib07a/ChapterV_Vegetation/splib07a_Hyacinth_DWO-3-DEL-2_leaf.a_ASDFRa_AREF.zip"]
["P.austr._DWO-3-DEL-2a_stems_ASDFRa","https://crustal.usgs.gov/speclab/data/HTMLmetadata/P.austr._DWO-3-DEL-2a_stems_ASDFRa_AREF.html","https://crustal.usgs.gov/speclab/data/ZIPrecords/ZIPdata_splib07a/ChapterV_Vegetation/splib07a_P.austr._DWO-3-DEL-2a_stems_ASDFRa_AREF.zip"]
["Marsh_SCAM-DISP..CRMS326v50a_ASDFRa","https://crustal.usgs.gov/speclab/data/HTMLmetadata/Marsh_SCAM-DISP..CRMS326v50a_ASDFRa_AREF.html","https://crustal.usgs.gov/speclab/data/ZIPrecords/ZIPdata_splib07a/ChapterV_Vegetation/splib07a_Marsh_SCAM-DISP..CRMS326v50a_ASDFRa_AREF.zip"]
["Rangeland_C03-089_S20percent_G21percent_ASDFRa","https://crustal.usgs.gov/speclab/data/HTMLmetadata/Rangeland_C03-089_S20percent_G21percent_ASDFRa_AREF.html","https://crustal.usgs.gov/speclab/data/ZIPrecords/ZIPdata_splib07a/ChapterV_Vegetation/splib07a_Rangeland_C03-089_S20percent_G21percent_ASDFRa_AREF.zip"]
["Rangeland_L04-035_S03percent_G54percent_ASDFRa","https://crustal.usgs.gov/speclab/data/HTMLmetadata/Rangeland_L04-035_S03percent_G54percent_ASDFRa_AREF.html","https://crustal.usgs.gov/speclab/data/ZIPrecords/ZIPdata_splib07a/ChapterV_Vegetation/splib07a_Rangeland_L04-035_S03percent_G54percent_ASDFRa_AREF.zip"]
["Grass-FescueWheatg_YNP-FW-1_AVIRISb_RTGC.html","https://crustal.usgs.gov/speclab/data/HTMLmetadata/Grass-FescueWheatg_YNP-FW-1_AVIRISb_RTGC.html","https://crustal.usgs.gov/speclab/data/ZIPrecords/ZIPdata_splib07a/ChapterV_Vegetation/splib07a_Grass-FescueWheatg_YNP-FW-1_AVIRISb_RTGC.zip"]
["Maple_Leaves_DW92-1_BECKa","https://crustal.usgs.gov/speclab/data/HTMLmetadata/Maple_Leaves_DW92-1_BECKa_AREF.html","https://crustal.usgs.gov/speclab/data/ZIPrecords/ZIPdata_splib07a/ChapterV_Vegetation/splib07a_Maple_Leaves_DW92-1_BECKa_AREF.zip"]
["Marsh_water75percent..._CRMS322v84_ASDFRa","https://crustal.usgs.gov/speclab/data/HTMLmetadata/Marsh_water75percent..._CRMS322v84_ASDFRa_AREF.html","https://crustal.usgs.gov/speclab/data/ZIPrecords/ZIPdata_splib07a/ChapterV_Vegetation/splib07a_Marsh_water75percent..._CRMS322v84_ASDFRa_AREF.zip"]
["Rangeland_C03-074_S24percent_G16percent_ASDFRa","https://crustal.usgs.gov/speclab/data/HTMLmetadata/Rangeland_C03-074_S24percent_G16percent_ASDFRa_AREF.html","https://crustal.usgs.gov/speclab/data/ZIPrecords/ZIPdata_splib07a/ChapterV_Vegetation/splib07a_Rangeland_C03-074_S24percent_G16percent_ASDFRa_AREF.zip"]
["Rangeland_L02-057_S01percent_G47percent_ASDFRa","https://crustal.usgs.gov/speclab/data/HTMLmetadata/Rangeland_L02-057_S01percent_G47percent_ASDFRa_AREF.html","https://crustal.usgs.gov/speclab/data/ZIPrecords/ZIPdata_splib07a/ChapterV_Vegetation/splib07a_Rangeland_L02-057_S01percent_G47percent_ASDFRa_AREF.zip"]
["Buckbrush_CA01-CECU-1_bush_1_ASDFRa","https://crustal.usgs.gov/speclab/data/HTMLmetadata/Buckbrush_CA01-CECU-1_bush_1_ASDFRa_AREF.html","https://crustal.usgs.gov/speclab/data/ZIPrecords/ZIPdata_splib07a/ChapterV_Vegetation/splib07a_Buckbrush_CA01-CECU-1_bush_1_ASDFRa_AREF.zip"]
["LeafySpurge_Spurge-B1-Oct97_ASDFRa","https://crustal.usgs.gov/speclab/data/HTMLmetadata/LeafySpurge_Spurge-B1-Oct97_ASDFRa_AREF.html","https://crustal.usgs.gov/speclab/data/ZIPrecords/ZIPdata_splib07a/ChapterV_Vegetation/splib07a_LeafySpurge_Spurge-B1-Oct97_ASDFRa_AREF.zip"]
["S.america._CRMS121v38_yellow_ASDFRa","https://crustal.usgs.gov/speclab/data/HTMLmetadata/S.america._CRMS121v38_yellow_ASDFRa_AREF.html","https://crustal.usgs.gov/speclab/data/ZIPrecords/ZIPdata_splib07a/ChapterV_Vegetation/splib07a_S.america._CRMS121v38_yellow_ASDFRa_AREF.zip"]
["Marsh_water55percent..._CRMS121v47_ASDFRa","https://crustal.usgs.gov/speclab/data/HTMLmetadata/Marsh_water55percent..._CRMS121v47_ASDFRa_AREF.html","https://crustal.usgs.gov/speclab/data/ZIPrecords/ZIPdata_splib07a/ChapterV_Vegetation/splib07a_Marsh_water55percent..._CRMS121v47_ASDFRa_AREF.zip"]
["Rangeland_C04-203_S21percent_G07percent_ASDFRa","https://crustal.usgs.gov/speclab/data/HTMLmetadata/Rangeland_C04-203_S21percent_G07percent_ASDFRa_AREF.html","https://crustal.usgs.gov/speclab/data/ZIPrecords/ZIPdata_splib07a/ChapterV_Vegetation/splib07a_Rangeland_C04-203_S21percent_G07percent_ASDFRa_AREF.zip"]
["Grass_dry.8+.2green_AMX31_BECKa","https://crustal.usgs.gov/speclab/data/HTMLmetadata/Grass_dry.8+.2green_AMX31_BECKa_AREF.html","https://crustal.usgs.gov/speclab/data/ZIPrecords/ZIPdata_splib07a/ChapterV_Vegetation/splib07a_Grass_dry.8+.2green_AMX31_BECKa_AREF.zip"]
["Aspen_Aspen-4_yellow-top_ASDFRa","https://crustal.usgs.gov/speclab/data/HTMLmetadata/Aspen_Aspen-4_yellow-top_ASDFRa_AREF.html","https://crustal.usgs.gov/speclab/data/ZIPrecords/ZIPdata_splib07a/ChapterV_Vegetation/splib07a_Aspen_Aspen-4_yellow-top_ASDFRa_AREF.zip"]
["Lawn_Grass_GDS91_green_BECKa","https://crustal.usgs.gov/speclab/data/HTMLmetadata/Lawn_Grass_GDS91_green_BECKa_AREF.html","https://crustal.usgs.gov/speclab/data/ZIPrecords/ZIPdata_splib07a/ChapterV_Vegetation/splib07a_Lawn_Grass_GDS91_green_BECKa_AREF.zip"]
["S.alternif._CRMS322v06_grn.a_ASDFRa","https://crustal.usgs.gov/speclab/data/HTMLmetadata/S.alternif._CRMS322v06_grn.a_ASDFRa_AREF.html","https://crustal.usgs.gov/speclab/data/ZIPrecords/ZIPdata_splib07a/ChapterV_Vegetation/splib07a_S.alternif._CRMS322v06_grn.a_ASDFRa_AREF.zip"]
["Marsh_water80percent..._CRMS121v23_ASDFRa","https://crustal.usgs.gov/speclab/data/HTMLmetadata/Marsh_water80percent..._CRMS121v23_ASDFRa_AREF.html","https://crustal.usgs.gov/speclab/data/ZIPrecords/ZIPdata_splib07a/ChapterV_Vegetation/splib07a_Marsh_water80percent..._CRMS121v23_ASDFRa_AREF.zip"]
["Rangeland_C04-154_S12percent_G10percent_ASDFRa","https://crustal.usgs.gov/speclab/data/HTMLmetadata/Rangeland_C04-154_S12percent_G10percent_ASDFRa_AREF.html","https://crustal.usgs.gov/speclab/data/ZIPrecords/ZIPdata_splib07a/ChapterV_Vegetation/splib07a_Rangeland_C04-154_S12percent_G10percent_ASDFRa_AREF.zip"]
["Rangeland_L04-096_S00percent_G45percent_ASDFRa","https://crustal.usgs.gov/speclab/data/HTMLmetadata/Rangeland_L04-096_S00percent_G45percent_ASDFRa_AREF.html","https://crustal.usgs.gov/speclab/data/ZIPrecords/ZIPdata_splib07a/ChapterV_Vegetation/splib07a_Rangeland_L04-096_S00percent_G45percent_ASDFRa_AREF.zip"]
["Flower_Platycodon-1_Purple_ASDFRa","https://crustal.usgs.gov/speclab/data/HTMLmetadata/Flower_Platycodon-1_Purple_ASDFRa_AREF.html","https://crustal.usgs.gov/speclab/data/ZIPrecords/ZIPdata_splib07a/ChapterV_Vegetation/splib07a_Flower_Platycodon-1_Purple_ASDFRa_AREF.zip"]
["Manzanita_CA01-ARVI-1_bush_1_ASDFRa","https://crustal.usgs.gov/speclab/data/HTMLmetadata/Manzanita_CA01-ARVI-1_bush_1_ASDFRa_AREF.html","https://crustal.usgs.gov/speclab/data/ZIPrecords/ZIPdata_splib07a/ChapterV_Vegetation/splib07a_Manzanita_CA01-ARVI-1_bush_1_ASDFRa_AREF.zip"]
["Marsh_SPAL50percent..._CRMS322v52_ASDFRa","https://crustal.usgs.gov/speclab/data/HTMLmetadata/Marsh_SPAL50percent..._CRMS322v52_ASDFRa_AREF.html","https://crustal.usgs.gov/speclab/data/ZIPrecords/ZIPdata_splib07a/ChapterV_Vegetation/splib07a_Marsh_SPAL50percent..._CRMS322v52_ASDFRa_AREF.zip"]
["Rangeland_C03-047_S09percent_G12percent_ASDFRa","https://crustal.usgs.gov/speclab/data/HTMLmetadata/Rangeland_C03-047_S09percent_G12percent_ASDFRa_AREF.html","https://crustal.usgs.gov/speclab/data/ZIPrecords/ZIPdata_splib07a/ChapterV_Vegetation/splib07a_Rangeland_C03-047_S09percent_G12percent_ASDFRa_AREF.zip"]
["Rangeland_L02-023_S01percent_G56percent_ASDFRa","https://crustal.usgs.gov/speclab/data/HTMLmetadata/Rangeland_L02-023_S01percent_G56percent_ASDFRa_AREF.html","https://crustal.usgs.gov/speclab/data/ZIPrecords/ZIPdata_splib07a/ChapterV_Vegetation/splib07a_Rangeland_L02-023_S01percent_G56percent_ASDFRa_AREF.zip"]
["Espruce-Sfir_YNP-SF-4_forst_AVIRISb_RTGC.html","https://crustal.usgs.gov/speclab/data/HTMLmetadata/Espruce-Sfir_YNP-SF-4_forst_AVIRISb_RTGC.html","https://crustal.usgs.gov/speclab/data/ZIPrecords/ZIPdata_splib07a/ChapterV_Vegetation/splib07a_Espruce-Sfir_YNP-SF-4_forst_AVIRISb_RTGC.zip"]
["Lodgepole-Pine_YNP-LP1-C_AVIRISb_RTGC.html","https://crustal.usgs.gov/speclab/data/HTMLmetadata/Lodgepole-Pine_YNP-LP1-C_AVIRISb_RTGC.html","https://crustal.usgs.gov/speclab/data/ZIPrecords/ZIPdata_splib07a/ChapterV_Vegetation/splib07a_Lodgepole-Pine_YNP-LP1-C_AVIRISb_RTGC.zip"]
["Willow_YNP-WI-1_AVIRISb_RTGC.html","https://crustal.usgs.gov/speclab/data/HTMLmetadata/Willow_YNP-WI-1_AVIRISb_RTGC.html","https://crustal.usgs.gov/speclab/data/ZIPrecords/ZIPdata_splib07a/ChapterV_Vegetation/splib07a_Willow_YNP-WI-1_AVIRISb_RTGC.zip"]
["Rangeland_C03-021_S11percent_G07percent_ASDFRa","https://crustal.usgs.gov/speclab/data/HTMLmetadata/Rangeland_C03-021_S11percent_G07percent_ASDFRa_AREF.html","https://crustal.usgs.gov/speclab/data/ZIPrecords/ZIPdata_splib07a/ChapterV_Vegetation/splib07a_Rangeland_C03-021_S11percent_G07percent_ASDFRa_AREF.zip"]
["Rangeland_C04-288_S19percent_G34percent_ASDFRa","https://crustal.usgs.gov/speclab/data/HTMLmetadata/Rangeland_C04-288_S19percent_G34percent_ASDFRa_AREF.html","https://crustal.usgs.gov/speclab/data/ZIPrecords/ZIPdata_splib07a/ChapterV_Vegetation/splib07a_Rangeland_C04-288_S19percent_G34percent_ASDFRa_AREF.zip"]
["Marsh_SCAM-DISP..CRMS326v71a_ASDFRa","https://crustal.usgs.gov/speclab/data/HTMLmetadata/Marsh_SCAM-DISP..CRMS326v71a_ASDFRa_AREF.html","https://crustal.usgs.gov/speclab/data/ZIPrecords/ZIPdata_splib07a/ChapterV_Vegetation/splib07a_Marsh_SCAM-DISP..CRMS326v71a_ASDFRa_AREF.zip"]
["Rangeland_C03-097_S07percent_G21percent_ASDFRa","https://crustal.usgs.gov/speclab/data/HTMLmetadata/Rangeland_C03-097_S07percent_G21percent_ASDFRa_AREF.html","https://crustal.usgs.gov/speclab/data/ZIPrecords/ZIPdata_splib07a/ChapterV_Vegetation/splib07a_Rangeland_C03-097_S07percent_G21percent_ASDFRa_AREF.zip"]
["Rangeland_L04-075A_S00percent_G49percent_ASDFRa","https://crustal.usgs.gov/speclab/data/HTMLmetadata/Rangeland_L04-075A_S00percent_G49percent_ASDFRa_AREF.html","https://crustal.usgs.gov/speclab/data/ZIPrecords/ZIPdata_splib07a/ChapterV_Vegetation/splib07a_Rangeland_L04-075A_S00percent_G49percent_ASDFRa_AREF.zip"]
["Douglas-Fir_YNP-DF-1_forest_AVIRISb_RTGC.html","https://crustal.usgs.gov/speclab/data/HTMLmetadata/Douglas-Fir_YNP-DF-1_forest_AVIRISb_RTGC.html","https://crustal.usgs.gov/speclab/data/ZIPrecords/ZIPdata_splib07a/ChapterV_Vegetation/splib07a_Douglas-Fir_YNP-DF-1_forest_AVIRISb_RTGC.zip"]
["Lodgepole-Pine_LP-Needles-2_ASDFRa","https://crustal.usgs.gov/speclab/data/HTMLmetadata/Lodgepole-Pine_LP-Needles-2_ASDFRa_AREF.html","https://crustal.usgs.gov/speclab/data/ZIPrecords/ZIPdata_splib07a/ChapterV_Vegetation/splib07a_Lodgepole-Pine_LP-Needles-2_ASDFRa_AREF.zip"]
["Tumbleweed_ANP92-2C_Dry_BECKa","https://crustal.usgs.gov/speclab/data/HTMLmetadata/Tumbleweed_ANP92-2C_Dry_BECKa_AREF.html","https://crustal.usgs.gov/speclab/data/ZIPrecords/ZIPdata_splib07a/ChapterV_Vegetation/splib07a_Tumbleweed_ANP92-2C_Dry_BECKa_AREF.zip"]
["Rangeland_C03-005_S25percent_G24percent_ASDFRa","https://crustal.usgs.gov/speclab/data/HTMLmetadata/Rangeland_C03-005_S25percent_G24percent_ASDFRa_AREF.html","https://crustal.usgs.gov/speclab/data/ZIPrecords/ZIPdata_splib07a/ChapterV_Vegetation/splib07a_Rangeland_C03-005_S25percent_G24percent_ASDFRa_AREF.zip"]
["Rangeland_C04-243A_S05percentG02percent_ASDFRa","https://crustal.usgs.gov/speclab/data/HTMLmetadata/Rangeland_C04-243A_S05percentG02percent_ASDFRa_AREF.html","https://crustal.usgs.gov/speclab/data/ZIPrecords/ZIPdata_splib07a/ChapterV_Vegetation/splib07a_Rangeland_C04-243A_S05percentG02percent_ASDFRa_AREF.zip"]
["Aspen_Aspen-1_green-top_ASDFRa","https://crustal.usgs.gov/speclab/data/HTMLmetadata/Aspen_Aspen-1_green-top_ASDFRa_AREF.html","https://crustal.usgs.gov/speclab/data/ZIPrecords/ZIPdata_splib07a/ChapterV_Vegetation/splib07a_Aspen_Aspen-1_green-top_ASDFRa_AREF.zip"]
["J.roemer._DWV1-0511d_NPV.a_ASDFRa","https://crustal.usgs.gov/speclab/data/HTMLmetadata/J.roemer._DWV1-0511d_NPV.a_ASDFRa_AREF.html","https://crustal.usgs.gov/speclab/data/ZIPrecords/ZIPdata_splib07a/ChapterV_Vegetation/splib07a_J.roemer._DWV1-0511d_NPV.a_ASDFRa_AREF.zip"]
["Pinon_Pine_ANP92-14A_needle_BECKa","https://crustal.usgs.gov/speclab/data/HTMLmetadata/Pinon_Pine_ANP92-14A_needle_BECKa_AREF.html","https://crustal.usgs.gov/speclab/data/ZIPrecords/ZIPdata_splib07a/ChapterV_Vegetation/splib07a_Pinon_Pine_ANP92-14A_needle_BECKa_AREF.zip"]
["Lichen_Acarospora-1_ASDFRb","https://crustal.usgs.gov/speclab/data/HTMLmetadata/Lichen_Acarospora-1_ASDFRb_AREF.html","https://crustal.usgs.gov/speclab/data/ZIPrecords/ZIPdata_splib07a/ChapterV_Vegetation/splib07a_Lichen_Acarospora-1_ASDFRb_AREF.zip"]
["Sagebrush_YNP-SS-2_AVIRISb_RTGC.html","https://crustal.usgs.gov/speclab/data/HTMLmetadata/Sagebrush_YNP-SS-2_AVIRISb_RTGC.html","https://crustal.usgs.gov/speclab/data/ZIPrecords/ZIPdata_splib07a/ChapterV_Vegetation/splib07a_Sagebrush_YNP-SS-2_AVIRISb_RTGC.zip"]
["Marsh_sediment_DWV3-0511_dry_ASDFRa","https://crustal.usgs.gov/speclab/data/HTMLmetadata/Marsh_sediment_DWV3-0511_dry_ASDFRa_AREF.html","https://crustal.usgs.gov/speclab/data/ZIPrecords/ZIPdata_splib07a/ChapterV_Vegetation/splib07a_Marsh_sediment_DWV3-0511_dry_ASDFRa_AREF.zip"]
["Rangeland_C04-211_S03percent_G16percent_ASDFRa","https://crustal.usgs.gov/speclab/data/HTMLmetadata/Rangeland_C04-211_S03percent_G16percent_ASDFRa_AREF.html","https://crustal.usgs.gov/speclab/data/ZIPrecords/ZIPdata_splib07a/ChapterV_Vegetation/splib07a_Rangeland_C04-211_S03percent_G16percent_ASDFRa_AREF.zip"]
["LawnGrass_GDS91b_+1shft_3nm_BECKa","https://crustal.usgs.gov/speclab/data/HTMLmetadata/LawnGrass_GDS91b_+1shft_3nm_BECKa_AREF.html","https://crustal.usgs.gov/speclab/data/ZIPrecords/ZIPdata_splib07a/ChapterV_Vegetation/splib07a_LawnGrass_GDS91b_+1shft_3nm_BECKa_AREF.zip"]
["Gray-Pine_CA01-PISA-1_branch_ASDFRa","https://crustal.usgs.gov/speclab/data/HTMLmetadata/Gray-Pine_CA01-PISA-1_branch_ASDFRa_AREF.html","https://crustal.usgs.gov/speclab/data/ZIPrecords/ZIPdata_splib07a/ChapterV_Vegetation/splib07a_Gray-Pine_CA01-PISA-1_branch_ASDFRa_AREF.zip"]
["Oak_QUDU_CA01-QUDU-2_bush_2_ASDFRa","https://crustal.usgs.gov/speclab/data/HTMLmetadata/Oak_QUDU_CA01-QUDU-2_bush_2_ASDFRa_AREF.html","https://crustal.usgs.gov/speclab/data/ZIPrecords/ZIPdata_splib07a/ChapterV_Vegetation/splib07a_Oak_QUDU_CA01-QUDU-2_bush_2_ASDFRa_AREF.zip"]
["Marsh_SCAM50percent...._CRMS326v48_ASDFRa","https://crustal.usgs.gov/speclab/data/HTMLmetadata/Marsh_SCAM50percent...._CRMS326v48_ASDFRa_AREF.html","https://crustal.usgs.gov/speclab/data/ZIPrecords/ZIPdata_splib07a/ChapterV_Vegetation/splib07a_Marsh_SCAM50percent...._CRMS326v48_ASDFRa_AREF.zip"]
["Rangeland_C03-081_S07percent_G23percent_ASDFRa","https://crustal.usgs.gov/speclab/data/HTMLmetadata/Rangeland_C03-081_S07percent_G23percent_ASDFRa_AREF.html","https://crustal.usgs.gov/speclab/data/ZIPrecords/ZIPdata_splib07a/ChapterV_Vegetation/splib07a_Rangeland_C03-081_S07percent_G23percent_ASDFRa_AREF.zip"]
["Rangeland_L02-068A_S00percent_G38percent_ASDFRa","https://crustal.usgs.gov/speclab/data/HTMLmetadata/Rangeland_L02-068A_S00percent_G38percent_ASDFRa_AREF.html","https://crustal.usgs.gov/speclab/data/ZIPrecords/ZIPdata_splib07a/ChapterV_Vegetation/splib07a_Rangeland_L02-068A_S00percent_G38percent_ASDFRa_AREF.zip"]
["Cattail_YNP-CT-1_AVIRISb_RTGC.html","https://crustal.usgs.gov/speclab/data/HTMLmetadata/Cattail_YNP-CT-1_AVIRISb_RTGC.html","https://crustal.usgs.gov/speclab/data/ZIPrecords/ZIPdata_splib07a/ChapterV_Vegetation/splib07a_Cattail_YNP-CT-1_AVIRISb_RTGC.zip"]
["Rangeland_C03-068_S05percent_G43percent_ASDFRa","https://crustal.usgs.gov/speclab/data/HTMLmetadata/Rangeland_C03-068_S05percent_G43percent_ASDFRa_AREF.html","https://crustal.usgs.gov/speclab/data/ZIPrecords/ZIPdata_splib07a/ChapterV_Vegetation/splib07a_Rangeland_C03-068_S05percent_G43percent_ASDFRa_AREF.zip"]
["Rangeland_L02-045_S01percent_G04percent_ASDFRa","https://crustal.usgs.gov/speclab/data/HTMLmetadata/Rangeland_L02-045_S01percent_G04percent_ASDFRa_AREF.html","https://crustal.usgs.gov/speclab/data/ZIPrecords/ZIPdata_splib07a/ChapterV_Vegetation/splib07a_Rangeland_L02-045_S01percent_G04percent_ASDFRa_AREF.zip"]
["Bacterial_mat_YNP-B1_AVIRISb_RTGC.html","https://crustal.usgs.gov/speclab/data/HTMLmetadata/Bacterial_mat_YNP-B1_AVIRISb_RTGC.html","https://crustal.usgs.gov/speclab/data/ZIPrecords/ZIPdata_splib07a/ChapterV_Vegetation/splib07a_Bacterial_mat_YNP-B1_AVIRISb_RTGC.zip"]
["LeafySpurge_Spurge-A1-Sep97_ASDFRa","https://crustal.usgs.gov/speclab/data/HTMLmetadata/LeafySpurge_Spurge-A1-Sep97_ASDFRa_AREF.html","https://crustal.usgs.gov/speclab/data/ZIPrecords/ZIPdata_splib07a/ChapterV_Vegetation/splib07a_LeafySpurge_Spurge-A1-Sep97_ASDFRa_AREF.zip"]
["S.altern._DWV6a4-0511_gray.a_ASDFRa","https://crustal.usgs.gov/speclab/data/HTMLmetadata/S.altern._DWV6a4-0511_gray.a_ASDFRa_AREF.html","https://crustal.usgs.gov/speclab/data/ZIPrecords/ZIPdata_splib07a/ChapterV_Vegetation/splib07a_S.altern._DWV6a4-0511_gray.a_ASDFRa_AREF.zip"]
["Marsh_SCAM77percent..._CRMS121v34_ASDFRa","https://crustal.usgs.gov/speclab/data/HTMLmetadata/Marsh_SCAM77percent..._CRMS121v34_ASDFRa_AREF.html","https://crustal.usgs.gov/speclab/data/ZIPrecords/ZIPdata_splib07a/ChapterV_Vegetation/splib07a_Marsh_SCAM77percent..._CRMS121v34_ASDFRa_AREF.zip"]
["Rangeland_C04-175_S06percent_G23percent_ASDFRa","https://crustal.usgs.gov/speclab/data/HTMLmetadata/Rangeland_C04-175_S06percent_G23percent_ASDFRa_AREF.html","https://crustal.usgs.gov/speclab/data/ZIPrecords/ZIPdata_splib07a/ChapterV_Vegetation/splib07a_Rangeland_C04-175_S06percent_G23percent_ASDFRa_AREF.zip"]
["Grass_dry.5+.5green_AMX28_BECKa","https://crustal.usgs.gov/speclab/data/HTMLmetadata/Grass_dry.5+.5green_AMX28_BECKa_AREF.html","https://crustal.usgs.gov/speclab/data/ZIPrecords/ZIPdata_splib07a/ChapterV_Vegetation/splib07a_Grass_dry.5+.5green_AMX28_BECKa_AREF.zip"]
["Grass_CA01-TACA-1_meadow_NPV_ASDFRa","https://crustal.usgs.gov/speclab/data/HTMLmetadata/Grass_CA01-TACA-1_meadow_NPV_ASDFRa_AREF.html","https://crustal.usgs.gov/speclab/data/ZIPrecords/ZIPdata_splib07a/ChapterV_Vegetation/splib07a_Grass_CA01-TACA-1_meadow_NPV_ASDFRa_AREF.zip"]
["Manzanita_CA01-ARVI-5_bush_5_ASDFRa","https://crustal.usgs.gov/speclab/data/HTMLmetadata/Manzanita_CA01-ARVI-5_bush_5_ASDFRa_AREF.html","https://crustal.usgs.gov/speclab/data/ZIPrecords/ZIPdata_splib07a/ChapterV_Vegetation/splib07a_Manzanita_CA01-ARVI-5_bush_5_ASDFRa_AREF.zip"]
["Marsh_SPAL92percent...a_CRMS322v78_ASDFRa","https://crustal.usgs.gov/speclab/data/HTMLmetadata/Marsh_SPAL92percent...a_CRMS322v78_ASDFRa_AREF.html","https://crustal.usgs.gov/speclab/data/ZIPrecords/ZIPdata_splib07a/ChapterV_Vegetation/splib07a_Marsh_SPAL92percent...a_CRMS322v78_ASDFRa_AREF.zip"]
["Flower_Petunia-1_Pink_ASDFRa","https://crustal.usgs.gov/speclab/data/HTMLmetadata/Flower_Petunia-1_Pink_ASDFRa_AREF.html","https://crustal.usgs.gov/speclab/data/ZIPrecords/ZIPdata_splib07a/ChapterV_Vegetation/splib07a_Flower_Petunia-1_Pink_ASDFRa_AREF.zip"]
["Lodgepole-Pine_YNP-LP3-A_AVIRISb_RTGC.html","https://crustal.usgs.gov/speclab/data/HTMLmetadata/Lodgepole-Pine_YNP-LP3-A_AVIRISb_RTGC.html","https://crustal.usgs.gov/speclab/data/ZIPrecords/ZIPdata_splib07a/ChapterV_Vegetation/splib07a_Lodgepole-Pine_YNP-LP3-A_AVIRISb_RTGC.zip"]
["Marsh_SPAL80percent...a_CRMS322v06_ASDFRa","https://crustal.usgs.gov/speclab/data/HTMLmetadata/Marsh_SPAL80percent...a_CRMS322v06_ASDFRa_AREF.html","https://crustal.usgs.gov/speclab/data/ZIPrecords/ZIPdata_splib07a/ChapterV_Vegetation/splib07a_Marsh_SPAL80percent...a_CRMS322v06_ASDFRa_AREF.zip"]
["Rangeland_C03-032_S34percent_G15percent_ASDFRa","https://crustal.usgs.gov/speclab/data/HTMLmetadata/Rangeland_C03-032_S34percent_G15percent_ASDFRa_AREF.html","https://crustal.usgs.gov/speclab/data/ZIPrecords/ZIPdata_splib07a/ChapterV_Vegetation/splib07a_Rangeland_C03-032_S34percent_G15percent_ASDFRa_AREF.zip"]
["Rangeland_L02-015_S01percent_G35percent_ASDFRa","https://crustal.usgs.gov/speclab/data/HTMLmetadata/Rangeland_L02-015_S01percent_G35percent_ASDFRa_AREF.html","https://crustal.usgs.gov/speclab/data/ZIPrecords/ZIPdata_splib07a/ChapterV_Vegetation/splib07a_Rangeland_L02-015_S01percent_G35percent_ASDFRa_AREF.zip"]
["Rangeland_C04-264_S09percent_G18percent_ASDFRa","https://crustal.usgs.gov/speclab/data/HTMLmetadata/Rangeland_C04-264_S09percent_G18percent_ASDFRa_AREF.html","https://crustal.usgs.gov/speclab/data/ZIPrecords/ZIPdata_splib07a/ChapterV_Vegetation/splib07a_Rangeland_C04-264_S09percent_G18percent_ASDFRa_AREF.zip"]
["Espruce-Sfir_YNP-SF-1_forst_AVIRISb_RTGC.html","https://crustal.usgs.gov/speclab/data/HTMLmetadata/Espruce-Sfir_YNP-SF-1_forst_AVIRISb_RTGC.html","https://crustal.usgs.gov/speclab/data/ZIPrecords/ZIPdata_splib07a/ChapterV_Vegetation/splib07a_Espruce-Sfir_YNP-SF-1_forst_AVIRISb_RTGC.zip"]
["Lodgepole-Pine_YNP-LP0-VIG_AVIRISb_RTGC.html","https://crustal.usgs.gov/speclab/data/HTMLmetadata/Lodgepole-Pine_YNP-LP0-VIG_AVIRISb_RTGC.html","https://crustal.usgs.gov/speclab/data/ZIPrecords/ZIPdata_splib07a/ChapterV_Vegetation/splib07a_Lodgepole-Pine_YNP-LP0-VIG_AVIRISb_RTGC.zip"]
["WhitebarkPine_YNP-WB-1_frst_AVIRISb_RTGC.html","https://crustal.usgs.gov/speclab/data/HTMLmetadata/WhitebarkPine_YNP-WB-1_frst_AVIRISb_RTGC.html","https://crustal.usgs.gov/speclab/data/ZIPrecords/ZIPdata_splib07a/ChapterV_Vegetation/splib07a_WhitebarkPine_YNP-WB-1_frst_AVIRISb_RTGC.zip"]
["Rangeland_C03-014_S26percent_G25percent_ASDFRa","https://crustal.usgs.gov/speclab/data/HTMLmetadata/Rangeland_C03-014_S26percent_G25percent_ASDFRa_AREF.html","https://crustal.usgs.gov/speclab/data/ZIPrecords/ZIPdata_splib07a/ChapterV_Vegetation/splib07a_Rangeland_C03-014_S26percent_G25percent_ASDFRa_AREF.zip"]
["Cheatgrass_ANPC1_field_calib_ASDFRa","https://crustal.usgs.gov/speclab/data/HTMLmetadata/Cheatgrass_ANPC1_field_calib_ASDFRa_AREF.html","https://crustal.usgs.gov/speclab/data/ZIPrecords/ZIPdata_splib07a/ChapterV_Vegetation/splib07a_Cheatgrass_ANPC1_field_calib_ASDFRa_AREF.zip"]
["Lichen_Xanthoparmelia-2_ASDFRb","https://crustal.usgs.gov/speclab/data/HTMLmetadata/Lichen_Xanthoparmelia-2_ASDFRb_AREF.html","https://crustal.usgs.gov/speclab/data/ZIPrecords/ZIPdata_splib07a/ChapterV_Vegetation/splib07a_Lichen_Xanthoparmelia-2_ASDFRb_AREF.zip"]
["Sedge_YNP-SE-1_AVIRISb_RTGC.html","https://crustal.usgs.gov/speclab/data/HTMLmetadata/Sedge_YNP-SE-1_AVIRISb_RTGC.html","https://crustal.usgs.gov/speclab/data/ZIPrecords/ZIPdata_splib07a/ChapterV_Vegetation/splib07a_Sedge_YNP-SE-1_AVIRISb_RTGC.zip"]
["Marsh_water_CRMS121v69-glint_ASDFRa","https://crustal.usgs.gov/speclab/data/HTMLmetadata/Marsh_water_CRMS121v69-glint_ASDFRa_AREF.html","https://crustal.usgs.gov/speclab/data/ZIPrecords/ZIPdata_splib07a/ChapterV_Vegetation/splib07a_Marsh_water_CRMS121v69-glint_ASDFRa_AREF.zip"]
["Rangeland_C04-233_S16percent_G06percent_ASDFRa","https://crustal.usgs.gov/speclab/data/HTMLmetadata/Rangeland_C04-233_S16percent_G06percent_ASDFRa_AREF.html","https://crustal.usgs.gov/speclab/data/ZIPrecords/ZIPdata_splib07a/ChapterV_Vegetation/splib07a_Rangeland_C04-233_S16percent_G06percent_ASDFRa_AREF.zip"]
["Stonwll_Ply+.1grnGrass_AMX33_BECKa","https://crustal.usgs.gov/speclab/data/HTMLmetadata/Stonwll_Ply+.1grnGrass_AMX33_BECKa_AREF.html","https://crustal.usgs.gov/speclab/data/ZIPrecords/ZIPdata_splib07a/ChapterV_Vegetation/splib07a_Stonwll_Ply+.1grnGrass_AMX33_BECKa_AREF.zip"]
["J.roemer._DWV1-0511a_gr.a_ASDFRa","https://crustal.usgs.gov/speclab/data/HTMLmetadata/J.roemer._DWV1-0511a_gr.a_ASDFRa_AREF.html","https://crustal.usgs.gov/speclab/data/ZIPrecords/ZIPdata_splib07a/ChapterV_Vegetation/splib07a_J.roemer._DWV1-0511a_gr.a_ASDFRa_AREF.zip"]
["P.austr._DWO-3-DEL-2b_grn.a_ASDFRa","https://crustal.usgs.gov/speclab/data/HTMLmetadata/P.austr._DWO-3-DEL-2b_grn.a_ASDFRa_AREF.html","https://crustal.usgs.gov/speclab/data/ZIPrecords/ZIPdata_splib07a/ChapterV_Vegetation/splib07a_P.austr._DWO-3-DEL-2b_grn.a_ASDFRa_AREF.zip"]
["Marsh_DISP60percent...._CRMS326v59_ASDFRa","https://crustal.usgs.gov/speclab/data/HTMLmetadata/Marsh_DISP60percent...._CRMS326v59_ASDFRa_AREF.html","https://crustal.usgs.gov/speclab/data/ZIPrecords/ZIPdata_splib07a/ChapterV_Vegetation/splib07a_Marsh_DISP60percent...._CRMS326v59_ASDFRa_AREF.zip"]
["Rangeland_C03-090_S14percent_G31percent_ASDFRa","https://crustal.usgs.gov/speclab/data/HTMLmetadata/Rangeland_C03-090_S14percent_G31percent_ASDFRa_AREF.html","https://crustal.usgs.gov/speclab/data/ZIPrecords/ZIPdata_splib07a/ChapterV_Vegetation/splib07a_Rangeland_C03-090_S14percent_G31percent_ASDFRa_AREF.zip"]
["Rangeland_L04-047_S00percent_G47percent_ASDFRa","https://crustal.usgs.gov/speclab/data/HTMLmetadata/Rangeland_L04-047_S00percent_G47percent_ASDFRa_AREF.html","https://crustal.usgs.gov/speclab/data/ZIPrecords/ZIPdata_splib07a/ChapterV_Vegetation/splib07a_Rangeland_L04-047_S00percent_G47percent_ASDFRa_AREF.zip"]
["Grass_dry.9+.1green_AMX32_BECKa","https://crustal.usgs.gov/speclab/data/HTMLmetadata/Grass_dry.9+.1green_AMX32_BECKa_AREF.html","https://crustal.usgs.gov/speclab/data/ZIPrecords/ZIPdata_splib07a/ChapterV_Vegetation/splib07a_Grass_dry.9+.1green_AMX32_BECKa_AREF.zip"]
["Grass-FescueWheatg_YNP-FW-2_AVIRISb_RTGC.html","https://crustal.usgs.gov/speclab/data/HTMLmetadata/Grass-FescueWheatg_YNP-FW-2_AVIRISb_RTGC.html","https://crustal.usgs.gov/speclab/data/ZIPrecords/ZIPdata_splib07a/ChapterV_Vegetation/splib07a_Grass-FescueWheatg_YNP-FW-2_AVIRISb_RTGC.zip"]
["Oak_Oak-Leaf-1_fresh_ASDFRa","https://crustal.usgs.gov/speclab/data/HTMLmetadata/Oak_Oak-Leaf-1_fresh_ASDFRa_AREF.html","https://crustal.usgs.gov/speclab/data/ZIPrecords/ZIPdata_splib07a/ChapterV_Vegetation/splib07a_Oak_Oak-Leaf-1_fresh_ASDFRa_AREF.zip"]
["Marsh_SPPA55percent...a_CRMS326v02_ASDFRa","https://crustal.usgs.gov/speclab/data/HTMLmetadata/Marsh_SPPA55percent...a_CRMS326v02_ASDFRa_AREF.html","https://crustal.usgs.gov/speclab/data/ZIPrecords/ZIPdata_splib07a/ChapterV_Vegetation/splib07a_Marsh_SPPA55percent...a_CRMS326v02_ASDFRa_AREF.zip"]
["Rangeland_C03-076_S13percent_G13percent_ASDFRa","https://crustal.usgs.gov/speclab/data/HTMLmetadata/Rangeland_C03-076_S13percent_G13percent_ASDFRa_AREF.html","https://crustal.usgs.gov/speclab/data/ZIPrecords/ZIPdata_splib07a/ChapterV_Vegetation/splib07a_Rangeland_C03-076_S13percent_G13percent_ASDFRa_AREF.zip"]
["Rangeland_L02-058_S00percent_G25percent_ASDFRa","https://crustal.usgs.gov/speclab/data/HTMLmetadata/Rangeland_L02-058_S00percent_G25percent_ASDFRa_AREF.html","https://crustal.usgs.gov/speclab/data/ZIPrecords/ZIPdata_splib07a/ChapterV_Vegetation/splib07a_Rangeland_L02-058_S00percent_G25percent_ASDFRa_AREF.zip"]
["Buckbrush_CA01-CECU-2_bush_2_ASDFRa","https://crustal.usgs.gov/speclab/data/HTMLmetadata/Buckbrush_CA01-CECU-2_bush_2_ASDFRa_AREF.html","https://crustal.usgs.gov/speclab/data/ZIPrecords/ZIPdata_splib07a/ChapterV_Vegetation/splib07a_Buckbrush_CA01-CECU-2_bush_2_ASDFRa_AREF.zip"]
["LeafySpurge_Spurge-B2-Jul98_ASDFRa","https://crustal.usgs.gov/speclab/data/HTMLmetadata/LeafySpurge_Spurge-B2-Jul98_ASDFRa_AREF.html","https://crustal.usgs.gov/speclab/data/ZIPrecords/ZIPdata_splib07a/ChapterV_Vegetation/splib07a_LeafySpurge_Spurge-B2-Jul98_ASDFRa_AREF.zip"]
["Sagebrush_IH91-1B_BECKa","https://crustal.usgs.gov/speclab/data/HTMLmetadata/Sagebrush_IH91-1B_BECKa_AREF.html","https://crustal.usgs.gov/speclab/data/ZIPrecords/ZIPdata_splib07a/ChapterV_Vegetation/splib07a_Sagebrush_IH91-1B_BECKa_AREF.zip"]
["Marsh_SCAM71percent..._CRMS121v49_ASDFRa","https://crustal.usgs.gov/speclab/data/HTMLmetadata/Marsh_SCAM71percent..._CRMS121v49_ASDFRa_AREF.html","https://crustal.usgs.gov/speclab/data/ZIPrecords/ZIPdata_splib07a/ChapterV_Vegetation/splib07a_Marsh_SCAM71percent..._CRMS121v49_ASDFRa_AREF.zip"]
["Rangeland_C04-204_S24percent_G06percent_ASDFRa","https://crustal.usgs.gov/speclab/data/HTMLmetadata/Rangeland_C04-204_S24percent_G06percent_ASDFRa_AREF.html","https://crustal.usgs.gov/speclab/data/ZIPrecords/ZIPdata_splib07a/ChapterV_Vegetation/splib07a_Rangeland_C04-204_S24percent_G06percent_ASDFRa_AREF.zip"]
["Aspen_Leaf-A_DW92-2_BECKa","https://crustal.usgs.gov/speclab/data/HTMLmetadata/Aspen_Leaf-A_DW92-2_BECKa_AREF.html","https://crustal.usgs.gov/speclab/data/ZIPrecords/ZIPdata_splib07a/ChapterV_Vegetation/splib07a_Aspen_Leaf-A_DW92-2_BECKa_AREF.zip"]
["LeafySpurge_Spurge-A1-Jul98_ASDFRa","https://crustal.usgs.gov/speclab/data/HTMLmetadata/LeafySpurge_Spurge-A1-Jul98_ASDFRa_AREF.html","https://crustal.usgs.gov/speclab/data/ZIPrecords/ZIPdata_splib07a/ChapterV_Vegetation/splib07a_LeafySpurge_Spurge-A1-Jul98_ASDFRa_AREF.zip"]
["S.alterniflora_CRMS322_NPV_ASDFRa","https://crustal.usgs.gov/speclab/data/HTMLmetadata/S.alterniflora_CRMS322_NPV_ASDFRa_AREF.html","https://crustal.usgs.gov/speclab/data/ZIPrecords/ZIPdata_splib07a/ChapterV_Vegetation/splib07a_S.alterniflora_CRMS322_NPV_ASDFRa_AREF.zip"]
["Marsh_SCAM45percent..._CRMS121v28_ASDFRa","https://crustal.usgs.gov/speclab/data/HTMLmetadata/Marsh_SCAM45percent..._CRMS121v28_ASDFRa_AREF.html","https://crustal.usgs.gov/speclab/data/ZIPrecords/ZIPdata_splib07a/ChapterV_Vegetation/splib07a_Marsh_SCAM45percent..._CRMS121v28_ASDFRa_AREF.zip"]
["Rangeland_C04-155A_S03percent_G38percent_ASDFRa","https://crustal.usgs.gov/speclab/data/HTMLmetadata/Rangeland_C04-155A_S03percent_G38percent_ASDFRa_AREF.html","https://crustal.usgs.gov/speclab/data/ZIPrecords/ZIPdata_splib07a/ChapterV_Vegetation/splib07a_Rangeland_C04-155A_S03percent_G38percent_ASDFRa_AREF.zip"]
["Antigorite+.2DryGrass_AMX26_ASDFRa","https://crustal.usgs.gov/speclab/data/HTMLmetadata/Antigorite+.2DryGrass_AMX26_ASDFRa_AREF.html","https://crustal.usgs.gov/speclab/data/ZIPrecords/ZIPdata_splib07a/ChapterV_Vegetation/splib07a_Antigorite+.2DryGrass_AMX26_ASDFRa_AREF.zip"]
["Flower_Platycodon-2_White_ASDFRa","https://crustal.usgs.gov/speclab/data/HTMLmetadata/Flower_Platycodon-2_White_ASDFRa_AREF.html","https://crustal.usgs.gov/speclab/data/ZIPrecords/ZIPdata_splib07a/ChapterV_Vegetation/splib07a_Flower_Platycodon-2_White_ASDFRa_AREF.zip"]
["Manzanita_CA01-ARVI-2_bush_2_ASDFRa","https://crustal.usgs.gov/speclab/data/HTMLmetadata/Manzanita_CA01-ARVI-2_bush_2_ASDFRa_AREF.html","https://crustal.usgs.gov/speclab/data/ZIPrecords/ZIPdata_splib07a/ChapterV_Vegetation/splib07a_Manzanita_CA01-ARVI-2_bush_2_ASDFRa_AREF.zip"]
["Marsh_SPAL50percent...a_CRMS322v52_ASDFRa","https://crustal.usgs.gov/speclab/data/HTMLmetadata/Marsh_SPAL50percent...a_CRMS322v52_ASDFRa_AREF.html","https://crustal.usgs.gov/speclab/data/ZIPrecords/ZIPdata_splib07a/ChapterV_Vegetation/splib07a_Marsh_SPAL50percent...a_CRMS322v52_ASDFRa_AREF.zip"]
["Rangeland_C03-050_S18percent_G12percent_ASDFRa","https://crustal.usgs.gov/speclab/data/HTMLmetadata/Rangeland_C03-050_S18percent_G12percent_ASDFRa_AREF.html","https://crustal.usgs.gov/speclab/data/ZIPrecords/ZIPdata_splib07a/ChapterV_Vegetation/splib07a_Rangeland_C03-050_S18percent_G12percent_ASDFRa_AREF.zip"]
["Rangeland_L02-025_S00percent_G21percent_ASDFRa","https://crustal.usgs.gov/speclab/data/HTMLmetadata/Rangeland_L02-025_S00percent_G21percent_ASDFRa_AREF.html","https://crustal.usgs.gov/speclab/data/ZIPrecords/ZIPdata_splib07a/ChapterV_Vegetation/splib07a_Rangeland_L02-025_S00percent_G21percent_ASDFRa_AREF.zip"]
["Espruce-Sfir_YNP-SF-5_forst_AVIRISb_RTGC.html","https://crustal.usgs.gov/speclab/data/HTMLmetadata/Espruce-Sfir_YNP-SF-5_forst_AVIRISb_RTGC.html","https://crustal.usgs.gov/speclab/data/ZIPrecords/ZIPdata_splib07a/ChapterV_Vegetation/splib07a_Espruce-Sfir_YNP-SF-5_forst_AVIRISb_RTGC.zip"]
["Lodgepole-Pine_YNP-LP1-D_AVIRISb_RTGC.html","https://crustal.usgs.gov/speclab/data/HTMLmetadata/Lodgepole-Pine_YNP-LP1-D_AVIRISb_RTGC.html","https://crustal.usgs.gov/speclab/data/ZIPrecords/ZIPdata_splib07a/ChapterV_Vegetation/splib07a_Lodgepole-Pine_YNP-LP1-D_AVIRISb_RTGC.zip"]
["Willow-Sedge-Mix_YNP-WS-1_AVIRISb_RTGC.html","https://crustal.usgs.gov/speclab/data/HTMLmetadata/Willow-Sedge-Mix_YNP-WS-1_AVIRISb_RTGC.html","https://crustal.usgs.gov/speclab/data/ZIPrecords/ZIPdata_splib07a/ChapterV_Vegetation/splib07a_Willow-Sedge-Mix_YNP-WS-1_AVIRISb_RTGC.zip"]
["Rangeland_C03-022_S12percent_G22percent_ASDFRa","https://crustal.usgs.gov/speclab/data/HTMLmetadata/Rangeland_C03-022_S12percent_G22percent_ASDFRa_AREF.html","https://crustal.usgs.gov/speclab/data/ZIPrecords/ZIPdata_splib07a/ChapterV_Vegetation/splib07a_Rangeland_C03-022_S12percent_G22percent_ASDFRa_AREF.zip"]
["Rangeland_C04-295_S17percent_G17percent_ASDFRa","https://crustal.usgs.gov/speclab/data/HTMLmetadata/Rangeland_C04-295_S17percent_G17percent_ASDFRa_AREF.html","https://crustal.usgs.gov/speclab/data/ZIPrecords/ZIPdata_splib07a/ChapterV_Vegetation/splib07a_Rangeland_C04-295_S17percent_G17percent_ASDFRa_AREF.zip"]
["Rabbitbrush_ANP92-27_BECKa","https://crustal.usgs.gov/speclab/data/HTMLmetadata/Rabbitbrush_ANP92-27_BECKa_AREF.html","https://crustal.usgs.gov/speclab/data/ZIPrecords/ZIPdata_splib07a/ChapterV_Vegetation/splib07a_Rabbitbrush_ANP92-27_BECKa_AREF.zip"]
["Marsh_SPPA35percent...a_CRMS326v81_ASDFRa","https://crustal.usgs.gov/speclab/data/HTMLmetadata/Marsh_SPPA35percent...a_CRMS326v81_ASDFRa_AREF.html","https://crustal.usgs.gov/speclab/data/ZIPrecords/ZIPdata_splib07a/ChapterV_Vegetation/splib07a_Marsh_SPPA35percent...a_CRMS326v81_ASDFRa_AREF.zip"]
["Rangeland_C04-151_S29percent_G05percent_ASDFRa","https://crustal.usgs.gov/speclab/data/HTMLmetadata/Rangeland_C04-151_S29percent_G05percent_ASDFRa_AREF.html","https://crustal.usgs.gov/speclab/data/ZIPrecords/ZIPdata_splib07a/ChapterV_Vegetation/splib07a_Rangeland_C04-151_S29percent_G05percent_ASDFRa_AREF.zip"]
["Rangeland_L04-091_S10percent_G11percent_ASDFRa","https://crustal.usgs.gov/speclab/data/HTMLmetadata/Rangeland_L04-091_S10percent_G11percent_ASDFRa_AREF.html","https://crustal.usgs.gov/speclab/data/ZIPrecords/ZIPdata_splib07a/ChapterV_Vegetation/splib07a_Rangeland_L04-091_S10percent_G11percent_ASDFRa_AREF.zip"]
["Douglas-Fir_YNP-DF-2_forest_AVIRISb_RTGC.html","https://crustal.usgs.gov/speclab/data/HTMLmetadata/Douglas-Fir_YNP-DF-2_forest_AVIRISb_RTGC.html","https://crustal.usgs.gov/speclab/data/ZIPrecords/ZIPdata_splib07a/ChapterV_Vegetation/splib07a_Douglas-Fir_YNP-DF-2_forest_AVIRISb_RTGC.zip"]
["Lodgepole-Pine_LP-Needles-3_ASDFRa","https://crustal.usgs.gov/speclab/data/HTMLmetadata/Lodgepole-Pine_LP-Needles-3_ASDFRa_AREF.html","https://crustal.usgs.gov/speclab/data/ZIPrecords/ZIPdata_splib07a/ChapterV_Vegetation/splib07a_Lodgepole-Pine_LP-Needles-3_ASDFRa_AREF.zip"]
["Walnut_Leaf_SUN_(Green)_BECKa","https://crustal.usgs.gov/speclab/data/HTMLmetadata/Walnut_Leaf_SUN_(Green)_BECKa_AREF.html","https://crustal.usgs.gov/speclab/data/ZIPrecords/ZIPdata_splib07a/ChapterV_Vegetation/splib07a_Walnut_Leaf_SUN_(Green)_BECKa_AREF.zip"]
["Rangeland_C03-006_S01percent_G39percent_ASDFRa","https://crustal.usgs.gov/speclab/data/HTMLmetadata/Rangeland_C03-006_S01percent_G39percent_ASDFRa_AREF.html","https://crustal.usgs.gov/speclab/data/ZIPrecords/ZIPdata_splib07a/ChapterV_Vegetation/splib07a_Rangeland_C03-006_S01percent_G39percent_ASDFRa_AREF.zip"]
["Rangeland_C04-251_S17percent_G07percent_ASDFRa","https://crustal.usgs.gov/speclab/data/HTMLmetadata/Rangeland_C04-251_S17percent_G07percent_ASDFRa_AREF.html","https://crustal.usgs.gov/speclab/data/ZIPrecords/ZIPdata_splib07a/ChapterV_Vegetation/splib07a_Rangeland_C04-251_S17percent_G07percent_ASDFRa_AREF.zip"]
["Aspen_Aspen-2_green-bottom_ASDFRa","https://crustal.usgs.gov/speclab/data/HTMLmetadata/Aspen_Aspen-2_green-bottom_ASDFRa_AREF.html","https://crustal.usgs.gov/speclab/data/ZIPrecords/ZIPdata_splib07a/ChapterV_Vegetation/splib07a_Aspen_Aspen-2_green-bottom_ASDFRa_AREF.zip"]
["J.roemer._DWV6a2-0511_NPV.a_ASDFRa","https://crustal.usgs.gov/speclab/data/HTMLmetadata/J.roemer._DWV6a2-0511_NPV.a_ASDFRa_AREF.html","https://crustal.usgs.gov/speclab/data/ZIPrecords/ZIPdata_splib07a/ChapterV_Vegetation/splib07a_J.roemer._DWV6a2-0511_NPV.a_ASDFRa_AREF.zip"]
["Chamise_CA01-ADFA-1_bush_1_ASDFRa","https://crustal.usgs.gov/speclab/data/HTMLmetadata/Chamise_CA01-ADFA-1_bush_1_ASDFRa_AREF.html","https://crustal.usgs.gov/speclab/data/ZIPrecords/ZIPdata_splib07a/ChapterV_Vegetation/splib07a_Chamise_CA01-ADFA-1_bush_1_ASDFRa_AREF.zip"]
["Lichen_Licedea-1_ASDFRb","https://crustal.usgs.gov/speclab/data/HTMLmetadata/Lichen_Licedea-1_ASDFRb_AREF.html","https://crustal.usgs.gov/speclab/data/ZIPrecords/ZIPdata_splib07a/ChapterV_Vegetation/splib07a_Lichen_Licedea-1_ASDFRb_AREF.zip"]
["Sagebrush_YNP-SS-3_AVIRISb_RTGC.html","https://crustal.usgs.gov/speclab/data/HTMLmetadata/Sagebrush_YNP-SS-3_AVIRISb_RTGC.html","https://crustal.usgs.gov/speclab/data/ZIPrecords/ZIPdata_splib07a/ChapterV_Vegetation/splib07a_Sagebrush_YNP-SS-3_AVIRISb_RTGC.zip"]
["Marsh_wrack_DWV1-0511_NPV.a_ASDFRa","https://crustal.usgs.gov/speclab/data/HTMLmetadata/Marsh_wrack_DWV1-0511_NPV.a_ASDFRa_AREF.html","https://crustal.usgs.gov/speclab/data/ZIPrecords/ZIPdata_splib07a/ChapterV_Vegetation/splib07a_Marsh_wrack_DWV1-0511_NPV.a_ASDFRa_AREF.zip"]
["Rangeland_C04-214_S03percent_G17percent_ASDFRa","https://crustal.usgs.gov/speclab/data/HTMLmetadata/Rangeland_C04-214_S03percent_G17percent_ASDFRa_AREF.html","https://crustal.usgs.gov/speclab/data/ZIPrecords/ZIPdata_splib07a/ChapterV_Vegetation/splib07a_Rangeland_C04-214_S03percent_G17percent_ASDFRa_AREF.zip"]
["LawnGrass_GDS91b_+const_1.0_BECKa","https://crustal.usgs.gov/speclab/data/HTMLmetadata/LawnGrass_GDS91b_+const_1.0_BECKa_AREF.html","https://crustal.usgs.gov/speclab/data/ZIPrecords/ZIPdata_splib07a/ChapterV_Vegetation/splib07a_LawnGrass_GDS91b_+const_1.0_BECKa_AREF.zip"]
["Gray-Pine_CA01-PISA-2_branch_ASDFRa","https://crustal.usgs.gov/speclab/data/HTMLmetadata/Gray-Pine_CA01-PISA-2_branch_ASDFRa_AREF.html","https://crustal.usgs.gov/speclab/data/ZIPrecords/ZIPdata_splib07a/ChapterV_Vegetation/splib07a_Gray-Pine_CA01-PISA-2_branch_ASDFRa_AREF.zip"]
["Oak_QUDU_CA01-QUDU-3_bush_3_ASDFRa","https://crustal.usgs.gov/speclab/data/HTMLmetadata/Oak_QUDU_CA01-QUDU-3_bush_3_ASDFRa_AREF.html","https://crustal.usgs.gov/speclab/data/ZIPrecords/ZIPdata_splib07a/ChapterV_Vegetation/splib07a_Oak_QUDU_CA01-QUDU-3_bush_3_ASDFRa_AREF.zip"]
["Marsh_SCAM-DISP..CRMS326v48a_ASDFRa","https://crustal.usgs.gov/speclab/data/HTMLmetadata/Marsh_SCAM-DISP..CRMS326v48a_ASDFRa_AREF.html","https://crustal.usgs.gov/speclab/data/ZIPrecords/ZIPdata_splib07a/ChapterV_Vegetation/splib07a_Marsh_SCAM-DISP..CRMS326v48a_ASDFRa_AREF.zip"]
["Rangeland_C03-085_S06percent_G24percent_ASDFRa","https://crustal.usgs.gov/speclab/data/HTMLmetadata/Rangeland_C03-085_S06percent_G24percent_ASDFRa_AREF.html","https://crustal.usgs.gov/speclab/data/ZIPrecords/ZIPdata_splib07a/ChapterV_Vegetation/splib07a_Rangeland_C03-085_S06percent_G24percent_ASDFRa_AREF.zip"]
["Rangeland_L02-069_S00percent_G99percent_ASDFRa","https://crustal.usgs.gov/speclab/data/HTMLmetadata/Rangeland_L02-069_S00percent_G99percent_ASDFRa_AREF.html","https://crustal.usgs.gov/speclab/data/ZIPrecords/ZIPdata_splib07a/ChapterV_Vegetation/splib07a_Rangeland_L02-069_S00percent_G99percent_ASDFRa_AREF.zip"]
["Marsh_SPAL70percent...a_CRMS322v79_ASDFRa","https://crustal.usgs.gov/speclab/data/HTMLmetadata/Marsh_SPAL70percent...a_CRMS322v79_ASDFRa_AREF.html","https://crustal.usgs.gov/speclab/data/ZIPrecords/ZIPdata_splib07a/ChapterV_Vegetation/splib07a_Marsh_SPAL70percent...a_CRMS322v79_ASDFRa_AREF.zip"]
["Rangeland_C03-070_S02percent_G31percent_ASDFRa","https://crustal.usgs.gov/speclab/data/HTMLmetadata/Rangeland_C03-070_S02percent_G31percent_ASDFRa_AREF.html","https://crustal.usgs.gov/speclab/data/ZIPrecords/ZIPdata_splib07a/ChapterV_Vegetation/splib07a_Rangeland_C03-070_S02percent_G31percent_ASDFRa_AREF.zip"]
["Rangeland_L02-046_S16percent_G20percent_ASDFRa","https://crustal.usgs.gov/speclab/data/HTMLmetadata/Rangeland_L02-046_S16percent_G20percent_ASDFRa_AREF.html","https://crustal.usgs.gov/speclab/data/ZIPrecords/ZIPdata_splib07a/ChapterV_Vegetation/splib07a_Rangeland_L02-046_S16percent_G20percent_ASDFRa_AREF.zip"]
["Blackbrush_ANP92-9A_leaves_BECKa","https://crustal.usgs.gov/speclab/data/HTMLmetadata/Blackbrush_ANP92-9A_leaves_BECKa_AREF.html","https://crustal.usgs.gov/speclab/data/ZIPrecords/ZIPdata_splib07a/ChapterV_Vegetation/splib07a_Blackbrush_ANP92-9A_leaves_BECKa_AREF.zip"]
["LeafySpurge_Spurge-A2-Jun98_ASDFRa","https://crustal.usgs.gov/speclab/data/HTMLmetadata/LeafySpurge_Spurge-A2-Jun98_ASDFRa_AREF.html","https://crustal.usgs.gov/speclab/data/ZIPrecords/ZIPdata_splib07a/ChapterV_Vegetation/splib07a_LeafySpurge_Spurge-A2-Jun98_ASDFRa_AREF.zip"]
["S.altern._DWV6b3-0511_NPV.a_ASDFRa","https://crustal.usgs.gov/speclab/data/HTMLmetadata/S.altern._DWV6b3-0511_NPV.a_ASDFRa_AREF.html","https://crustal.usgs.gov/speclab/data/ZIPrecords/ZIPdata_splib07a/ChapterV_Vegetation/splib07a_S.altern._DWV6b3-0511_NPV.a_ASDFRa_AREF.zip"]
["Marsh_SCAM81percent..._CRMS121v37_ASDFRa","https://crustal.usgs.gov/speclab/data/HTMLmetadata/Marsh_SCAM81percent..._CRMS121v37_ASDFRa_AREF.html","https://crustal.usgs.gov/speclab/data/ZIPrecords/ZIPdata_splib07a/ChapterV_Vegetation/splib07a_Marsh_SCAM81percent..._CRMS121v37_ASDFRa_AREF.zip"]
["Rangeland_C04-197_S17percent_G15percent_ASDFRa","https://crustal.usgs.gov/speclab/data/HTMLmetadata/Rangeland_C04-197_S17percent_G15percent_ASDFRa_AREF.html","https://crustal.usgs.gov/speclab/data/ZIPrecords/ZIPdata_splib07a/ChapterV_Vegetation/splib07a_Rangeland_C04-197_S17percent_G15percent_ASDFRa_AREF.zip"]
["Grass_dry.6+.4green_AMX29_BECKa","https://crustal.usgs.gov/speclab/data/HTMLmetadata/Grass_dry.6+.4green_AMX29_BECKa_AREF.html","https://crustal.usgs.gov/speclab/data/ZIPrecords/ZIPdata_splib07a/ChapterV_Vegetation/splib07a_Grass_dry.6+.4green_AMX29_BECKa_AREF.zip"]
["Grass_Golden_Dry_GDS480_ASDFRa","https://crustal.usgs.gov/speclab/data/HTMLmetadata/Grass_Golden_Dry_GDS480_ASDFRa_AREF.html","https://crustal.usgs.gov/speclab/data/ZIPrecords/ZIPdata_splib07a/ChapterV_Vegetation/splib07a_Grass_Golden_Dry_GDS480_ASDFRa_AREF.zip"]
["Manzanita_CA01-ARVI-6_bush_6_ASDFRa","https://crustal.usgs.gov/speclab/data/HTMLmetadata/Manzanita_CA01-ARVI-6_bush_6_ASDFRa_AREF.html","https://crustal.usgs.gov/speclab/data/ZIPrecords/ZIPdata_splib07a/ChapterV_Vegetation/splib07a_Manzanita_CA01-ARVI-6_bush_6_ASDFRa_AREF.zip"]
["Flower_Petunia-2_Purple_ASDFRa","https://crustal.usgs.gov/speclab/data/HTMLmetadata/Flower_Petunia-2_Purple_ASDFRa_AREF.html","https://crustal.usgs.gov/speclab/data/ZIPrecords/ZIPdata_splib07a/ChapterV_Vegetation/splib07a_Flower_Petunia-2_Purple_ASDFRa_AREF.zip"]
["Lodgepole-Pine_YNP-LP3-B_AVIRISb_RTGC.html","https://crustal.usgs.gov/speclab/data/HTMLmetadata/Lodgepole-Pine_YNP-LP3-B_AVIRISb_RTGC.html","https://crustal.usgs.gov/speclab/data/ZIPrecords/ZIPdata_splib07a/ChapterV_Vegetation/splib07a_Lodgepole-Pine_YNP-LP3-B_AVIRISb_RTGC.zip"]
["Marsh_SPAL70percent...a_CRMS322v16_ASDFRa","https://crustal.usgs.gov/speclab/data/HTMLmetadata/Marsh_SPAL70percent...a_CRMS322v16_ASDFRa_AREF.html","https://crustal.usgs.gov/speclab/data/ZIPrecords/ZIPdata_splib07a/ChapterV_Vegetation/splib07a_Marsh_SPAL70percent...a_CRMS322v16_ASDFRa_AREF.zip"]
["Rangeland_C03-037_S37percent_G13percent_ASDFRa","https://crustal.usgs.gov/speclab/data/HTMLmetadata/Rangeland_C03-037_S37percent_G13percent_ASDFRa_AREF.html","https://crustal.usgs.gov/speclab/data/ZIPrecords/ZIPdata_splib07a/ChapterV_Vegetation/splib07a_Rangeland_C03-037_S37percent_G13percent_ASDFRa_AREF.zip"]
["Rangeland_L02-019_S01percent_G06percent_ASDFRa","https://crustal.usgs.gov/speclab/data/HTMLmetadata/Rangeland_L02-019_S01percent_G06percent_ASDFRa_AREF.html","https://crustal.usgs.gov/speclab/data/ZIPrecords/ZIPdata_splib07a/ChapterV_Vegetation/splib07a_Rangeland_L02-019_S01percent_G06percent_ASDFRa_AREF.zip"]
["Rangeland_C03-017_S20percent_G19percent_ASDFRa","https://crustal.usgs.gov/speclab/data/HTMLmetadata/Rangeland_C03-017_S20percent_G19percent_ASDFRa_AREF.html","https://crustal.usgs.gov/speclab/data/ZIPrecords/ZIPdata_splib07a/ChapterV_Vegetation/splib07a_Rangeland_C03-017_S20percent_G19percent_ASDFRa_AREF.zip"]
["Rangeland_C04-272_S04percent_G36percent_ASDFRa","https://crustal.usgs.gov/speclab/data/HTMLmetadata/Rangeland_C04-272_S04percent_G36percent_ASDFRa_AREF.html","https://crustal.usgs.gov/speclab/data/ZIPrecords/ZIPdata_splib07a/ChapterV_Vegetation/splib07a_Rangeland_C04-272_S04percent_G36percent_ASDFRa_AREF.zip"]
["Espruce-Sfir_YNP-SF-2_forst_AVIRISb_RTGC.html","https://crustal.usgs.gov/speclab/data/HTMLmetadata/Espruce-Sfir_YNP-SF-2_forst_AVIRISb_RTGC.html","https://crustal.usgs.gov/speclab/data/ZIPrecords/ZIPdata_splib07a/ChapterV_Vegetation/splib07a_Espruce-Sfir_YNP-SF-2_forst_AVIRISb_RTGC.zip"]
["Lodgepole-Pine_YNP-LP1-A_AVIRISb_RTGC.html","https://crustal.usgs.gov/speclab/data/HTMLmetadata/Lodgepole-Pine_YNP-LP1-A_AVIRISb_RTGC.html","https://crustal.usgs.gov/speclab/data/ZIPrecords/ZIPdata_splib07a/ChapterV_Vegetation/splib07a_Lodgepole-Pine_YNP-LP1-A_AVIRISb_RTGC.zip"]
["WhitebarkPine_YNP-WB-2_frst_AVIRISb_RTGC.html","https://crustal.usgs.gov/speclab/data/HTMLmetadata/WhitebarkPine_YNP-WB-2_frst_AVIRISb_RTGC.html","https://crustal.usgs.gov/speclab/data/ZIPrecords/ZIPdata_splib07a/ChapterV_Vegetation/splib07a_WhitebarkPine_YNP-WB-2_frst_AVIRISb_RTGC.zip"]
["Rangeland_L04-058_S34percent_G25percent_ASDFRa","https://crustal.usgs.gov/speclab/data/HTMLmetadata/Rangeland_L04-058_S34percent_G25percent_ASDFRa_AREF.html","https://crustal.usgs.gov/speclab/data/ZIPrecords/ZIPdata_splib07a/ChapterV_Vegetation/splib07a_Rangeland_L04-058_S34percent_G25percent_ASDFRa_AREF.zip"]
["Conifer-Meadow-Mix_YNP-CM-1_AVIRISb_RTGC.html","https://crustal.usgs.gov/speclab/data/HTMLmetadata/Conifer-Meadow-Mix_YNP-CM-1_AVIRISb_RTGC.html","https://crustal.usgs.gov/speclab/data/ZIPrecords/ZIPdata_splib07a/ChapterV_Vegetation/splib07a_Conifer-Meadow-Mix_YNP-CM-1_AVIRISb_RTGC.zip"]
["Lichen_Xanthoria-1_ASDFRb","https://crustal.usgs.gov/speclab/data/HTMLmetadata/Lichen_Xanthoria-1_ASDFRb_AREF.html","https://crustal.usgs.gov/speclab/data/ZIPrecords/ZIPdata_splib07a/ChapterV_Vegetation/splib07a_Lichen_Xanthoria-1_ASDFRb_AREF.zip"]
["Spar.patens_CRMS322v06_grn.a_ASDFRa","https://crustal.usgs.gov/speclab/data/HTMLmetadata/Spar.patens_CRMS322v06_grn.a_ASDFRa_AREF.html","https://crustal.usgs.gov/speclab/data/ZIPrecords/ZIPdata_splib07a/ChapterV_Vegetation/splib07a_Spar.patens_CRMS322v06_grn.a_ASDFRa_AREF.zip"]
["MarshWater_CRMS121v69-NoGlnt_ASDFRa","https://crustal.usgs.gov/speclab/data/HTMLmetadata/MarshWater_CRMS121v69-NoGlnt_ASDFRa_AREF.html","https://crustal.usgs.gov/speclab/data/ZIPrecords/ZIPdata_splib07a/ChapterV_Vegetation/splib07a_MarshWater_CRMS121v69-NoGlnt_ASDFRa_AREF.zip"]
["Rangeland_C04-236_S20percent_G18percent_ASDFRa","https://crustal.usgs.gov/speclab/data/HTMLmetadata/Rangeland_C04-236_S20percent_G18percent_ASDFRa_AREF.html","https://crustal.usgs.gov/speclab/data/ZIPrecords/ZIPdata_splib07a/ChapterV_Vegetation/splib07a_Rangeland_C04-236_S20percent_G18percent_ASDFRa_AREF.zip"]
["Stonwll_Ply+.2grnGrass_AMX34_BECKa","https://crustal.usgs.gov/speclab/data/HTMLmetadata/Stonwll_Ply+.2grnGrass_AMX34_BECKa_AREF.html","https://crustal.usgs.gov/speclab/data/ZIPrecords/ZIPdata_splib07a/ChapterV_Vegetation/splib07a_Stonwll_Ply+.2grnGrass_AMX34_BECKa_AREF.zip"]
["J.roemer._DWV1-0511b_dkgrn.a_ASDFRa","https://crustal.usgs.gov/speclab/data/HTMLmetadata/J.roemer._DWV1-0511b_dkgrn.a_ASDFRa_AREF.html","https://crustal.usgs.gov/speclab/data/ZIPrecords/ZIPdata_splib07a/ChapterV_Vegetation/splib07a_J.roemer._DWV1-0511b_dkgrn.a_ASDFRa_AREF.zip"]
["P.austr._DWO-3-DEL-2c_stem.a_ASDFRa","https://crustal.usgs.gov/speclab/data/HTMLmetadata/P.austr._DWO-3-DEL-2c_stem.a_ASDFRa_AREF.html","https://crustal.usgs.gov/speclab/data/ZIPrecords/ZIPdata_splib07a/ChapterV_Vegetation/splib07a_P.austr._DWO-3-DEL-2c_stem.a_ASDFRa_AREF.zip"]
["Marsh_DISP80percent..._CRMS326v64_ASDFRa","https://crustal.usgs.gov/speclab/data/HTMLmetadata/Marsh_DISP80percent..._CRMS326v64_ASDFRa_AREF.html","https://crustal.usgs.gov/speclab/data/ZIPrecords/ZIPdata_splib07a/ChapterV_Vegetation/splib07a_Marsh_DISP80percent..._CRMS326v64_ASDFRa_AREF.zip"]
["Rangeland_C03-091_S30percent_G17percent_ASDFRa","https://crustal.usgs.gov/speclab/data/HTMLmetadata/Rangeland_C03-091_S30percent_G17percent_ASDFRa_AREF.html","https://crustal.usgs.gov/speclab/data/ZIPrecords/ZIPdata_splib07a/ChapterV_Vegetation/splib07a_Rangeland_C03-091_S30percent_G17percent_ASDFRa_AREF.zip"]
["Marsh_water40percent..._CRMS121v69_ASDFRa","https://crustal.usgs.gov/speclab/data/HTMLmetadata/Marsh_water40percent..._CRMS121v69_ASDFRa_AREF.html","https://crustal.usgs.gov/speclab/data/ZIPrecords/ZIPdata_splib07a/ChapterV_Vegetation/splib07a_Marsh_water40percent..._CRMS121v69_ASDFRa_AREF.zip"]
["Rangeland_C04-208_S15percent_G20percent_ASDFRa","https://crustal.usgs.gov/speclab/data/HTMLmetadata/Rangeland_C04-208_S15percent_G20percent_ASDFRa_AREF.html","https://crustal.usgs.gov/speclab/data/ZIPrecords/ZIPdata_splib07a/ChapterV_Vegetation/splib07a_Rangeland_C04-208_S15percent_G20percent_ASDFRa_AREF.zip"]
["Grass_dry.83+.17NaMont_AMX35_BECKb","https://crustal.usgs.gov/speclab/data/HTMLmetadata/Grass_dry.83+.17NaMont_AMX35_BECKb_AREF.html","https://crustal.usgs.gov/speclab/data/ZIPrecords/ZIPdata_splib07a/ChapterV_Vegetation/splib07a_Grass_dry.83+.17NaMont_AMX35_BECKb_AREF.zip"]
["Grass-FescueWheatg_YNP-FW-3_AVIRISb_RTGC.html","https://crustal.usgs.gov/speclab/data/HTMLmetadata/Grass-FescueWheatg_YNP-FW-3_AVIRISb_RTGC.html","https://crustal.usgs.gov/speclab/data/ZIPrecords/ZIPdata_splib07a/ChapterV_Vegetation/splib07a_Grass-FescueWheatg_YNP-FW-3_AVIRISb_RTGC.zip"]
["Oak_Oak-Leaf-2_dried_ASDFRa","https://crustal.usgs.gov/speclab/data/HTMLmetadata/Oak_Oak-Leaf-2_dried_ASDFRa_AREF.html","https://crustal.usgs.gov/speclab/data/ZIPrecords/ZIPdata_splib07a/ChapterV_Vegetation/splib07a_Oak_Oak-Leaf-2_dried_ASDFRa_AREF.zip"]
["Marsh_SPPA49percent...a_CRMS326v06_ASDFRa","https://crustal.usgs.gov/speclab/data/HTMLmetadata/Marsh_SPPA49percent...a_CRMS326v06_ASDFRa_AREF.html","https://crustal.usgs.gov/speclab/data/ZIPrecords/ZIPdata_splib07a/ChapterV_Vegetation/splib07a_Marsh_SPPA49percent...a_CRMS326v06_ASDFRa_AREF.zip"]
["Rangeland_C03-077_S09percent_G10percent_ASDFRa","https://crustal.usgs.gov/speclab/data/HTMLmetadata/Rangeland_C03-077_S09percent_G10percent_ASDFRa_AREF.html","https://crustal.usgs.gov/speclab/data/ZIPrecords/ZIPdata_splib07a/ChapterV_Vegetation/splib07a_Rangeland_C03-077_S09percent_G10percent_ASDFRa_AREF.zip"]
["Rangeland_L02-060_S00percent_G13percent_ASDFRa","https://crustal.usgs.gov/speclab/data/HTMLmetadata/Rangeland_L02-060_S00percent_G13percent_ASDFRa_AREF.html","https://crustal.usgs.gov/speclab/data/ZIPrecords/ZIPdata_splib07a/ChapterV_Vegetation/splib07a_Rangeland_L02-060_S00percent_G13percent_ASDFRa_AREF.zip"]
["Buckbrush_CA01-CECU-3_bush_3_ASDFRa","https://crustal.usgs.gov/speclab/data/HTMLmetadata/Buckbrush_CA01-CECU-3_bush_3_ASDFRa_AREF.html","https://crustal.usgs.gov/speclab/data/ZIPrecords/ZIPdata_splib07a/ChapterV_Vegetation/splib07a_Buckbrush_CA01-CECU-3_bush_3_ASDFRa_AREF.zip"]
["LeafySpurge_Spurge-B3-Jul98_ASDFRa","https://crustal.usgs.gov/speclab/data/HTMLmetadata/LeafySpurge_Spurge-B3-Jul98_ASDFRa_AREF.html","https://crustal.usgs.gov/speclab/data/ZIPrecords/ZIPdata_splib07a/ChapterV_Vegetation/splib07a_LeafySpurge_Spurge-B3-Jul98_ASDFRa_AREF.zip"]
["Sagebrush_Sage-Leaves-1_dry_ASDFRa","https://crustal.usgs.gov/speclab/data/HTMLmetadata/Sagebrush_Sage-Leaves-1_dry_ASDFRa_AREF.html","https://crustal.usgs.gov/speclab/data/ZIPrecords/ZIPdata_splib07a/ChapterV_Vegetation/splib07a_Sagebrush_Sage-Leaves-1_dry_ASDFRa_AREF.zip"]
["Aspen_Leaf-B_DW92-3_BECKa","https://crustal.usgs.gov/speclab/data/HTMLmetadata/Aspen_Leaf-B_DW92-3_BECKa_AREF.html","https://crustal.usgs.gov/speclab/data/ZIPrecords/ZIPdata_splib07a/ChapterV_Vegetation/splib07a_Aspen_Leaf-B_DW92-3_BECKa_AREF.zip"]
["LeafySpurge_Spurge-A1-Jun98_ASDFRa","https://crustal.usgs.gov/speclab/data/HTMLmetadata/LeafySpurge_Spurge-A1-Jun98_ASDFRa_AREF.html","https://crustal.usgs.gov/speclab/data/ZIPrecords/ZIPdata_splib07a/ChapterV_Vegetation/splib07a_LeafySpurge_Spurge-A1-Jun98_ASDFRa_AREF.zip"]
["S.altern._DWV1-0511_NPV.a_ASDFRa","https://crustal.usgs.gov/speclab/data/HTMLmetadata/S.altern._DWV1-0511_NPV.a_ASDFRa_AREF.html","https://crustal.usgs.gov/speclab/data/ZIPrecords/ZIPdata_splib07a/ChapterV_Vegetation/splib07a_S.altern._DWV1-0511_NPV.a_ASDFRa_AREF.zip"]
["Marsh_SCAM50percent..._CRMS121v32_ASDFRa","https://crustal.usgs.gov/speclab/data/HTMLmetadata/Marsh_SCAM50percent..._CRMS121v32_ASDFRa_AREF.html","https://crustal.usgs.gov/speclab/data/ZIPrecords/ZIPdata_splib07a/ChapterV_Vegetation/splib07a_Marsh_SCAM50percent..._CRMS121v32_ASDFRa_AREF.zip"]
["Rangeland_C04-166_S09percent_G10percent_ASDFRa","https://crustal.usgs.gov/speclab/data/HTMLmetadata/Rangeland_C04-166_S09percent_G10percent_ASDFRa_AREF.html","https://crustal.usgs.gov/speclab/data/ZIPrecords/ZIPdata_splib07a/ChapterV_Vegetation/splib07a_Rangeland_C04-166_S09percent_G10percent_ASDFRa_AREF.zip"]
["Antigorite+.33DryGrass_AMX25_ASDFRa","https://crustal.usgs.gov/speclab/data/HTMLmetadata/Antigorite+.33DryGrass_AMX25_ASDFRa_AREF.html","https://crustal.usgs.gov/speclab/data/ZIPrecords/ZIPdata_splib07a/ChapterV_Vegetation/splib07a_Antigorite+.33DryGrass_AMX25_ASDFRa_AREF.zip"]
["Grass_AETR95_CA01-AETR-1_NPV_ASDFRa","https://crustal.usgs.gov/speclab/data/HTMLmetadata/Grass_AETR95_CA01-AETR-1_NPV_ASDFRa_AREF.html","https://crustal.usgs.gov/speclab/data/ZIPrecords/ZIPdata_splib07a/ChapterV_Vegetation/splib07a_Grass_AETR95_CA01-AETR-1_NPV_ASDFRa_AREF.zip"]
["Manzanita_CA01-ARVI-3_bush_3_ASDFRa","https://crustal.usgs.gov/speclab/data/HTMLmetadata/Manzanita_CA01-ARVI-3_bush_3_ASDFRa_AREF.html","https://crustal.usgs.gov/speclab/data/ZIPrecords/ZIPdata_splib07a/ChapterV_Vegetation/splib07a_Manzanita_CA01-ARVI-3_bush_3_ASDFRa_AREF.zip"]
["Marsh_SPAL60percent...a_CRMS322v55_ASDFRa","https://crustal.usgs.gov/speclab/data/HTMLmetadata/Marsh_SPAL60percent...a_CRMS322v55_ASDFRa_AREF.html","https://crustal.usgs.gov/speclab/data/ZIPrecords/ZIPdata_splib07a/ChapterV_Vegetation/splib07a_Marsh_SPAL60percent...a_CRMS322v55_ASDFRa_AREF.zip"]
["Rangeland_C03-052_S22percent_G24percent_ASDFRa","https://crustal.usgs.gov/speclab/data/HTMLmetadata/Rangeland_C03-052_S22percent_G24percent_ASDFRa_AREF.html","https://crustal.usgs.gov/speclab/data/ZIPrecords/ZIPdata_splib07a/ChapterV_Vegetation/splib07a_Rangeland_C03-052_S22percent_G24percent_ASDFRa_AREF.zip"]
["Rangeland_L02-042_S01percent_G57percent_ASDFRa","https://crustal.usgs.gov/speclab/data/HTMLmetadata/Rangeland_L02-042_S01percent_G57percent_ASDFRa_AREF.html","https://crustal.usgs.gov/speclab/data/ZIPrecords/ZIPdata_splib07a/ChapterV_Vegetation/splib07a_Rangeland_L02-042_S01percent_G57percent_ASDFRa_AREF.zip"]
["Flower_Geranium-1_Red-Orange_ASDFRa","https://crustal.usgs.gov/speclab/data/HTMLmetadata/Flower_Geranium-1_Red-Orange_ASDFRa_AREF.html","https://crustal.usgs.gov/speclab/data/ZIPrecords/ZIPdata_splib07a/ChapterV_Vegetation/splib07a_Flower_Geranium-1_Red-Orange_ASDFRa_AREF.zip"]
["Lodgepole-Pine_YNP-LP2-A_AVIRISb_RTGC.html","https://crustal.usgs.gov/speclab/data/HTMLmetadata/Lodgepole-Pine_YNP-LP2-A_AVIRISb_RTGC.html","https://crustal.usgs.gov/speclab/data/ZIPrecords/ZIPdata_splib07a/ChapterV_Vegetation/splib07a_Lodgepole-Pine_YNP-LP2-A_AVIRISb_RTGC.zip"]
["Yerba_Santa_CA01-ERCA-1_bush_ASDFRa","https://crustal.usgs.gov/speclab/data/HTMLmetadata/Yerba_Santa_CA01-ERCA-1_bush_ASDFRa_AREF.html","https://crustal.usgs.gov/speclab/data/ZIPrecords/ZIPdata_splib07a/ChapterV_Vegetation/splib07a_Yerba_Santa_CA01-ERCA-1_bush_ASDFRa_AREF.zip"]
["Rangeland_C03-027_S27percent_G19percent_ASDFRa","https://crustal.usgs.gov/speclab/data/HTMLmetadata/Rangeland_C03-027_S27percent_G19percent_ASDFRa_AREF.html","https://crustal.usgs.gov/speclab/data/ZIPrecords/ZIPdata_splib07a/ChapterV_Vegetation/splib07a_Rangeland_C03-027_S27percent_G19percent_ASDFRa_AREF.zip"]
["Rangeland_L02-005_S14percent_G16percent_ASDFRa","https://crustal.usgs.gov/speclab/data/HTMLmetadata/Rangeland_L02-005_S14percent_G16percent_ASDFRa_AREF.html","https://crustal.usgs.gov/speclab/data/ZIPrecords/ZIPdata_splib07a/ChapterV_Vegetation/splib07a_Rangeland_L02-005_S14percent_G16percent_ASDFRa_AREF.zip"]
["Douglas-Fir_YNP-DF-3_forest_AVIRISb_RTGC.html","https://crustal.usgs.gov/speclab/data/HTMLmetadata/Douglas-Fir_YNP-DF-3_forest_AVIRISb_RTGC.html","https://crustal.usgs.gov/speclab/data/ZIPrecords/ZIPdata_splib07a/ChapterV_Vegetation/splib07a_Douglas-Fir_YNP-DF-3_forest_AVIRISb_RTGC.zip"]
["Lodgepole-Pine_YNP-LP_AVIRISb_RTGC.html","https://crustal.usgs.gov/speclab/data/HTMLmetadata/Lodgepole-Pine_YNP-LP_AVIRISb_RTGC.html","https://crustal.usgs.gov/speclab/data/ZIPrecords/ZIPdata_splib07a/ChapterV_Vegetation/splib07a_Lodgepole-Pine_YNP-LP_AVIRISb_RTGC.zip"]
["Wetland_YNP-WT-1_AVIRISb_RTGC.html","https://crustal.usgs.gov/speclab/data/HTMLmetadata/Wetland_YNP-WT-1_AVIRISb_RTGC.html","https://crustal.usgs.gov/speclab/data/ZIPrecords/ZIPdata_splib07a/ChapterV_Vegetation/splib07a_Wetland_YNP-WT-1_AVIRISb_RTGC.zip"]
["Rangeland_C03-010_S12percent_G15percent_ASDFRa","https://crustal.usgs.gov/speclab/data/HTMLmetadata/Rangeland_C03-010_S12percent_G15percent_ASDFRa_AREF.html","https://crustal.usgs.gov/speclab/data/ZIPrecords/ZIPdata_splib07a/ChapterV_Vegetation/splib07a_Rangeland_C03-010_S12percent_G15percent_ASDFRa_AREF.zip"]
["Rangeland_C04-252_S08percent_G05percent_ASDFRa","https://crustal.usgs.gov/speclab/data/HTMLmetadata/Rangeland_C04-252_S08percent_G05percent_ASDFRa_AREF.html","https://crustal.usgs.gov/speclab/data/ZIPrecords/ZIPdata_splib07a/ChapterV_Vegetation/splib07a_Rangeland_C04-252_S08percent_G05percent_ASDFRa_AREF.zip"]
["Chamise_CA01-ADFA-2_bush_2_ASDFRa","https://crustal.usgs.gov/speclab/data/HTMLmetadata/Chamise_CA01-ADFA-2_bush_2_ASDFRa_AREF.html","https://crustal.usgs.gov/speclab/data/ZIPrecords/ZIPdata_splib07a/ChapterV_Vegetation/splib07a_Chamise_CA01-ADFA-2_bush_2_ASDFRa_AREF.zip"]
["Lichen_Licedea-2_ASDFRb","https://crustal.usgs.gov/speclab/data/HTMLmetadata/Lichen_Licedea-2_ASDFRb_AREF.html","https://crustal.usgs.gov/speclab/data/ZIPrecords/ZIPdata_splib07a/ChapterV_Vegetation/splib07a_Lichen_Licedea-2_ASDFRb_AREF.zip"]
["Sagebrush_YNP-SS-4_AVIRISb_RTGC.html","https://crustal.usgs.gov/speclab/data/HTMLmetadata/Sagebrush_YNP-SS-4_AVIRISb_RTGC.html","https://crustal.usgs.gov/speclab/data/ZIPrecords/ZIPdata_splib07a/ChapterV_Vegetation/splib07a_Sagebrush_YNP-SS-4_AVIRISb_RTGC.zip"]
["Marsh_wrack_DWV3-0511_dryNPV_ASDFRa","https://crustal.usgs.gov/speclab/data/HTMLmetadata/Marsh_wrack_DWV3-0511_dryNPV_ASDFRa_AREF.html","https://crustal.usgs.gov/speclab/data/ZIPrecords/ZIPdata_splib07a/ChapterV_Vegetation/splib07a_Marsh_wrack_DWV3-0511_dryNPV_ASDFRa_AREF.zip"]
["Rangeland_C04-226_S05percent_G25percent_ASDFRa","https://crustal.usgs.gov/speclab/data/HTMLmetadata/Rangeland_C04-226_S05percent_G25percent_ASDFRa_AREF.html","https://crustal.usgs.gov/speclab/data/ZIPrecords/ZIPdata_splib07a/ChapterV_Vegetation/splib07a_Rangeland_C04-226_S05percent_G25percent_ASDFRa_AREF.zip"]
["LawnGrass_GDS91b_-shiftd_3nm_BECKa","https://crustal.usgs.gov/speclab/data/HTMLmetadata/LawnGrass_GDS91b_-shiftd_3nm_BECKa_AREF.html","https://crustal.usgs.gov/speclab/data/ZIPrecords/ZIPdata_splib07a/ChapterV_Vegetation/splib07a_LawnGrass_GDS91b_-shiftd_3nm_BECKa_AREF.zip"]
["Gray-Pine_CA01-PISA-3_needls_ASDFRa","https://crustal.usgs.gov/speclab/data/HTMLmetadata/Gray-Pine_CA01-PISA-3_needls_ASDFRa_AREF.html","https://crustal.usgs.gov/speclab/data/ZIPrecords/ZIPdata_splib07a/ChapterV_Vegetation/splib07a_Gray-Pine_CA01-PISA-3_needls_ASDFRa_AREF.zip"]
["P.australis_CRMS-0153_dryNPV_ASDFRa","https://crustal.usgs.gov/speclab/data/HTMLmetadata/P.australis_CRMS-0153_dryNPV_ASDFRa_AREF.html","https://crustal.usgs.gov/speclab/data/ZIPrecords/ZIPdata_splib07a/ChapterV_Vegetation/splib07a_P.australis_CRMS-0153_dryNPV_ASDFRa_AREF.zip"]
["Marsh_SCAM42percent...._CRMS326v50_ASDFRa","https://crustal.usgs.gov/speclab/data/HTMLmetadata/Marsh_SCAM42percent...._CRMS326v50_ASDFRa_AREF.html","https://crustal.usgs.gov/speclab/data/ZIPrecords/ZIPdata_splib07a/ChapterV_Vegetation/splib07a_Marsh_SCAM42percent...._CRMS326v50_ASDFRa_AREF.zip"]
["Rangeland_C03-086_S29percent_G13percent_ASDFRa","https://crustal.usgs.gov/speclab/data/HTMLmetadata/Rangeland_C03-086_S29percent_G13percent_ASDFRa_AREF.html","https://crustal.usgs.gov/speclab/data/ZIPrecords/ZIPdata_splib07a/ChapterV_Vegetation/splib07a_Rangeland_C03-086_S29percent_G13percent_ASDFRa_AREF.zip"]
["Rangeland_L02-077_S00percent_G28percent_ASDFRa","https://crustal.usgs.gov/speclab/data/HTMLmetadata/Rangeland_L02-077_S00percent_G28percent_ASDFRa_AREF.html","https://crustal.usgs.gov/speclab/data/ZIPrecords/ZIPdata_splib07a/ChapterV_Vegetation/splib07a_Rangeland_L02-077_S00percent_G28percent_ASDFRa_AREF.zip"]
["Manzanita_CA01-ARVI-7_leaves_ASDFRa","https://crustal.usgs.gov/speclab/data/HTMLmetadata/Manzanita_CA01-ARVI-7_leaves_ASDFRa_AREF.html","https://crustal.usgs.gov/speclab/data/ZIPrecords/ZIPdata_splib07a/ChapterV_Vegetation/splib07a_Manzanita_CA01-ARVI-7_leaves_ASDFRa_AREF.zip"]
["Marsh_SPAL77percent..._CRMS322v83_ASDFRa","https://crustal.usgs.gov/speclab/data/HTMLmetadata/Marsh_SPAL77percent..._CRMS322v83_ASDFRa_AREF.html","https://crustal.usgs.gov/speclab/data/ZIPrecords/ZIPdata_splib07a/ChapterV_Vegetation/splib07a_Marsh_SPAL77percent..._CRMS322v83_ASDFRa_AREF.zip"]
["Rangeland_C03-073_S30percent_G24percent_ASDFRa","https://crustal.usgs.gov/speclab/data/HTMLmetadata/Rangeland_C03-073_S30percent_G24percent_ASDFRa_AREF.html","https://crustal.usgs.gov/speclab/data/ZIPrecords/ZIPdata_splib07a/ChapterV_Vegetation/splib07a_Rangeland_C03-073_S30percent_G24percent_ASDFRa_AREF.zip"]
["Rangeland_L02-054_S00percent_G21percent_ASDFRa","https://crustal.usgs.gov/speclab/data/HTMLmetadata/Rangeland_L02-054_S00percent_G21percent_ASDFRa_AREF.html","https://crustal.usgs.gov/speclab/data/ZIPrecords/ZIPdata_splib07a/ChapterV_Vegetation/splib07a_Rangeland_L02-054_S00percent_G21percent_ASDFRa_AREF.zip"]
["Blue_Spruce_DW92-5_needles_BECKa","https://crustal.usgs.gov/speclab/data/HTMLmetadata/Blue_Spruce_DW92-5_needles_BECKa_AREF.html","https://crustal.usgs.gov/speclab/data/ZIPrecords/ZIPdata_splib07a/ChapterV_Vegetation/splib07a_Blue_Spruce_DW92-5_needles_BECKa_AREF.zip"]
["LeafySpurge_Spurge-B1-Jul98_ASDFRa","https://crustal.usgs.gov/speclab/data/HTMLmetadata/LeafySpurge_Spurge-B1-Jul98_ASDFRa_AREF.html","https://crustal.usgs.gov/speclab/data/ZIPrecords/ZIPdata_splib07a/ChapterV_Vegetation/splib07a_LeafySpurge_Spurge-B1-Jul98_ASDFRa_AREF.zip"]
["S.americanus_CRMS326v06_gr.a_ASDFRa","https://crustal.usgs.gov/speclab/data/HTMLmetadata/S.americanus_CRMS326v06_gr.a_ASDFRa_AREF.html","https://crustal.usgs.gov/speclab/data/ZIPrecords/ZIPdata_splib07a/ChapterV_Vegetation/splib07a_S.americanus_CRMS326v06_gr.a_ASDFRa_AREF.zip"]
["Marsh_SCAM66percent..._CRMS121v38_ASDFRa","https://crustal.usgs.gov/speclab/data/HTMLmetadata/Marsh_SCAM66percent..._CRMS121v38_ASDFRa_AREF.html","https://crustal.usgs.gov/speclab/data/ZIPrecords/ZIPdata_splib07a/ChapterV_Vegetation/splib07a_Marsh_SCAM66percent..._CRMS121v38_ASDFRa_AREF.zip"]
["Rangeland_C04-200_S03percent_G17percent_ASDFRa","https://crustal.usgs.gov/speclab/data/HTMLmetadata/Rangeland_C04-200_S03percent_G17percent_ASDFRa_AREF.html","https://crustal.usgs.gov/speclab/data/ZIPrecords/ZIPdata_splib07a/ChapterV_Vegetation/splib07a_Rangeland_C04-200_S03percent_G17percent_ASDFRa_AREF.zip"]
["Grass_dry.7+.3green_AMX30_BECKa","https://crustal.usgs.gov/speclab/data/HTMLmetadata/Grass_dry.7+.3green_AMX30_BECKa_AREF.html","https://crustal.usgs.gov/speclab/data/ZIPrecords/ZIPdata_splib07a/ChapterV_Vegetation/splib07a_Grass_dry.7+.3green_AMX30_BECKa_AREF.zip"]
["Grass-FescueNeedlg_YNP-FN-1_AVIRISb_RTGC.html","https://crustal.usgs.gov/speclab/data/HTMLmetadata/Grass-FescueNeedlg_YNP-FN-1_AVIRISb_RTGC.html","https://crustal.usgs.gov/speclab/data/ZIPrecords/ZIPdata_splib07a/ChapterV_Vegetation/splib07a_Grass-FescueNeedlg_YNP-FN-1_AVIRISb_RTGC.zip"]
